"","X","p_val.x","avg_log2FC.x","pct.1.x","pct.2.x","p_val_adj.x","p_val.y","avg_log2FC.y","pct.1.y","pct.2.y","p_val_adj.y"
"1","Actb",1.79270011765763e-12,0.407044793229613,0.676,0.536,6.25060750023686e-08,1.50293060560852e-11,-0.408058466252926,0.565,0.676,5.24026814257523e-07
"2","Aldoa",8.12481105426111e-20,0.647705936303018,0.573,0.381,2.83287787028922e-15,5.75403777469806e-18,-0.598524024087551,0.384,0.573,2.00626035090397e-13
"3","Ank3",1.26961250151245e-14,-0.413750654604426,0.705,0.815,4.42675790902347e-10,1.97652109962689e-14,0.433986061199331,0.827,0.705,6.89153611806907e-10
"4","Ano4",2.83212678587292e-13,-0.379440171812593,0.721,0.797,9.87477646430312e-09,8.1739115757431e-16,0.424093413008088,0.819,0.721,2.84999774911434e-11
"5","Arl6ip1",6.84414160602292e-08,0.389326561948995,0.392,0.281,0.00238634685377201,3.13474447629285e-09,-0.417636395702393,0.268,0.392,0.000109299135654903
"6","Arpc3",1.04740524241043e-11,0.530875821959677,0.197,0.093,3.65198785871245e-07,4.80121439090029e-07,-0.39139146806391,0.116,0.197,0.016740394216752
"7","Arpp19",2.78061452657748e-10,0.438409317042716,0.259,0.144,9.69516866981771e-06,1.08725830536735e-08,-0.480046711421956,0.157,0.259,0.000379094353332434
"8","Aspa",9.6546462932138e-10,-0.350018035753618,0.699,0.776,3.36628552305485e-05,8.81966000275843e-15,0.446389578322335,0.788,0.699,3.07515085316178e-10
"9","Atp5g1",3.19801105035857e-13,0.580540649418086,0.312,0.175,1.11505051292852e-08,5.34832749725349e-08,-0.399677475618173,0.205,0.312,0.00186480134846737
"10","Atp5j",1.10032388439131e-10,0.557311330894275,0.279,0.166,3.83649928770719e-06,5.0567783753234e-07,-0.457909901499431,0.189,0.279,0.0176314691612401
"11","Atp6v0c",1.81658637856269e-20,0.589654938184319,0.745,0.58,6.33389172613455e-16,1.72091332346392e-09,-0.357714336155389,0.638,0.745,6.00030848492166e-05
"12","Atp6v1d",1.32044482459806e-12,0.610005094492956,0.29,0.163,4.60399496992607e-08,4.3234294574992e-10,-0.618229013981194,0.181,0.29,1.50745014894625e-05
"13","Atp6v1e1",1.12299316856932e-11,0.491075118852523,0.321,0.188,3.91554028085066e-07,1.13960683190385e-07,-0.440564406168808,0.219,0.321,0.00397346714079915
"14","Auts2",1.33710464410165e-19,-0.663444624625967,0.446,0.612,4.66208276258922e-15,4.34618025025341e-20,0.654134597587744,0.619,0.446,1.51538266785586e-15
"15","Baiap2",9.72852966304982e-09,0.458821467931046,0.105,0.042,0.000339204643761558,1.01122526952242e-06,-0.392309369392326,0.049,0.105,0.0352583914724383
"16","Basp1",2.70306941782994e-20,0.687167801350498,0.51,0.315,9.42479213914767e-16,1.88411160010381e-12,-0.54743763675335,0.368,0.51,6.56933191608195e-08
"17","Bbln",3.45008767783543e-11,0.577718289380843,0.251,0.138,1.20294207063088e-06,1.7372050872985e-08,-0.467002630358567,0.152,0.251,0.000605711297788369
"18","C030029H02Rik",5.44954239163138e-11,-0.481880466362868,0.485,0.599,1.90009194569011e-06,1.37460688231799e-07,0.3989960591035,0.586,0.485,0.00479284181657813
"19","C1qtnf4",2.70724655871463e-08,0.512669053191448,0.27,0.173,0.00094393565762703,8.7163135440925e-08,-0.524166319910133,0.176,0.27,0.00303911704341873
"20","Calm1",8.21401340856285e-39,0.636931473534663,0.91,0.771,2.86398005516361e-34,1.212842128372e-32,-0.587421475191198,0.799,0.91,4.22881664899466e-28
"21","Calm2",2.08202189427589e-52,0.866598054926787,0.828,0.586,7.25938573877175e-48,3.82697930260061e-36,-0.70259958579802,0.661,0.828,1.33435287343775e-31
"22","Camk2n1",1.25494236288353e-09,0.425646880025301,0.435,0.309,4.375607536666e-05,1.11920383267708e-07,-0.379762735962819,0.321,0.435,0.00390232800339519
"23","Cfl1",3.61539410355104e-08,0.437372610886851,0.298,0.193,0.00126057946208514,3.07661111835939e-07,-0.460757545012365,0.202,0.298,0.0107272199863837
"24","Chchd2",2.77305816983676e-15,0.635401654676047,0.414,0.255,9.66882192076983e-11,7.64341586585253e-09,-0.476882951095506,0.304,0.414,0.00026650298099468
"25","Cmss1",3.33430458229612e-07,-0.330756038947407,0.509,0.6,0.0116257197870919,1.87895966290773e-08,-0.430562260680938,0.4,0.509,0.000655136865666037
"26","Cox4i1",9.05914012288223e-19,0.627582930606139,0.601,0.424,3.15865038664535e-14,2.16070061186227e-09,-0.429469654528117,0.484,0.601,7.53371482338019e-05
"27","Cox5a",2.53839684832795e-13,0.600901869183255,0.351,0.209,8.85062829106508e-09,1.28393147604117e-06,-0.387368434387923,0.255,0.351,0.0447668387751275
"28","Cox8a",1.99159053363371e-14,0.536987105641103,0.501,0.342,6.94407871362067e-10,1.51937582094539e-08,-0.390045202178264,0.386,0.501,0.000529760767489028
"29","Cryab",2.66880898932317e-23,0.85073274021847,0.495,0.3,9.3053363030731e-19,2.16269712849665e-23,-0.905211912123831,0.302,0.495,7.54067607792926e-19
"30","Ctnna3",1.22365453517991e-11,-0.48031113015731,0.53,0.643,4.26651626781179e-07,2.69071491868611e-07,0.406610202165517,0.615,0.53,0.00938171570698285
"31","Ddx5",1.26427823279048e-15,0.504311773154122,0.66,0.515,4.40815891427056e-11,8.32511875896015e-12,-0.444035267283204,0.548,0.66,2.90271915768664e-07
"32","Dlg1",1.95512756646668e-08,-0.470978674686998,0.429,0.516,0.000681694328599936,3.55161463432403e-07,0.411693985600389,0.519,0.429,0.0123834147454976
"33","Dnaja1",7.55927519550074e-11,0.594218247120204,0.286,0.17,2.63569248241524e-06,6.26940696911315e-13,-0.676521594684286,0.157,0.286,2.18595412792068e-08
"34","Dock10",6.2572589035804e-07,-0.223971799067338,0.836,0.894,0.0218171846191138,1.64339907643667e-15,0.351222304092691,0.908,0.836,5.73003955981173e-11
"35","Dtna",5.13407282870742e-12,-0.621788556136174,0.27,0.397,1.79009717318542e-07,1.49420731420285e-08,0.46772013315423,0.387,0.27,0.000520985264243108
"36","Dynll1",1.96536293799445e-23,0.759711315730684,0.446,0.242,6.85263095590526e-19,4.52214434253653e-15,-0.601007204997188,0.284,0.446,1.57673606791221e-10
"37","Egr1",4.91009553988633e-25,0.87375288971459,0.154,0.031,1.71200301189217e-20,1.86192739809033e-25,-0.921429390026379,0.028,0.154,6.49198225892157e-21
"38","ENSMUSG00000120522",5.01710022825609e-32,-0.906714806239205,0.329,0.559,1.74931233658605e-27,1.46001453019871e-20,0.678180882326216,0.52,0.329,5.09063266244385e-16
"39","Fnbp1",1.20647330173018e-17,-0.42482742589664,0.745,0.822,4.20661046114262e-13,4.00348330932329e-08,0.294758599152873,0.792,0.745,0.00139589452546175
"40","Fth1",6.82684950966311e-38,0.759220598493033,0.902,0.785,2.38031761853424e-33,1.6150745855683e-20,-0.543196592276283,0.812,0.902,5.63128055750099e-16
"41","Gabarapl1",4.24380339600351e-08,0.399881692746139,0.213,0.123,0.00147968693008454,1.18732505737847e-10,-0.552102359864286,0.11,0.213,4.13984627756151e-06
"42","Gap43",2.53802445503917e-09,0.469569843241434,0.251,0.147,8.84932986738506e-05,2.81169230059306e-08,-0.476170160235657,0.154,0.251,0.000980352754447782
"43","Gapdh",6.26940025042419e-34,0.79829857847906,0.705,0.467,2.1859517853154e-29,5.32309813146175e-17,-0.532008221744971,0.548,0.705,1.85600462549677e-12
"44","Hsp90aa1",1.28994580397373e-23,0.664717952351431,0.663,0.471,4.49765403471522e-19,1.10240598275256e-28,-0.762647694783235,0.459,0.663,3.84375894006336e-24
"45","Hsp90ab1",3.675282749685e-45,0.830333557706023,0.812,0.61,1.28146083633267e-40,8.84131674207108e-45,-0.843334782663003,0.629,0.812,3.08270190845792e-40
"46","Hspa5",1.01695860892737e-22,0.81968247068362,0.331,0.152,3.54582958174705e-18,4.88520542445354e-20,-0.824477946383132,0.164,0.331,1.70332457534422e-15
"47","Hspa8",1.48643648588582e-16,0.589683274739427,0.614,0.451,5.18275809533809e-12,1.93474287813488e-18,-0.641667164215248,0.458,0.614,6.74586799319289e-14
"48","Hsph1",6.74298768973059e-12,0.531522534396792,0.188,0.086,2.35107751777837e-07,1.40539073228323e-11,-0.598833128543998,0.087,0.188,4.90017586625194e-07
"49","Ier5",6.14985724447952e-11,0.505564235189284,0.097,0.03,2.14427072543267e-06,3.11442487538355e-08,-0.437142878859303,0.037,0.097,0.00108590652129998
"50","Kirrel3",1.18958783169088e-19,-0.937449816344614,0.326,0.498,4.14773589275657e-15,6.61226774697049e-15,0.837595553179121,0.471,0.326,2.3054993953362e-10
"51","Limch1",1.09480504402426e-10,-0.450325423825414,0.435,0.542,3.81725674699938e-06,1.27259999841062e-07,0.387441087652773,0.53,0.435,0.00443717441445831
"52","Lmo4",1.14330546199263e-07,0.419753770002887,0.281,0.18,0.00398636315432972,5.88567099587664e-08,-0.471876741984672,0.181,0.281,0.00205215690613231
"53","Lrp1b",5.35502971722136e-14,-0.30156852046416,0.928,0.947,1.86713821150357e-09,3.43588317257213e-23,0.409797754164527,0.962,0.928,1.19798938578073e-18
"54","Luc7l2",9.47000264829413e-10,-0.415027473283649,0.495,0.603,3.30190582338071e-05,3.09635207923955e-11,0.436824038857259,0.624,0.495,1.07960507946845e-06
"55","Magi2",6.60826161822362e-14,-0.248764152472993,0.97,0.981,2.30410257842603e-09,1.49038407927437e-23,0.373122323253334,0.984,0.97,5.19652216920596e-19
"56","Malat1",2.32909224822712e-21,-0.178499641043251,1,1,8.12084594189349e-17,7.79288845060527e-16,0.176936084847766,1,1,2.71714641607254e-11
"57","Marchf1",3.53100392561832e-23,-0.842371687423761,0.372,0.56,1.23115513874534e-18,2.80233251079859e-16,0.73784884063406,0.528,0.372,9.77089276540146e-12
"58","Mbp",3.86694324379709e-21,-0.305428421736288,0.959,0.977,1.34828710081473e-16,2.40838687411841e-16,0.271017044116135,0.975,0.959,8.39732251398867e-12
"59","Mdh1",1.251351664592e-15,0.597811081740663,0.45,0.28,4.36308784893293e-11,5.56839148606833e-08,-0.395186741833265,0.34,0.45,0.00194153105944745
"60","Mog",3.22595045692257e-09,-0.354563647354318,0.594,0.695,0.000112479214581519,2.42113544501012e-11,0.40317260571118,0.717,0.594,8.4417729561168e-07
"61","mt-Co1",1.28235352755822e-06,0.480642253044992,0.262,0.176,0.0447118204453724,1.32428591432846e-08,-0.601451583400473,0.166,0.262,0.000461738769748904
"62","mt-Nd4",3.54181796483071e-07,0.456990870298737,0.455,0.354,0.0123492566979752,1.31338297030688e-06,-0.46456795494778,0.369,0.455,0.0457937240256899
"63","Myl6",2.51634869962381e-07,0.441048738086989,0.287,0.194,0.00877375301097834,9.1016094584259e-08,-0.469036031375452,0.192,0.287,0.00317345816986936
"64","Naaladl2",2.95615922764238e-08,-0.505167656229425,0.364,0.454,0.00103072403790207,3.53417731680987e-08,0.52127697916737,0.458,0.364,0.0012322616050521
"65","Naca",4.9352462974883e-10,0.534736506271982,0.267,0.154,1.72077232654525e-05,6.72834136649226e-07,-0.452265683144738,0.177,0.267,0.0234597078425486
"66","Ndufb7",1.29948988422425e-09,0.472410197166689,0.166,0.08,4.5309313793247e-05,1.54689290687731e-07,-0.444891693332376,0.089,0.166,0.0053935514984091
"67","Nme1",1.30666302200382e-07,0.401926376089421,0.248,0.153,0.00455594195882072,1.28949145318263e-06,-0.446437875890984,0.163,0.248,0.0449606984981186
"68","Npas3",1.57472225525892e-10,-0.552404414130002,0.388,0.499,5.49058408741126e-06,2.06511525439182e-11,0.556772977183252,0.521,0.388,7.20043735748795e-07
"69","Nrgn",1.20336753575953e-36,0.756714803961905,0.818,0.612,4.19578158693276e-32,1.73134181244688e-29,-0.693735592527608,0.653,0.818,6.03666949745854e-25
"70","Olfm1",1.16383054770499e-16,0.56704458413099,0.596,0.429,4.05792797068299e-12,1.52046423365893e-13,-0.522055403611906,0.457,0.596,5.30140264349861e-09
"71","Opalin",1.93905516008991e-13,-0.569372519572494,0.263,0.408,6.76090362668549e-09,2.96114702705281e-13,0.550856709574606,0.415,0.263,1.0324631339225e-08
"72","P4ha1",8.95929314874445e-16,0.65769352034656,0.2,0.081,3.12383674217273e-11,1.83672162878707e-10,-0.558385089256743,0.101,0.2,6.40409730309189e-06
"73","Pcdh15",1.07647090864107e-09,-0.596896872856113,0.168,0.274,3.75333111715883e-05,6.38043969278411e-08,0.587758043228566,0.263,0.168,0.00222466790768304
"74","Pcp4",4.00891301222389e-12,0.581017727749958,0.406,0.263,1.3977876999721e-07,5.71183832909786e-08,-0.423031519347281,0.289,0.406,0.00199154667020655
"75","Pgam1",7.40667960171104e-10,0.51144973168255,0.266,0.157,2.58248697672859e-05,1.1836600333818e-06,-0.430805108306748,0.18,0.266,0.0412706743839233
"76","Plcl1",1.977360484794e-08,-0.247551333210628,0.888,0.926,0.000689446280233124,1.99486016290686e-13,0.326293922928421,0.936,0.888,6.95547893000733e-09
"77","Ppia",1.55342604641514e-28,0.695215867183329,0.721,0.506,5.41633059603566e-24,6.67643288032149e-16,-0.510449546915148,0.572,0.721,2.32787185238169e-11
"78","Prickle2",3.72734049104265e-12,-0.425376539146885,0.608,0.721,1.29961180901184e-07,1.26921270859285e-10,0.42461310167168,0.723,0.608,4.4253639510507e-06
"79","Ptges3",2.59672993935275e-07,0.385060971535176,0.16,0.086,0.00905401827954124,6.88657675592353e-07,-0.401279377455555,0.088,0.16,0.0240114271748786
"80","Pvt1",2.9044997422029e-08,-0.552492405771497,0.106,0.191,0.00101271192511388,8.23476834668836e-07,0.478089372723072,0.183,0.106,0.0287121667943983
"81","Rab3a",1.04440763863613e-11,0.571009970035345,0.326,0.198,3.64153611363259e-07,3.3016161923257e-07,-0.427428534890757,0.227,0.326,0.011511745177782
"82","Rpl38",5.12946999848186e-13,0.561203793184118,0.305,0.171,1.78849230437067e-08,5.38408951835307e-08,-0.438671108109915,0.202,0.305,0.00187727049236416
"83","Rps8",5.37247450976115e-17,0.585635111684481,0.458,0.279,1.87322068731842e-12,1.56262972303325e-07,-0.344238683435404,0.342,0.458,0.00544842105530003
"84","Rtn1",1.67929010160273e-21,0.5567739452775,0.765,0.623,5.85518079725825e-17,9.34088297870061e-19,-0.501444014592026,0.607,0.765,3.25688566818354e-14
"85","Slc13a1",7.29219612959282e-07,0.390298490822782,0.242,0.155,0.0254257002450513,6.40500944970365e-09,-0.542994257234009,0.143,0.242,0.000223323464482817
"86","Slc24a2",3.36719346525642e-14,-0.282186007746343,0.95,0.969,1.17403934553095e-09,1.60641777993049e-14,0.299793930226365,0.968,0.95,5.60109687328362e-10
"87","Slc25a3",7.41346075250535e-11,0.464461245494211,0.364,0.229,2.58485136057604e-06,2.73911375155469e-07,-0.399419495601739,0.259,0.364,0.00955046791754572
"88","Smad7",2.61664471450996e-12,-0.686327464821454,0.212,0.334,9.12345512608188e-08,1.1579470276119e-06,0.456944322765882,0.297,0.212,0.0403741390117441
"89","Snap25",1.50257638760066e-07,0.376073642186469,0.576,0.466,0.00523903309064723,3.28349693839843e-10,-0.454478185095017,0.445,0.576,1.14485687751138e-05
"90","St13",5.16350025338479e-09,0.478557125264818,0.204,0.112,0.000180035763334767,2.58101134356305e-09,-0.549043946184914,0.112,0.204,8.99921225160128e-05
"91","St18",4.64265073882851e-10,-0.26126505595973,0.886,0.93,1.61875303310734e-05,5.5738364873134e-23,0.414658009478805,0.944,0.886,1.94342956803156e-18
"92","St6galnac3",1.54213692371307e-21,-0.572443392393981,0.604,0.752,5.37696881191036e-17,1.56532492757635e-18,0.532615030097343,0.755,0.604,5.45781842498046e-14
"93","Stmn1",2.18180296608862e-22,0.59824901549892,0.703,0.525,7.60729240186119e-18,7.57004120883164e-19,-0.552921967743291,0.567,0.703,2.63944626828333e-14
"94","Stmn2",2.68581951889825e-07,0.458035947787737,0.415,0.315,0.00936464691654252,1.26312912090309e-08,-0.528603707618876,0.308,0.415,0.00044041523058528
"95","Syn2",1.7652369190835e-11,0.540552057942887,0.241,0.127,6.15485156576845e-07,2.71414376701285e-10,-0.537404925997297,0.135,0.241,9.46340507244369e-06
"96","Syt4",5.54593269827605e-09,0.515947789038501,0.182,0.096,0.000193370035390791,2.64580339977309e-07,-0.4811827968655,0.105,0.182,0.00922512271398882
"97","Sytl2",1.00168331572894e-21,-0.758198469640418,0.341,0.52,3.49256921695208e-17,3.03467627456062e-14,0.663925552424823,0.485,0.341,1.05810057665105e-09
"98","Tenm2",1.29799523028672e-11,-0.690013235561928,0.183,0.305,4.52571996944071e-07,3.3489932647049e-09,0.71021724517472,0.288,0.183,0.000116769348160466
"99","Tmeff2",2.97001451474497e-08,-0.202498677393794,0.957,0.967,0.00103555496085613,1.8252221336533e-26,0.426063200111617,0.977,0.957,6.36400201340898e-22
"100","Tmem267",2.22135171687839e-43,1.2704256002015,0.142,0.002,7.74518703123988e-39,3.60750357720604e-36,-1.22528206233574,0.007,0.142,1.25782827226443e-31
"101","Tmsb4x",1.84999218502084e-28,0.746095594918763,0.678,0.464,6.45036775151216e-24,3.17234561435781e-13,-0.481660427504504,0.556,0.678,1.10610174535814e-08
"102","Tpt1",6.12158678360119e-16,0.623750213445042,0.438,0.282,2.13441366383823e-11,1.33403759541459e-08,-0.454089007007528,0.329,0.438,0.000465138888393206
"103","Tspyl4",4.93588434004054e-10,0.527472616284422,0.276,0.166,1.72099479284193e-05,1.89162851114718e-08,-0.515866601422157,0.179,0.276,0.000659554112981686
"104","Ttc9b",7.3606566890191e-10,0.523548307167175,0.212,0.116,2.56644016776029e-05,2.38243984176127e-07,-0.444429366386104,0.128,0.212,0.00830685299626903
"105","Tuba1a",6.4332279807588e-12,0.459147153164303,0.558,0.409,2.24307360005117e-07,2.34688596277569e-07,-0.357479419560904,0.455,0.558,0.00818288728641
"106","Tuba1b",5.21723548352431e-11,0.542979486894735,0.256,0.144,1.81909349604042e-06,5.51164923213531e-08,-0.478626180808591,0.161,0.256,0.00192174673776862
"107","Tubb5",6.1895369433352e-11,0.564528569118379,0.235,0.128,2.15810584603268e-06,1.16643401654401e-07,-0.494171932577948,0.147,0.235,0.00406700548548402
"108","Ubb",1.20315045252149e-19,0.640635600031668,0.571,0.382,4.19502468280669e-15,6.57741909295666e-12,-0.508939275301423,0.438,0.571,2.2933487151412e-07
"109","Ubc",5.41201573790069e-08,0.427812847126187,0.328,0.223,0.00188700752733384,1.64957040132928e-08,-0.454396351507392,0.22,0.328,0.000575155711831479
"110","Uchl1",4.14575829670793e-09,0.513387518850196,0.317,0.209,0.000144550154531315,3.35129895701027e-09,-0.538081137209395,0.209,0.317,0.000116849740734077
"111","Vsnl1",9.75377404809116e-13,0.627936583382787,0.33,0.196,3.40084839734794e-08,9.49287772694256e-10,-0.55643751977722,0.215,0.33,3.30988167705306e-05
"112","Xkr4",9.54446005447124e-14,-0.636605206262742,0.242,0.386,3.32786688719249e-09,1.71278038254172e-09,0.494110154001756,0.365,0.242,5.97195135980822e-05
"113","Ypel3",3.44472997592316e-08,0.446339711762864,0.266,0.166,0.00120107400070513,6.80444429011757e-07,-0.423906230467422,0.178,0.266,0.0237250559063529
"114","Ywhab",4.17015403776031e-13,0.561339392887121,0.315,0.179,1.45400760834589e-08,1.05946748467029e-08,-0.490575865223126,0.208,0.315,0.000369404527879989
"115","Ywhah",3.04440505400877e-13,0.564871557913372,0.408,0.262,1.06149271018124e-08,5.10953152637137e-09,-0.481567622607417,0.29,0.408,0.000178154035729991
"116","Zfp536",1.31011992742132e-06,-0.233235305983416,0.709,0.764,0.0456799515093992,3.13020485886162e-07,0.268700007842696,0.787,0.709,0.0109140852813928
"117","Zwint",3.30299974319662e-10,0.44956506837767,0.317,0.195,1.15165692046036e-05,3.19125579883049e-07,-0.401806959963141,0.221,0.317,0.0111269515937823
