"","Package","Version"
"abind","abind","1.4-5"
"ade4","ade4","1.7-22"
"airway","airway","1.18.0"
"akima","akima","0.6-3.4"
"ALL","ALL","1.40.0"
"amap","amap","0.8-19"
"annotate","annotate","1.76.0"
"AnnotationDbi","AnnotationDbi","1.60.2"
"AnnotationFilter","AnnotationFilter","1.22.0"
"AnnotationForge","AnnotationForge","1.40.2"
"anytime","anytime","0.3.9"
"ape","ape","5.7-1"
"apeglm","apeglm","1.20.0"
"aplot","aplot","0.2.1"
"arrow","arrow","13.0.0.1"
"askpass","askpass","1.2.0"
"assertthat","assertthat","0.2.1"
"AUCell","AUCell","1.20.2"
"babelgene","babelgene","22.9"
"babelwhale","babelwhale","1.2.0"
"backports","backports","1.4.1"
"base64enc","base64enc","0.1-3"
"bbmle","bbmle","1.0.25"
"bdsmatrix","bdsmatrix","1.3-6"
"beachmat","beachmat","2.14.2"
"beeswarm","beeswarm","0.4.0"
"BH","BH","1.84.0-0"
"Biobase","Biobase","2.58.0"
"BiocFileCache","BiocFileCache","2.6.1"
"BiocGenerics","BiocGenerics","0.44.0"
"BiocIO","BiocIO","1.8.0"
"BiocManager","BiocManager","1.30.22"
"BiocNeighbors","BiocNeighbors","1.16.0"
"BiocParallel","BiocParallel","1.32.6"
"BiocSingular","BiocSingular","1.14.0"
"BiocVersion","BiocVersion","3.16.0"
"biocViews","biocViews","1.66.3"
"biomaRt","biomaRt","2.54.1"
"Biostrings","Biostrings","2.66.0"
"BioVenn","BioVenn","1.1.3"
"bit","bit","4.0.5"
"bit64","bit64","4.0.5"
"bitops","bitops","1.0-7"
"bladderbatch","bladderbatch","1.36.0"
"blob","blob","1.2.4"
"bluster","bluster","1.8.0"
"brew","brew","1.0-8"
"brio","brio","1.1.3"
"broom","broom","1.0.5"
"broom.mixed","broom.mixed","0.2.9.4"
"bslib","bslib","0.6.1"
"BUSseq","BUSseq","1.4.2"
"ca","ca","0.71.1"
"cachem","cachem","1.0.8"
"Cairo","Cairo","1.6-1"
"calibrate","calibrate","1.7.7"
"callr","callr","3.7.3"
"car","car","3.1-2"
"carData","carData","3.0-5"
"caret","caret","6.0-94"
"carrier","carrier","0.1.1"
"CATALYST","CATALYST","1.22.0"
"Category","Category","2.64.0"
"caTools","caTools","1.18.2"
"cellranger","cellranger","1.1.0"
"Cepo","Cepo","1.4.0"
"checkmate","checkmate","2.3.1"
"ChemmineR","ChemmineR","3.50.0"
"chemodiv","chemodiv","0.3.0"
"circlize","circlize","0.4.15"
"CiteFuse","CiteFuse","1.10.0"
"classyfireR","classyfireR","0.3.8"
"cli","cli","3.6.1"
"clipr","clipr","0.8.0"
"clisymbols","clisymbols","1.2.0"
"clock","clock","0.7.0"
"clue","clue","0.3-65"
"clusterGeneration","clusterGeneration","1.3.8"
"clusterProfiler","clusterProfiler","4.6.2"
"clusteval","clusteval","0.2.1"
"coda","coda","0.19-4"
"colorRamps","colorRamps","2.3.1"
"colorspace","colorspace","2.1-0"
"combinat","combinat","0.0-8"
"commonmark","commonmark","1.9.0"
"ComplexHeatmap","ComplexHeatmap","2.14.0"
"conflicted","conflicted","1.2.0"
"ConsensusClusterPlus","ConsensusClusterPlus","1.62.0"
"corpcor","corpcor","1.6.10"
"corrplot","corrplot","0.92"
"cowplot","cowplot","1.1.1"
"cpp11","cpp11","0.4.6"
"crayon","crayon","1.5.2"
"credentials","credentials","2.0.1"
"crosstalk","crosstalk","1.2.1"
"curl","curl","5.0.2"
"cytolib","cytolib","2.10.1"
"data.table","data.table","1.14.10"
"data.tree","data.tree","1.0.0"
"DBI","DBI","1.1.3"
"dbplyr","dbplyr","2.3.4"
"dbscan","dbscan","1.1-11"
"DDRTree","DDRTree","0.1.5"
"DelayedArray","DelayedArray","0.24.0"
"DelayedMatrixStats","DelayedMatrixStats","1.20.0"
"deldir","deldir","1.0-9"
"DElegate","DElegate","1.1.0"
"dendextend","dendextend","1.17.1"
"densEstBayes","densEstBayes","1.0-2.2"
"desc","desc","1.4.3"
"DescTools","DescTools","0.99.50"
"DESeq2","DESeq2","1.38.3"
"deSolve","deSolve","1.38"
"devtools","devtools","2.4.5"
"diagram","diagram","1.6.5"
"diffobj","diffobj","0.3.5"
"digest","digest","0.6.33"
"diptest","diptest","0.76-0"
"DirichletMultinomial","DirichletMultinomial","1.40.0"
"dirmult","dirmult","0.1.3-5"
"distr","distr","2.9.2"
"docopt","docopt","0.7.1"
"doMC","doMC","1.3.5"
"doParallel","doParallel","1.0.17"
"DOSE","DOSE","3.24.2"
"doSNOW","doSNOW","1.0.20"
"dotCall64","dotCall64","1.1-1"
"downlit","downlit","0.4.3"
"downloader","downloader","0.4"
"dplyr","dplyr","1.1.4"
"dqrng","dqrng","0.3.1"
"drc","drc","3.0-1"
"DropletUtils","DropletUtils","1.18.1"
"DT","DT","0.31"
"dtplyr","dtplyr","1.3.1"
"dynamicTreeCut","dynamicTreeCut","1.63-1"
"dyndimred","dyndimred","1.0.4"
"dynfeature","dynfeature","1.0.1"
"dynguidelines","dynguidelines","1.0.1"
"dynmethods","dynmethods","1.0.5.9000"
"dyno","dyno","0.1.2"
"dynparam","dynparam","1.0.2"
"dynplot","dynplot","1.1.2"
"dynutils","dynutils","1.0.11"
"dynwrap","dynwrap","1.2.4"
"e1071","e1071","1.7-13"
"edgeR","edgeR","3.40.2"
"egg","egg","0.4.5"
"ellipse","ellipse","0.5.0"
"ellipsis","ellipsis","0.3.2"
"emdbook","emdbook","1.3.13"
"emmeans","emmeans","1.8.8"
"enrichplot","enrichplot","1.18.4"
"EnsDb.Hsapiens.v79","EnsDb.Hsapiens.v79","2.99.0"
"ensembldb","ensembldb","2.22.0"
"equatiomatic","equatiomatic","0.3.1"
"estimability","estimability","1.4.1"
"eulerr","eulerr","7.0.0"
"evaluate","evaluate","0.23"
"eVenn","eVenn","2.4"
"Exact","Exact","3.2"
"expm","expm","0.999-7"
"factoextra","factoextra","1.0.7"
"FactoMineR","FactoMineR","2.8"
"fansi","fansi","1.0.6"
"farver","farver","2.1.1"
"fastICA","fastICA","1.2-4"
"fastmap","fastmap","1.1.1"
"fastmatch","fastmatch","1.1-4"
"fBasics","fBasics","4022.94"
"FD","FD","1.0-12.1"
"fgsea","fgsea","1.24.0"
"filelock","filelock","1.0.2"
"fitdistrplus","fitdistrplus","1.1-11"
"flashClust","flashClust","1.01-2"
"flowCore","flowCore","2.10.0"
"FlowSOM","FlowSOM","2.6.0"
"fmcsR","fmcsR","1.40.0"
"FNN","FNN","1.1.3.2"
"fontawesome","fontawesome","0.5.2"
"forcats","forcats","1.0.0"
"foreach","foreach","1.5.2"
"formatR","formatR","1.14"
"Formula","Formula","1.2-5"
"fs","fs","1.6.3"
"furrr","furrr","0.3.1"
"futile.logger","futile.logger","1.4.3"
"futile.options","futile.options","1.0.1"
"future","future","1.33.0"
"future.apply","future.apply","1.11.0"
"GA","GA","3.2.4"
"gam","gam","1.22-3"
"gargle","gargle","1.5.2"
"gclus","gclus","1.3.2"
"geiger","geiger","2.0.11"
"genefilter","genefilter","1.80.3"
"geneplotter","geneplotter","1.76.0"
"generics","generics","0.1.3"
"GENIE3","GENIE3","1.20.0"
"GenomeInfoDb","GenomeInfoDb","1.34.9"
"GenomeInfoDbData","GenomeInfoDbData","1.2.9"
"GenomicAlignments","GenomicAlignments","1.34.1"
"GenomicFeatures","GenomicFeatures","1.50.4"
"GenomicRanges","GenomicRanges","1.50.2"
"GenSA","GenSA","1.1.10.1"
"geometry","geometry","0.4.7"
"gert","gert","2.0.0"
"getopt","getopt","1.20.4"
"GetoptLong","GetoptLong","1.0.5"
"ggbeeswarm","ggbeeswarm","0.7.2"
"ggdendro","ggdendro","0.1.23"
"ggforce","ggforce","0.4.1"
"ggfun","ggfun","0.1.3"
"ggnewscale","ggnewscale","0.4.9"
"ggplot2","ggplot2","3.4.4"
"ggplotify","ggplotify","0.1.2"
"ggprism","ggprism","1.0.5"
"ggpubr","ggpubr","0.6.0"
"ggraph","ggraph","2.1.0"
"ggrastr","ggrastr","1.0.2"
"ggrepel","ggrepel","0.9.3"
"ggridges","ggridges","0.5.4"
"ggsci","ggsci","3.0.0"
"ggsignif","ggsignif","0.6.4"
"ggthemes","ggthemes","5.1.0"
"ggtree","ggtree","3.6.2"
"ggvenn","ggvenn","0.1.10"
"gh","gh","1.4.0"
"gitcreds","gitcreds","0.1.2"
"gld","gld","2.6.6"
"glmnet","glmnet","4.1-8"
"GlobalOptions","GlobalOptions","0.1.2"
"globals","globals","0.16.2"
"glue","glue","1.6.2"
"GMD","GMD","0.3.3"
"gmp","gmp","0.7-2"
"gnm","gnm","1.1-5"
"GO.db","GO.db","3.16.0"
"goftest","goftest","1.2-3"
"googledrive","googledrive","2.1.1"
"googlesheets4","googlesheets4","1.1.1"
"GOSemSim","GOSemSim","2.24.0"
"GOstats","GOstats","2.64.0"
"gower","gower","1.0.1"
"gplots","gplots","3.1.3"
"graph","graph","1.76.0"
"graphlayouts","graphlayouts","1.0.1"
"gridBase","gridBase","0.4-7"
"gridExtra","gridExtra","2.3"
"gridGraphics","gridGraphics","0.5-1"
"grr","grr","0.9.5"
"GSEABase","GSEABase","1.60.0"
"gson","gson","0.1.0"
"gss","gss","2.2-7"
"GSVA","GSVA","1.46.0"
"gtable","gtable","0.3.4"
"gtools","gtools","3.9.4"
"GUniFrac","GUniFrac","1.8"
"hardhat","hardhat","1.3.0"
"haven","haven","2.5.3"
"HDF5Array","HDF5Array","1.26.0"
"hdf5r","hdf5r","1.3.8"
"HDO.db","HDO.db","0.99.1"
"heatmaply","heatmaply","1.4.2"
"here","here","1.0.1"
"highr","highr","0.10"
"hillR","hillR","0.5.2"
"Hmisc","Hmisc","5.1-1"
"hms","hms","1.1.3"
"homologene","homologene","1.4.68.19.3.27"
"hopach","hopach","2.58.0"
"HSMMSingleCell","HSMMSingleCell","1.18.0"
"htmlTable","htmlTable","2.4.2"
"htmltools","htmltools","0.5.7"
"htmlwidgets","htmlwidgets","1.6.4"
"httpuv","httpuv","1.6.11"
"httr","httr","1.4.7"
"httr2","httr2","0.2.3"
"ica","ica","1.0-3"
"ids","ids","1.0.1"
"igraph","igraph","1.5.1"
"ini","ini","0.3.1"
"inline","inline","0.3.19"
"interp","interp","1.1-4"
"intervals","intervals","0.15.4"
"ipred","ipred","0.9-14"
"IRanges","IRanges","2.32.0"
"irlba","irlba","2.3.5.1"
"isoband","isoband","0.2.7"
"iterators","iterators","1.0.14"
"janitor","janitor","2.2.0"
"jomo","jomo","2.7-6"
"jpeg","jpeg","0.1-10"
"jquerylib","jquerylib","0.1.4"
"jsonlite","jsonlite","1.8.8"
"KEGGgraph","KEGGgraph","1.58.3"
"KEGGREST","KEGGREST","1.38.0"
"kernlab","kernlab","0.9-32"
"knitr","knitr","1.45"
"labeling","labeling","0.4.3"
"lambda.r","lambda.r","1.2.4"
"later","later","1.3.1"
"latticeExtra","latticeExtra","0.6-30"
"lava","lava","1.7.2.1"
"lazyeval","lazyeval","0.2.2"
"leaps","leaps","3.1"
"leiden","leiden","0.4.3"
"leidenbase","leidenbase","0.1.27"
"lifecycle","lifecycle","1.0.4"
"limma","limma","3.54.2"
"linprog","linprog","0.9-4"
"listenv","listenv","0.9.0"
"lmds","lmds","0.1.0"
"lme4","lme4","1.1-34"
"lmom","lmom","3.0"
"lmtest","lmtest","0.9-40"
"lobstr","lobstr","1.1.2"
"locfit","locfit","1.5-9.8"
"loo","loo","2.6.0"
"loomR","loomR","0.2.1.9000"
"lpSolve","lpSolve","5.6.19"
"lubridate","lubridate","1.9.2"
"M3C","M3C","1.20.0"
"M3Drop","M3Drop","1.24.0"
"magic","magic","1.6-1"
"magick","magick","2.8.0"
"magrittr","magrittr","2.0.3"
"maps","maps","3.4.1"
"markdown","markdown","1.8"
"MAST","MAST","1.24.1"
"Matrix.utils","Matrix.utils","0.9.8"
"matrixcalc","matrixcalc","1.0-6"
"MatrixGenerics","MatrixGenerics","1.10.0"
"MatrixModels","MatrixModels","0.5-2"
"matrixStats","matrixStats","1.1.0"
"mclust","mclust","6.0.0"
"memoise","memoise","2.0.1"
"MetaCycle","MetaCycle","1.2.0"
"metapod","metapod","1.6.0"
"mice","mice","3.16.0"
"mime","mime","0.12"
"miniUI","miniUI","0.1.1.1"
"minpack.lm","minpack.lm","1.2-4"
"minqa","minqa","1.2.6"
"mitml","mitml","0.4-5"
"mixtools","mixtools","2.0.0"
"mnormt","mnormt","2.1.1"
"modeest","modeest","2.4.0"
"ModelMetrics","ModelMetrics","1.2.2.2"
"modelr","modelr","0.1.11"
"monocle","monocle","2.26.0"
"msigdbr","msigdbr","7.5.1"
"multcomp","multcomp","1.4-25"
"multcompView","multcompView","0.1-9"
"munsell","munsell","0.5.0"
"mvtnorm","mvtnorm","1.2-3"
"ncbit","ncbit","2013.03.29.1"
"network","network","1.18.1"
"nloptr","nloptr","2.0.3"
"NLP","NLP","0.2-1"
"NMF","NMF","0.26"
"nnls","nnls","1.5"
"numDeriv","numDeriv","2016.8-1.1"
"oompaBase","oompaBase","3.2.9"
"oompaData","oompaData","3.1.3"
"openssl","openssl","2.1.1"
"optimParallel","optimParallel","1.0-2"
"optparse","optparse","1.7.4"
"orca","orca","1.1-1"
"ordinal","ordinal","2022.11-16"
"org.Hs.eg.db","org.Hs.eg.db","3.16.0"
"org.Mm.eg.db","org.Mm.eg.db","3.16.0"
"paletteer","paletteer","1.6.0"
"pan","pan","1.9"
"parallelly","parallelly","1.36.0"
"pastecs","pastecs","1.3.21"
"patchwork","patchwork","1.1.3"
"pathview","pathview","1.38.0"
"pbapply","pbapply","1.7-2"
"pbkrtest","pbkrtest","0.5.2"
"pcaExplorer","pcaExplorer","2.24.0"
"pdist","pdist","1.2.1"
"permute","permute","0.9-7"
"phangorn","phangorn","2.11.1"
"pheatmap","pheatmap","1.0.12"
"phytools","phytools","1.9-16"
"pillar","pillar","1.9.0"
"pixmap","pixmap","0.4-12"
"pkgbuild","pkgbuild","1.4.3"
"pkgconfig","pkgconfig","2.0.3"
"pkgdown","pkgdown","2.0.7"
"pkgload","pkgload","1.3.3"
"plogr","plogr","0.2.0"
"plotly","plotly","4.10.2"
"plotrix","plotrix","3.8-2"
"plyr","plyr","1.8.9"
"png","png","0.1-8"
"Polychrome","Polychrome","1.5.1"
"polyclip","polyclip","1.10-4"
"polylabelr","polylabelr","0.2.0"
"polynom","polynom","1.4-1"
"praise","praise","1.0.0"
"prettyunits","prettyunits","1.2.0"
"princurve","princurve","2.1.6"
"prismatic","prismatic","1.1.2"
"pROC","pROC","1.18.4"
"processx","processx","3.8.2"
"prodlim","prodlim","2023.08.28"
"profvis","profvis","0.3.8"
"progress","progress","1.2.2"
"progressr","progressr","0.14.0"
"promises","promises","1.2.1"
"ProtGenerics","ProtGenerics","1.30.0"
"proxy","proxy","0.4-27"
"proxyC","proxyC","0.3.3"
"ps","ps","1.7.5"
"psych","psych","2.3.9"
"purrr","purrr","1.0.2"
"qap","qap","0.1-2"
"qlcMatrix","qlcMatrix","0.9.8"
"quadprog","quadprog","1.5-8"
"quantreg","quantreg","5.97"
"QuickJSR","QuickJSR","1.1.0"
"qvalue","qvalue","2.30.0"
"qvcalc","qvcalc","1.0.3"
"R.methodsS3","R.methodsS3","1.8.2"
"R.oo","R.oo","1.26.0"
"R.utils","R.utils","2.12.3"
"R6","R6","2.5.1"
"ragg","ragg","1.2.5"
"randomForest","randomForest","4.7-1.1"
"ranger","ranger","0.16.0"
"RANN","RANN","2.6.1"
"rappdirs","rappdirs","0.3.3"
"RBGL","RBGL","1.74.0"
"RcisTarget","RcisTarget","1.18.2"
"rcmdcheck","rcmdcheck","1.4.0"
"RColorBrewer","RColorBrewer","1.1-3"
"Rcpp","Rcpp","1.0.11"
"RcppAnnoy","RcppAnnoy","0.0.21"
"RcppArmadillo","RcppArmadillo","0.12.6.4.0"
"RcppEigen","RcppEigen","0.3.3.9.4"
"RcppHNSW","RcppHNSW","0.5.0"
"RcppML","RcppML","0.3.7"
"RcppNumerical","RcppNumerical","0.6-0"
"RcppParallel","RcppParallel","5.1.7"
"RcppProgress","RcppProgress","0.4.2"
"RcppRoll","RcppRoll","0.3.0"
"RcppTOML","RcppTOML","0.2.2"
"RCurl","RCurl","1.98-1.12"
"readr","readr","2.1.4"
"readxl","readxl","1.4.3"
"recipes","recipes","1.0.8"
"registry","registry","0.5-1"
"reldist","reldist","1.7-2"
"relimp","relimp","1.0-5"
"rematch","rematch","2.0.0"
"rematch2","rematch2","2.1.2"
"remotes","remotes","2.4.2.1"
"reprex","reprex","2.0.2"
"reshape","reshape","0.8.9"
"reshape2","reshape2","1.4.4"
"restfulr","restfulr","0.0.15"
"reticulate","reticulate","1.32.0"
"Rgraphviz","Rgraphviz","2.42.0"
"rhdf5","rhdf5","2.42.1"
"rhdf5filters","rhdf5filters","1.10.1"
"Rhdf5lib","Rhdf5lib","1.20.0"
"rJava","rJava","1.0-6"
"rjson","rjson","0.2.21"
"rlang","rlang","1.1.4"
"rlist","rlist","0.4.6.2"
"rmarkdown","rmarkdown","2.25"
"rmutil","rmutil","1.1.10"
"rngtools","rngtools","1.5.2"
"ROCR","ROCR","1.0-11"
"rootSolve","rootSolve","1.8.2.4"
"roxygen2","roxygen2","7.2.3"
"rprojroot","rprojroot","2.0.3"
"RProtoBufLib","RProtoBufLib","2.10.0"
"Rsamtools","Rsamtools","2.14.0"
"RSpectra","RSpectra","0.16-1"
"RSQLite","RSQLite","2.3.1"
"rstan","rstan","2.32.5"
"rstantools","rstantools","2.4.0"
"rstatix","rstatix","0.7.2"
"rstudioapi","rstudioapi","0.15.0"
"rsvd","rsvd","1.0.5"
"rtracklayer","rtracklayer","1.58.0"
"Rtsne","Rtsne","0.16"
"RUnit","RUnit","0.4.32"
"ruv","ruv","0.9.7.1"
"rversions","rversions","2.1.2"
"rvest","rvest","1.0.3"
"S4Vectors","S4Vectors","0.36.2"
"sandwich","sandwich","3.0-2"
"sass","sass","0.4.8"
"ScaledMatrix","ScaledMatrix","1.6.0"
"scales","scales","1.3.0"
"scater","scater","1.26.1"
"scattermore","scattermore","1.2"
"scatterpie","scatterpie","0.2.1"
"scatterplot3d","scatterplot3d","0.3-44"
"scClassify","scClassify","1.10.0"
"scClust","scClust","0.3.0"
"scCustomize","scCustomize","2.1.2"
"scDC","scDC","0.1.0"
"scds","scds","1.14.0"
"sceasy","sceasy","0.0.7"
"SCENIC","SCENIC","1.3.1"
"scHOT","scHOT","1.10.0"
"scMerge","scMerge","1.14.0"
"SCopeLoomR","SCopeLoomR","0.13.0"
"scran","scran","1.26.2"
"sctransform","sctransform","0.4.0"
"scuttle","scuttle","1.8.4"
"segmented","segmented","1.6-4"
"selectr","selectr","0.4-2"
"seriation","seriation","1.5.1"
"sessioninfo","sessioninfo","1.2.2"
"Seurat","Seurat","4.3.0.1"
"SeuratDisk","SeuratDisk","0.0.0.9020"
"SeuratObject","SeuratObject","4.1.4"
"sfsmisc","sfsmisc","1.1-16"
"shadowtext","shadowtext","0.1.2"
"shape","shape","1.4.6"
"shiny","shiny","1.8.0"
"shinyAce","shinyAce","0.4.2"
"shinyBS","shinyBS","0.61.1"
"shinycssloaders","shinycssloaders","1.0.0"
"shinydashboard","shinydashboard","0.7.2"
"shinyjs","shinyjs","2.1.0"
"shinyWidgets","shinyWidgets","0.8.6"
"Signac","Signac","1.10.0"
"simplifyEnrichment","simplifyEnrichment","1.8.0"
"SingleCellExperiment","SingleCellExperiment","1.20.1"
"sitmo","sitmo","2.0.2"
"slam","slam","0.1-50"
"slingshot","slingshot","2.6.0"
"snakecase","snakecase","0.11.1"
"snow","snow","0.4-4"
"sourcetools","sourcetools","0.1.7-1"
"sp","sp","2.0-0"
"spam","spam","2.10-0"
"SparseM","SparseM","1.81"
"sparseMatrixStats","sparseMatrixStats","1.10.0"
"sparsesvd","sparsesvd","0.2-2"
"spatstat.data","spatstat.data","3.0-1"
"spatstat.explore","spatstat.explore","3.2-3"
"spatstat.geom","spatstat.geom","3.2-5"
"spatstat.random","spatstat.random","3.1-6"
"spatstat.sparse","spatstat.sparse","3.0-2"
"spatstat.utils","spatstat.utils","3.0-3"
"SQUAREM","SQUAREM","2021.1"
"stable","stable","1.1.6"
"stabledist","stabledist","0.7-1"
"StanHeaders","StanHeaders","2.32.5"
"startupmsg","startupmsg","0.9.6"
"statip","statip","0.2.3"
"statmod","statmod","1.5.0"
"statnet.common","statnet.common","4.9.0"
"stringi","stringi","1.7.12"
"stringr","stringr","1.5.1"
"subplex","subplex","1.8"
"SummarizedExperiment","SummarizedExperiment","1.28.0"
"sva","sva","3.46.0"
"svglite","svglite","2.1.1"
"sys","sys","3.4.2"
"systemfonts","systemfonts","1.0.4"
"TailRank","TailRank","3.2.2"
"tensor","tensor","1.5"
"testthat","testthat","3.1.10"
"textshaping","textshaping","0.3.6"
"TH.data","TH.data","1.1-2"
"threejs","threejs","0.3.3"
"tibble","tibble","3.2.1"
"tidygraph","tidygraph","1.2.3"
"tidyjson","tidyjson","0.3.2"
"tidyr","tidyr","1.3.0"
"tidyselect","tidyselect","1.2.0"
"tidytree","tidytree","0.4.5"
"tidyverse","tidyverse","2.0.0"
"timechange","timechange","0.2.0"
"timeDate","timeDate","4022.108"
"timeSeries","timeSeries","4031.107"
"tinytex","tinytex","0.49"
"tm","tm","0.7-11"
"topGO","topGO","2.50.0"
"TrajectoryUtils","TrajectoryUtils","1.6.0"
"translations","translations","4.2.2"
"treeio","treeio","1.22.0"
"tsne","tsne","0.1-3.1"
"TSP","TSP","1.2-4"
"tweenr","tweenr","2.0.2"
"tzdb","tzdb","0.4.0"
"ucminf","ucminf","1.2.0"
"umap","umap","0.2.10.0"
"unikn","unikn","0.9.0"
"UpSetR","UpSetR","1.4.0"
"urlchecker","urlchecker","1.0.1"
"usethis","usethis","2.2.2"
"utf8","utf8","1.2.4"
"uuid","uuid","1.1-1"
"uwot","uwot","0.1.16"
"varhandle","varhandle","2.0.5"
"vctrs","vctrs","0.6.5"
"vegan","vegan","2.6-4"
"VennDiagram","VennDiagram","1.7.3"
"venneuler","venneuler","1.1-3"
"VGAM","VGAM","1.1-10"
"vipor","vipor","0.4.5"
"viridis","viridis","0.6.4"
"viridisLite","viridisLite","0.4.2"
"vroom","vroom","1.6.3"
"waldo","waldo","0.5.1"
"webchem","webchem","1.3.0"
"webshot","webshot","0.5.5"
"whisker","whisker","0.4.1"
"withr","withr","3.0.0"
"xfun","xfun","0.41"
"xgboost","xgboost","1.7.5.1"
"XML","XML","3.99-0.14"
"xml2","xml2","1.3.5"
"xopen","xopen","1.0.0"
"xtable","xtable","1.8-4"
"XVector","XVector","0.38.0"
"yaml","yaml","2.3.8"
"yulab.utils","yulab.utils","0.1.0"
"zip","zip","2.3.0"
"zlibbioc","zlibbioc","1.44.0"
"zoo","zoo","1.8-12"
