"","SYMBOL","ENSEMBL","ENTREZID"
"1","Nrgn","ENSMUSG00000053310","64011"
"2","Calm1","ENSMUSG00000001175","12313"
"3","Fth1","ENSMUSG00000024661","14319"
"4","Calm2","ENSMUSG00000036438","12314"
"5","Gapdh","ENSMUSG00000057666","14433"
"6","Ppia","ENSMUSG00000071866","268373"
"7","Stmn1","ENSMUSG00000028832","16765"
"8","Malat1","ENSMUSG00000092341","72289"
"9","Dynll1","ENSMUSG00000009013","56455"
"10","Rtn1","ENSMUSG00000021087","104001"
"11","Hsp90ab1","ENSMUSG00000023944","15516"
"12","Olfm1","ENSMUSG00000026833","56177"
"13","Tmem267","ENSMUSG00000074634","633640"
"14","Tmsb4x","ENSMUSG00000049775","19241"
"15","Gpc5","ENSMUSG00000022112","103978"
"16","Atp6v0c","ENSMUSG00000024121","11984"
"17","Ntm","ENSMUSG00000059974","235106"
"18","Cck","ENSMUSG00000032532","12424"
"20","Ank2","ENSMUSG00000032826","109676"
"21","Aldoa","ENSMUSG00000030695","11674"
"22","Ubb","ENSMUSG00000019505","22187"
"23","Pde10a","ENSMUSG00000023868","23984"
"24","Cox4i1","ENSMUSG00000031818","12857"
"25","Chchd2","ENSMUSG00000070493","14004"
"26","Fau","ENSMUSG00000038274","14109"
"27","Ywhah","ENSMUSG00000018965","22629"
"28","Stmn2","ENSMUSG00000027500","20257"
"29","Uchl1","ENSMUSG00000029223","22223"
"30","Gpr158","ENSMUSG00000045967","241263"
"31","Cox8a","ENSMUSG00000035885","12868"
"32","Pcp4","ENSMUSG00000090223","18546"
"33","Hspa8","ENSMUSG00000015656","15481"
"34","Snap25","ENSMUSG00000027273","20614"
"35","Eif1","ENSMUSG00000035530","20918"
"36","Bex2","ENSMUSG00000042750","12069"
"37","Actb","ENSMUSG00000029580","11461"
"38","Rsrp1","ENSMUSG00000037266","27981"
"39","Hsp90aa1","ENSMUSG00000021270","15519"
"41","Hspa5","ENSMUSG00000026864","14828"
"42","Egr1","ENSMUSG00000038418","13653"
"43","Atp5g1","ENSMUSG00000006057","11951"
"44","Rgs7","ENSMUSG00000026527","24012"
"45","Ddo","ENSMUSG00000063428","70503"
"46","Fgf14","ENSMUSG00000025551","14169"
"47","Atp5h","ENSMUSG00000034566","71679"
"48","Ptma","ENSMUSG00000026238","19231"
"49","Tpt1","ENSMUSG00000060126","22070"
"50","Snrpn","ENSMUSG00000102252","20646"
"51","Basp1","ENSMUSG00000045763","70350"
"52","Swap70","ENSMUSG00000031015","20947"
"53","Chchd10","ENSMUSG00000049422","103172"
"54","Atp5k","ENSMUSG00000050856","11958"
"55","Atp5g3","ENSMUSG00000018770","228033"
"57","Sub1","ENSMUSG00000022205","20024"
"58","Ndufb9","ENSMUSG00000022354","66218"
"59","Cox7a2","ENSMUSG00000032330","12866"
"60","Slc25a4","ENSMUSG00000031633","11739"
"61","Tuba1a","ENSMUSG00000072235","22142"
"62","Hint1","ENSMUSG00000020267","15254"
"63","Rab3a","ENSMUSG00000031840","19339"
"64","Cycs","ENSMUSG00000063694","13063"
"65","Ttc9b","ENSMUSG00000007944","73032"
"66","Cox6b1","ENSMUSG00000036751","110323"
"67","Pdia6","ENSMUSG00000020571","71853"
"68","Vsnl1","ENSMUSG00000054459","26950"
"70","Syne1","ENSMUSG00000096054","64009"
"71","Adam23","ENSMUSG00000025964","23792"
"72","Eef1a1","ENSMUSG00000037742","13627"
"74","Atp6v1e1","ENSMUSG00000019210","11973"
"75","B3galt1","ENSMUSG00000034780","26877"
"76","Atp5md","ENSMUSG00000071528","66477"
"77","Kcnma1","ENSMUSG00000063142","16531"
"78","Tubb5","ENSMUSG00000001525","22154"
"79","Camk2n1","ENSMUSG00000046447","66259"
"80","Grik1","ENSMUSG00000022935","14805"
"81","Myl6","ENSMUSG00000090841","17904"
"82","Carmil1","ENSMUSG00000021338","68732"
"83","Eid1","ENSMUSG00000091337","58521"
"84","Actg1","ENSMUSG00000062825","11465"
"85","Septin7","ENSMUSG00000001833","235072"
"88","Rps29","ENSMUSG00000034892","20090"
"89","Ctso","ENSMUSG00000028015","229445"
"90","Sncb","ENSMUSG00000034891","104069"
"91","Rpl26","ENSMUSG00000060938","19941"
"92","Appl2","ENSMUSG00000020263","216190"
"93","Arl6ip1","ENSMUSG00000030654","54208"
"94","Cryab","ENSMUSG00000032060","12955"
"95","Chn1","ENSMUSG00000056486","108699"
"96","Psmb5","ENSMUSG00000022193","19173"
"97","Ndufa5","ENSMUSG00000023089","68202"
"98","C1ql3","ENSMUSG00000049630","227580"
"99","Fkbp1a","ENSMUSG00000032966","14225"
"100","Ywhaz","ENSMUSG00000022285","22631"
"101","Slc1a3","ENSMUSG00000005360","20512"
"102","Rtn4","ENSMUSG00000020458","68585"
"103","Pop5","ENSMUSG00000060152","117109"
"104","Cox5b","ENSMUSG00000061518","12859"
"105","Il18","ENSMUSG00000039217","16173"
"106","Cfl1","ENSMUSG00000056201","12631"
"108","Trpm3","ENSMUSG00000052387","226025"
"109","Sema6d","ENSMUSG00000027200","214968"
"110","Ddx5","ENSMUSG00000020719","13207"
"111","Atp1b1","ENSMUSG00000026576","11931"
"112","Ctxn1","ENSMUSG00000048644","330695"
"113","Rps2","ENSMUSG00000044533","16898"
"114","Uqcrb","ENSMUSG00000021520","67530"
"116","Tlcd1","ENSMUSG00000019437","68385"
"117","Tubb4a","ENSMUSG00000062591","22153"
"118","Ndufa4","ENSMUSG00000029632","17992"
"119","4932438H23Rik","ENSMUSG00000039851","74387"
"120","Lama3","ENSMUSG00000024421","16774"
"121","Pebp1","ENSMUSG00000032959","23980"
"123","Tuba4a","ENSMUSG00000026202","22145"
"124","Dnaja1","ENSMUSG00000028410","15502"
"125","Rplp2","ENSMUSG00000025508","67186"
"126","Nxpe4","ENSMUSG00000044229","244853"
"127","Scaper","ENSMUSG00000034007","244891"
"128","Nme1","ENSMUSG00000037601","18102"
"129","Ywhae","ENSMUSG00000020849","22627"
"130","Atp6v1f","ENSMUSG00000004285","66144"
"131","Phkb","ENSMUSG00000036879","102093"
"132","Lmo4","ENSMUSG00000028266","16911"
"133","Psmc5","ENSMUSG00000020708","19184"
"134","Cst3","ENSMUSG00000027447","13010"
"135","Selenow","ENSMUSG00000041571","20364"
"136","Hsp90b1","ENSMUSG00000020048","22027"
"137","Gldc","ENSMUSG00000024827","104174"
"138","Dstn","ENSMUSG00000015932","56431"
"139","Rbm39","ENSMUSG00000027620","170791"
"140","Enc1","ENSMUSG00000041773","13803"
"141","Luc7l2","ENSMUSG00000029823","192196"
"142","Tubb4b","ENSMUSG00000036752","227613"
"143","Ermn","ENSMUSG00000026830","77767"
"144","Ctnna2","ENSMUSG00000063063","12386"
"145","Snca","ENSMUSG00000025889","20617"
"146","Nudc","ENSMUSG00000028851","18221"
"147","Rgs2","ENSMUSG00000026360","19735"
"148","Norad","ENSMUSG00000102869","347740"
"149","Kcnk2","ENSMUSG00000037624","16526"
"150","Dock10","ENSMUSG00000038608","210293"
"151","Ywhab","ENSMUSG00000018326","54401"
"152","Arpc2","ENSMUSG00000006304","76709"
"153","Nrxn1","ENSMUSG00000024109","18189"
"154","Dbp","ENSMUSG00000059824","13170"
"155","Dnaaf9","ENSMUSG00000027309","228602"
"156","Nr4a1","ENSMUSG00000023034","15370"
"157","Junb","ENSMUSG00000052837","16477"
"158","Bc1","ENSMUSG00000115783","100568459"
"159","Slc30a10","ENSMUSG00000026614","226781"
"160","Ociad2","ENSMUSG00000029153","433904"
"161","D7Ertd443e","ENSMUSG00000030994","71007"
