"","Cluster","group","othergroup","ID","Description","GeneRatio","BgRatio","pvalue","p.adjust","qvalue","geneID","Count"
"2","Exc-neuron.circadian","Exc-neuron","circadian","GO:0022626","cytosolic ribosome","67/1757","112/28804",3.8440378504921e-52,1.37808756940142e-49,7.04065879984869e-50,"14109/58887/110954/67025/269261/67115/66480/19899/76808/19921/19933/65019/68193/19941/19942/26451/19943/19944/27367/19946/19951/68436/66489/57808/54217/19982/67281/19981/67671/67248/67891/67945/100503670/19988/19989/27176/26961/20005/56040/67186/67097/27207/68052/20044/20054/267019/20055/20068/20084/20085/16898/66481/20088/75617/27370/78294/54127/20090/27050/20091/20102/20103/20115/20116/76846/16785/619605",67
"5","Exc-neuron.circadian","Exc-neuron","circadian","GO:0098800","inner mitochondrial membrane protein complex","65/1757","143/28804",1.40353053636146e-40,2.01266278914234e-38,1.02827079295535e-38,"69923/11946/11947/11949/66043/67126/11951/228033/71679/11957/57423/11958/66477/70257/11950/103172/12857/12858/12859/12861/110323/12864/12866/66142/12867/12868/66445/66349/17713/93757/54405/69875/66414/67184/17991/66091/17992/68202/67130/68375/70316/68342/104130/68198/230075/66916/67264/66218/68197/226646/595136/75406/17995/72900/67067/67680/69029/30059/66152/66594/67530/67003/66694/66576/22272",65
"6","Exc-neuron.circadian","Exc-neuron","circadian","GO:0044391","ribosomal subunit","75/1757","201/28804",2.59333198224019e-39,3.09903171877703e-37,1.58329742073612e-37,"66077/14109/66448/107734/24030/64659/14548/70316/18148/14694/110954/67025/269261/67115/66480/19899/76808/19921/19933/65019/68193/19941/19942/26451/19943/19944/27367/19946/19951/68436/66489/57808/54217/19982/67281/19981/67671/67248/67891/67945/100503670/19988/19989/27176/26961/20005/56040/67186/67097/27207/68052/20044/20054/267019/20055/20068/20084/20085/16898/66481/20088/75617/27370/78294/54127/20090/27050/20091/20102/20103/20115/20116/76846/16785/619605",75
"9","Exc-neuron.circadian","Exc-neuron","circadian","GO:0099572","postsynaptic specialization","106/1757","438/28804",2.16324590050934e-35,1.72338590073911e-33,8.80479033189768e-34,"11461/11496/238276/109676/11838/11840/216831/11928/11941/108100/81905/66259/320873/12569/75608/65945/12794/245684/12877/56724/12955/12386/19158/13175/13383/13385/13405/13528/68097/13631/13690/238988/20336/16592/333605/14395/14397/14432/14433/14704/14802/14809/14810/14812/108069/229279/59013/15387/26556/15481/331461/16508/56543/70530/228357/241568/216028/243499/17755/26414/17751/17920/380684/18040/246317/74513/211323/64011/18195/18479/109135/19052/18752/19122/260297/19206/19744/269261/67115/76808/19946/67671/67891/100503670/19988/19989/26961/68052/20044/20084/20085/75617/27050/68585/230863/217692/20541/67826/20616/234214/66673/27204/20977/229521/665113/22631",106
"12","Exc-neuron.circadian","Exc-neuron","circadian","GO:0005746","mitochondrial respirasome","44/1757","85/28804",5.81868693270913e-31,3.4766654422937e-29,1.77623074787963e-29,"12857/12858/12859/12861/110323/12864/12866/66142/12867/12868/66445/66349/54405/69875/66414/67184/17991/66091/17992/68202/67130/68375/70316/68342/104130/68198/230075/66916/67264/66218/68197/226646/595136/75406/17995/72900/67680/66152/66594/67530/67003/66694/66576/22272",44
"13","Exc-neuron.circadian","Exc-neuron","circadian","GO:0098803","respiratory chain complex","44/1757","87/28804",2.13797841623253e-30,1.17917732649133e-28,6.02442501092244e-29,"12857/12858/12859/12861/110323/12864/12866/66142/12867/12868/66445/66349/54405/69875/66414/67184/17991/66091/17992/68202/67130/68375/70316/68342/104130/68198/230075/66916/67264/66218/68197/226646/595136/75406/17995/72900/67680/66152/66594/67530/67003/66694/66576/22272",44
"15","Exc-neuron.circadian","Exc-neuron","circadian","GO:0070469","respirasome","45/1757","95/28804",1.81013919990414e-29,8.65246537554181e-28,4.42055046713433e-28,"12857/12858/12859/12861/110323/12864/12866/66142/12867/12868/66445/66349/54405/69875/66414/67184/17991/66091/17992/68202/67130/68375/70316/102631912/68342/104130/68198/230075/66916/67264/66218/68197/226646/595136/75406/17995/72900/67680/66152/66594/67530/67003/66694/66576/22272",45
"16","Exc-neuron.circadian","Exc-neuron","circadian","GO:1902495","transmembrane transporter complex","89/1757","373/28804",2.17774186392439e-29,9.75900572771116e-28,4.98588268845847e-28,"20927/243634/11928/232975/11931/11938/11951/228033/12287/12289/12290/12293/12298/81905/12313/12314/12315/12794/66797/78070/66445/13385/66349/269109/14395/14397/14802/14809/14810/14812/15512/16485/16500/98741/16508/56543/382571/80906/80334/16519/16525/110862/226922/67498/231549/243499/54405/69875/66414/67184/17991/66091/17992/68202/67130/68375/70316/68342/104130/68198/230075/66916/67264/66218/68197/226646/595136/75406/17995/72900/56177/58869/20190/20266/72821/53881/69029/20614/237611/22218/22065/68667/66152/66594/67530/67003/66694/66576/22272",89
"23","Exc-neuron.circadian","Exc-neuron","circadian","GO:0043197","dendritic spine","52/1757","200/28804",1.78918264536765e-19,5.57758242055914e-18,2.84959066630636e-18,"238276/11784/11838/11843/216831/76709/232975/67972/11941/108100/12307/12330/12540/12569/12631/65945/12794/56724/12955/13385/81489/13631/333605/54393/67903/14802/14810/14812/108069/15387/26556/15444/15481/16508/56543/17118/17751/17999/64011/18390/114301/327814/19045/19049/19055/19181/14083/19353/217692/20541/229521/23964",52
"25","Exc-neuron.circadian","Exc-neuron","circadian","GO:0005844","polysome","32/1757","78/28804",5.14958999980974e-19,1.47690241194543e-17,7.54550450498438e-18,"224742/239528/218490/12317/13629/13853/26443/67025/19899/76808/19921/68193/19944/19946/19951/54217/19982/67671/67248/67945/19988/19989/27176/26961/66481/75617/27370/54127/20090/27050/20102/66521",32
"27","Exc-neuron.circadian","Exc-neuron","circadian","GO:0016469","proton-transporting two-sector ATPase complex","25/1757","50/28804",1.04246316997363e-17,2.57740032024515e-16,1.31679558312459e-16,"11946/11947/11949/66043/67126/11951/228033/71679/11957/57423/11958/66477/70257/11950/70495/114143/11984/76252/11964/11966/73834/11973/66144/66290/66237",25
"28","Exc-neuron.circadian","Exc-neuron","circadian","GO:0030964","NADH dehydrogenase complex","25/1757","50/28804",1.04246316997363e-17,2.57740032024515e-16,1.31679558312459e-16,"66349/54405/69875/66414/67184/17991/66091/17992/68202/67130/68375/70316/68342/104130/68198/230075/66916/67264/66218/68197/226646/595136/75406/17995/72900",25
"30","Exc-neuron.circadian","Exc-neuron","circadian","GO:1990204","oxidoreductase complex","38/1757","121/28804",1.28768251871914e-17,3.07756121973875e-16,1.57232812812021e-16,"66445/66349/16828/16832/54405/69875/66414/67184/17991/66091/17992/68202/67130/68375/70316/68342/104130/68198/230075/66916/67264/66218/68197/226646/595136/75406/17995/72900/18451/18597/67680/66152/66594/67530/67003/66694/66576/22272",38
"31","Exc-neuron.circadian","Exc-neuron","circadian","GO:0030426","growth cone","49/1757","202/28804",4.33543328534331e-17,1.00274376309392e-15,5.12302473106782e-16,"11789/11820/76709/56378/67771/319974/12313/12315/100503659/12569/12570/12631/76499/54160/12877/13175/13193/12934/13508/13807/238988/20336/14228/14086/14810/15519/15516/16593/76161/17755/17118/58235/18039/504193/22360/18189/56177/18472/18479/211712/56195/19206/20614/20617/104069/20257/21838/22152/22627",49
"37","Exc-neuron.circadian","Exc-neuron","circadian","GO:0042734","presynaptic membrane","46/1757","201/28804",4.19124983322942e-15,8.1219625146635e-14,4.14951619335374e-14,"23792/11549/232975/67972/11941/381290/12289/12290/12293/12330/320873/12757/12805/244682/53870/66797/170571/12386/13383/13429/238988/54393/14809/14810/14812/108069/108073/16485/16519/17118/58235/211323/18189/18190/18191/18390/219228/19266/116838/235072/20614/20616/56216/20977/229521/22249",46
"41","Exc-neuron.circadian","Exc-neuron","circadian","GO:0070069","cytochrome complex","19/1757","37/28804",4.64785644206653e-14,8.12808065600414e-13,4.15264195594134e-13,"12857/12858/12859/12861/110323/12864/12866/66142/12867/12868/66445/17992/66152/66594/67530/67003/66694/66576/22272",19
"42","Exc-neuron.circadian","Exc-neuron","circadian","GO:0045211","postsynaptic membrane","59/1757","326/28804",4.88296523546614e-14,8.33591922340291e-13,4.25882682191032e-13,"11496/11549/109676/11838/11941/70495/12290/12293/81905/12330/320873/65945/12794/245684/12805/12386/19158/13199/217480/13383/13385/13405/72393/54393/14395/14397/14802/14809/14810/14812/74053/108069/108073/15481/331461/16485/16500/16508/56543/70530/241568/216028/243499/50791/17118/26422/246317/211323/64011/18196/18213/18390/219228/18530/260297/68585/20541/66673/23964",59
"43","Exc-neuron.circadian","Exc-neuron","circadian","GO:0008021","synaptic vesicle","48/1757","234/28804",9.13988519221041e-14,1.52402271693369e-12,7.7862424648451e-13,"20927/11784/11789/11820/67972/11984/66237/12313/12315/12757/13383/13385/13405/13429/20336/54393/14395/67903/14810/14812/15481/78771/17751/23980/18619/260297/68365/59021/19339/67295/20614/67826/20616/20617/56216/64051/75209/27204/20972/20977/229521/53420/58800/22249/22318/22333/22334/22335",48
"46","Exc-neuron.circadian","Exc-neuron","circadian","GO:0048786","presynaptic active zone","29/1757","99/28804",6.44402904156044e-13,1.00442800495627e-11,5.13162953424035e-12,"11820/216831/67972/11941/381290/12261/12289/12293/12330/320873/66797/12386/238988/14365/108069/108073/58235/211323/18189/327814/19339/116838/20614/20616/56216/64051/20977/229521/22249",29
"47","Exc-neuron.circadian","Exc-neuron","circadian","GO:0030133","transport vesicle","59/1757","346/28804",6.95669375057275e-13,1.06126583386397e-11,5.42201439014404e-12,"20927/432442/11769/11784/11789/11820/67972/11984/66237/12313/12315/12757/13383/13385/13405/13429/13426/20336/54393/14395/67903/14683/14810/14812/15481/78771/17751/64011/22360/23980/18619/260297/68365/59021/19339/67295/19346/69608/20614/67826/20616/20617/56216/64051/75209/27204/20972/20977/229521/20983/53420/83671/22134/58800/22249/22318/22333/22334/22335",59
"49","Exc-neuron.circadian","Exc-neuron","circadian","GO:0043679","axon terminus","41/1757","194/28804",2.0800121764608e-12,3.04360965412734e-11,1.55498225007166e-11,"11461/11465/11769/76709/232975/12287/12307/12424/12889/12890/12934/238988/14225/14718/14802/14809/14810/14812/108073/15387/15481/16485/17118/23980/18619/19052/18751/18752/19122/19142/19275/19339/235072/94229/20541/20616/20617/104069/20977/229521/22249",41
"54","Exc-neuron.circadian","Exc-neuron","circadian","GO:0031256","leading edge membrane","35/1757","156/28804",1.4176337618852e-11,1.88230260605869e-10,9.6166968642505e-11,"238276/11789/216190/11843/216831/76709/67972/11941/12289/81905/12540/76499/66797/13627/99662/57436/54393/14395/14397/14810/15444/16500/76161/17920/18102/18390/57028/19353/19876/268902/27050/71096/21838/22003/68151",35
"59","Exc-neuron.circadian","Exc-neuron","circadian","GO:0098857","membrane microdomain","59/1757","395/28804",1.80866127883621e-10,2.19798328292469e-09,1.12295115974131e-09,"11461/210044/238276/11820/11838/11928/11931/67972/11941/11946/11947/12215/12334/208650/12805/66797/12876/13030/13383/13405/26903/13629/13807/72393/54393/14677/14683/14758/74053/193740/15511/15481/15510/16452/16508/56543/110862/16653/16832/228357/26417/17999/70729/18390/57320/18655/19052/19084/19122/19206/11739/11740/20614/21838/21960/22142/22143/22154/22334",59
"61","Exc-neuron.circadian","Exc-neuron","circadian","GO:0101031","chaperone complex","15/1757","34/28804",3.49113831512913e-10,4.10351831466818e-09,2.09649030830878e-09,"12461/12462/12464/12465/12466/12468/12469/67838/15516/15481/56351/64136/20867/56424/21454",15
"67","Exc-neuron.circadian","Exc-neuron","circadian","GO:0000502","proteasome complex","19/1757","64/28804",4.68557168265412e-09,5.01426103949703e-08,2.56178938815968e-08,"26441/26442/26443/26444/19170/26446/19172/19173/19175/19181/19182/23996/19184/66997/21762/19185/53382/22222/269523",19
"69","Exc-neuron.circadian","Exc-neuron","circadian","GO:0005832","chaperonin-containing T-complex","8/1757","10/28804",7.60439736878155e-09,7.9019607440817e-08,4.0371171385751e-08,"12461/12462/12464/12465/12466/12468/12469/21454",8
"70","Exc-neuron.circadian","Exc-neuron","circadian","GO:0033178","proton-transporting two-sector ATPase complex, catalytic domain","10/1757","17/28804",9.10676583617767e-09,9.32793014934198e-08,4.76564588118771e-08,"11946/11947/11949/66043/67126/11964/11966/11973/66144/66290",10
"71","Exc-neuron.circadian","Exc-neuron","circadian","GO:0035770","ribonucleoprotein granule","41/1757","253/28804",1.00419600384534e-08,1.01409652782691e-07,5.18102608359047e-08,"11461/239528/214150/11838/12540/232791/13209/72831/208718/13426/58521/23881/53379/229279/15387/226180/214048/17118/17975/18458/23983/26441/26443/19181/19182/19353/19878/19943/19988/20102/22218/68188/214575/21841/217351/21969/22142/22154/235441/269523/22608",41
"72","Exc-neuron.circadian","Exc-neuron","circadian","GO:0043195","terminal bouton","22/1757","88/28804",1.01861485311914e-08,1.01437062456448e-07,5.18242644569387e-08,"11769/12307/12424/12889/12890/12934/238988/14802/14809/14810/14812/108073/15481/19052/19122/19142/19339/20617/104069/20977/229521/22249",22
"73","Exc-neuron.circadian","Exc-neuron","circadian","GO:0048787","presynaptic active zone membrane","16/1757","49/28804",1.6777236460498e-08,1.64784637564069e-07,8.41885838248492e-08,"67972/11941/381290/12289/12293/12330/320873/66797/108073/58235/211323/18189/20614/20616/56216/229521",16
"76","Exc-neuron.circadian","Exc-neuron","circadian","GO:0032589","neuron projection membrane","19/1757","71/28804",3.08921858972877e-08,2.91443385373096e-07,1.48898624546484e-07,"238276/67972/11941/12289/81905/66797/57436/54393/14395/14397/14810/15444/16500/76161/18390/19876/268902/21838/68151",19
"84","Exc-neuron.circadian","Exc-neuron","circadian","GO:0036464","cytoplasmic ribonucleoprotein granule","37/1757","235/28804",1.10843675591895e-07,9.39176709449397e-07,4.79826022004536e-07,"11461/239528/214150/11838/12540/232791/13209/208718/13426/58521/23881/53379/15387/226180/214048/17118/17975/18458/23983/26441/26443/19181/19182/19353/19878/19943/19988/20102/214575/21841/217351/21969/22142/22154/235441/269523/22608",37
"85","Exc-neuron.circadian","Exc-neuron","circadian","GO:0005938","cell cortex","44/1757","306/28804",1.11338940450765e-07,9.39176709449397e-07,4.79826022004536e-07,"11461/60595/11789/12307/12343/12488/12631/76499/12757/12721/68337/12386/13385/13405/56431/13627/13726/13806/13807/238988/77767/20336/14183/67903/14677/108073/15387/17118/66999/67938/245049/17975/65113/17999/18472/18643/18751/19353/116838/20190/235072/20362/20617/22249",44
"88","Exc-neuron.circadian","Exc-neuron","circadian","GO:0043292","contractile fiber","37/1757","236/28804",1.23841746960425e-07,1.00902877921165e-06,5.15513492131914e-07,"11465/60595/11549/11674/109676/11840/381290/12289/12313/12314/12315/12569/12955/13010/110052/13405/23950/225288/14225/14812/26556/57339/17772/67938/68802/70729/18479/19055/26443/66480/67891/19988/19989/20190/20541/56424/22003",37
"89","Exc-neuron.circadian","Exc-neuron","circadian","GO:0098562","cytoplasmic side of membrane","34/1757","207/28804",1.27224551909467e-07,1.02494386201223e-06,5.23644518799464e-07,"238276/71770/11773/232910/11938/67972/75608/52637/74256/13383/13385/13853/77781/14158/14672/14677/14683/14693/14697/14704/16653/504193/228983/19055/14083/19258/19353/19735/20190/320679/20614/66552/237611/21844",34
"91","Exc-neuron.circadian","Exc-neuron","circadian","GO:0099522","cytosolic region","14/1757","43/28804",1.37273035138475e-07,1.07561989179113e-06,5.49534937008463e-07,"108100/12307/81489/53379/26556/15481/17118/17999/327814/19057/18751/18752/104069/94090",14
"93","Exc-neuron.circadian","Exc-neuron","circadian","GO:0019897","extrinsic component of plasma membrane","32/1757","190/28804",1.63744059036253e-07,1.2624138745053e-06,6.44968110295597e-07,"11789/11816/11938/320873/12552/320865/245684/12386/74256/19158/13385/13806/14158/14672/14677/14683/14693/14697/14704/16653/50791/56177/228983/14083/19353/20190/20614/20616/237611/83671/23964/21844",32
"95","Exc-neuron.circadian","Exc-neuron","circadian","GO:1905368","peptidase complex","26/1757","136/28804",1.8173701489131e-07,1.37163620712704e-06,7.00769874594746e-07,"217218/12334/14089/26441/26442/26443/26444/19170/26446/19172/19173/19175/19181/19182/23996/19184/66997/21762/19185/66125/69019/66624/217031/53382/22222/269523",26
"96","Exc-neuron.circadian","Exc-neuron","circadian","GO:0033177","proton-transporting two-sector ATPase complex, proton-transporting domain","10/1757","22/28804",2.2829309379702e-07,1.70506404429649e-06,8.71118384225469e-07,"11951/228033/71679/11957/57423/11958/11950/114143/11984/76252",10
"98","Exc-neuron.circadian","Exc-neuron","circadian","GO:0030027","lamellipodium","30/1757","175/28804",2.65414000918779e-07,1.94185549651801e-06,9.92095298815631e-07,"319713/11461/11789/11820/12549/76709/56378/67771/108100/101314/234695/12631/12721/12386/216033/13405/26903/14089/14158/14086/544963/17311/18479/57028/14083/19353/20614/20257/57816/22152",30
"106","Exc-neuron.circadian","Exc-neuron","circadian","GO:0005839","proteasome core complex","9/1757","19/28804",6.04931334793058e-07,4.0918468589304e-06,2.09052735360461e-06,"26441/26442/26443/26444/19170/26446/19172/19173/19175",9
"112","Exc-neuron.circadian","Exc-neuron","circadian","GO:0099523","presynaptic cytosol","10/1757","25/28804",9.74457395385215e-07,6.19279597161133e-06,3.16390368952616e-06,"108100/12307/15481/17118/327814/19057/18751/18752/104069/94090",10
"113","Exc-neuron.circadian","Exc-neuron","circadian","GO:0031300","intrinsic component of organelle membrane","51/1757","408/28804",9.75991554800671e-07,6.19279597161133e-06,3.16390368952616e-06,"69923/54208/67972/66237/12317/12330/103172/65945/52469/78070/68032/66048/14395/66092/30963/14828/16432/69605/70456/65113/18023/14827/68365/59021/19339/67295/71816/68585/67887/20250/69276/94282/59049/18674/224674/69029/69019/66552/75209/20972/20977/229521/20983/53420/106529/72392/67878/67952/414077/68151/22433",51
"114","Exc-neuron.circadian","Exc-neuron","circadian","GO:0005635","nuclear envelope","53/1757","435/28804",1.32613037832946e-06,8.34066211633527e-06,4.26124996914729e-06,"223921/224742/11549/11789/11816/11820/57423/12177/12301/12317/12444/26370/68953/75608/13010/67116/381510/13595/276770/13726/13806/14084/14433/74412/625249/76582/26417/69642/64659/17920/260315/338352/70729/18189/18472/18479/70804/106042/19122/19384/19385/66011/380711/58887/74132/68585/20617/22218/320022/67878/22154/27366/30960",53
"115","Exc-neuron.circadian","Exc-neuron","circadian","GO:0099568","cytoplasmic region","34/1757","229/28804",1.42458074130449e-06,8.88195123056798e-06,4.53779494713009e-06,"11838/108100/12330/73420/76670/76499/12757/12386/12879/13193/13385/13426/56455/238988/56486/57436/14677/53379/15444/16568/16579/75782/67443/74934/18390/19084/19385/116838/235072/20655/104871/22249/207425/68151",34
"116","Exc-neuron.circadian","Exc-neuron","circadian","GO:0019898","extrinsic component of membrane","44/1757","337/28804",1.66711983022268e-06,1.03045251574971e-05,5.26458893754531e-06,"11789/11816/11938/27062/320873/12552/320865/245684/76889/12386/74256/19158/13385/230500/13806/14158/14672/14677/14683/14693/14697/14704/15444/16653/50791/23945/74302/18107/18108/56177/228983/14083/19353/19944/20190/20614/20616/237611/27204/83671/23964/21844/22187/22190",44
"120","Exc-neuron.circadian","Exc-neuron","circadian","GO:0098791","Golgi apparatus subcompartment","41/1757","311/28804",2.90930989404655e-06,1.73831266169281e-05,8.88105125551051e-06,"11769/11840/104303/76295/330671/213993/76969/78923/76499/14683/27277/170833/15510/270084/80877/26394/72925/17912/26422/18195/18196/18197/30052/213760/68365/75985/106572/19346/19353/58175/56367/317750/20614/229521/67581/22134/21982/56374/22318/207425/68151",41
"122","Exc-neuron.circadian","Exc-neuron","circadian","GO:0045263","proton-transporting ATP synthase complex, coupling factor F(o)","7/1757","13/28804",3.84423410718565e-06,2.25927529086239e-05,1.15426528843883e-05,"11951/228033/71679/11957/57423/11958/11950",7
"126","Exc-neuron.circadian","Exc-neuron","circadian","GO:0005681","spliceosomal complex","31/1757","210/28804",4.59782800268829e-06,2.61638307772024e-05,1.33671190053093e-05,"13207/20624/53379/229279/59013/15387/15481/192196/17876/17975/18458/28000/56194/19134/56195/68272/83486/60365/19744/319322/66125/20641/107686/67332/20646/20826/66354/27366/22608/66492/22184",31
"128","Exc-neuron.circadian","Exc-neuron","circadian","GO:0001726","ruffle","25/1757","151/28804",4.86939922678436e-06,2.72762441062843e-05,1.39354517345473e-05,"11789/216190/11843/76709/11966/234695/12488/76499/19158/13627/99662/232288/14086/14683/17772/17920/18102/18479/57028/19353/27050/71096/57816/22003/58800",25
"130","Exc-neuron.circadian","Exc-neuron","circadian","GO:0016234","inclusion body","17/1757","80/28804",5.32288818798001e-06,2.93577756213975e-05,1.49989076066158e-05,"77559/70369/13629/15516/193740/15511/17751/380684/18040/19122/19156/23996/19184/58186/20617/104069/56424",17
"133","Exc-neuron.circadian","Exc-neuron","circadian","GO:0099571","postsynaptic cytoskeleton","8/1757","19/28804",7.76742103572061e-06,4.18739915985841e-05,2.13934508937932e-05,"11461/11465/226180/17118/17920/380684/18039/18040",8
"141","Exc-neuron.circadian","Exc-neuron","circadian","GO:0019867","outer membrane","29/1757","209/28804",3.02878166018525e-05,0.0001523261537722,7.78235359505622e-05,"14081/12177/52637/78070/78617/13405/13726/13806/17751/56462/382793/18102/18213/23980/53328/72930/19122/68653/11739/20617/67952/223696/68512/66169/22187/22190/22333/22334/22335",29
"144","Exc-neuron.circadian","Exc-neuron","circadian","GO:0005883","neurofilament","6/1757","12/28804",3.42795102410826e-05,0.000168345266046961,8.60077113474892e-05,"13405/226180/380684/18039/18040/18546",6
"145","Exc-neuron.circadian","Exc-neuron","circadian","GO:0008540","proteasome regulatory particle, base subcomplex","6/1757","12/28804",3.42795102410826e-05,0.000168345266046961,8.60077113474892e-05,"19181/19182/23996/19184/21762/19185",6
"146","Exc-neuron.circadian","Exc-neuron","circadian","GO:0034663","endoplasmic reticulum chaperone complex","6/1757","12/28804",3.42795102410826e-05,0.000168345266046961,8.60077113474892e-05,"67838/22027/14828/12304/71853/64136",6
"147","Exc-neuron.circadian","Exc-neuron","circadian","GO:0030018","Z disc","21/1757","131/28804",4.44644309677724e-05,0.000216877530638727,0.000110802878458896,"60595/11549/11674/109676/381290/12289/12955/13405/23950/14225/14812/26556/57339/67938/68802/70729/18479/19055/20190/20541/56424",21
"154","Exc-neuron.circadian","Exc-neuron","circadian","GO:0005814","centriole","21/1757","134/28804",6.25021383128963e-05,0.000289966731317232,0.000148144200981277,"78933/73420/214552/66994/70799/319675/28135/26370/338349/66573/74412/193740/15511/12589/16568/269702/260305/18286/237222/20620/19384",21
"155","Exc-neuron.circadian","Exc-neuron","circadian","GO:0031674","I band","22/1757","144/28804",6.26845792945202e-05,0.000289966731317232,0.000148144200981277,"60595/11549/11674/109676/381290/12289/12955/13405/23950/14225/14812/26556/57339/17772/67938/68802/70729/18479/19055/20190/20541/56424",22
"156","Exc-neuron.circadian","Exc-neuron","circadian","GO:0036064","ciliary basal body","25/1757","177/28804",7.75312377966322e-05,0.00035634549679606,0.000182057157579136,"78933/67378/73420/66994/26370/76670/93687/74256/12879/66573/74412/12589/16579/75782/171567/260305/18286/237222/241035/19172/14083/19893/104871/76260/207425",25
"157","Exc-neuron.circadian","Exc-neuron","circadian","GO:0043083","synaptic cleft","7/1757","19/28804",8.15369721040168e-05,0.000372369484067389,0.000190243823615138,"210933/11816/14810/14812/16773/18164/19142",7
"159","Exc-neuron.circadian","Exc-neuron","circadian","GO:0032587","ruffle membrane","14/1757","72/28804",9.89233286508872e-05,0.000446088217878529,0.000227906775044745,"11789/216190/11843/76709/76499/13627/99662/17920/18102/57028/19353/27050/71096/22003",14
"161","Exc-neuron.circadian","Exc-neuron","circadian","GO:0016607","nuclear speck","40/1757","350/28804",0.000105090760419193,0.000468012889568703,0.000239108104778549,"11835/70350/12177/12298/69131/432508/93687/67040/66573/20624/72826/269514/193740/15511/71529/192196/72289/433586/21761/18148/237859/74108/23983/71838/66537/28000/56194/19134/244631/224344/60365/66880/244891/319322/226026/66354/20383/21406/22427/30928",40
"162","Exc-neuron.circadian","Exc-neuron","circadian","GO:0000118","histone deacetylase complex","15/1757","82/28804",0.000117087796095905,0.000518221912350394,0.000264759928793859,"66471/12419/23837/107932/56233/79221/15254/26356/69260/21761/116871/245688/72895/52463/16969",15
"166","Exc-neuron.circadian","Exc-neuron","circadian","GO:0099524","postsynaptic cytosol","8/1757","27/28804",0.000147059517369736,0.000635190806952416,0.000324519416897072,"108100/12307/81489/53379/26556/15481/17999/18752",8
"168","Exc-neuron.circadian","Exc-neuron","circadian","GO:0098799","outer mitochondrial membrane protein complex","6/1757","15/28804",0.000158346574136975,0.000673788645235923,0.000344239078825664,"382793/68653/67952/223696/68512/66169",6
"171","Exc-neuron.circadian","Exc-neuron","circadian","GO:1903293","phosphatase complex","12/1757","58/28804",0.000165301216277682,0.000693105099830981,0.000354107868665024,"238276/12313/15939/19045/66385/19052/51792/72930/19055/19057/19058/74521",12
"178","Exc-neuron.circadian","Exc-neuron","circadian","GO:0030117","membrane coat","16/1757","97/28804",0.000247358198200107,0.000990814682175848,0.000506207897522125,"11769/71770/11773/232910/68953/75608/12757/59042/54160/13429/226922/67602/69608/20616/104015/72238",16
"179","Exc-neuron.circadian","Exc-neuron","circadian","GO:0048475","coated membrane","16/1757","97/28804",0.000247358198200107,0.000990814682175848,0.000506207897522125,"11769/71770/11773/232910/68953/75608/12757/59042/54160/13429/226922/67602/69608/20616/104015/72238",16
"181","Exc-neuron.circadian","Exc-neuron","circadian","GO:0071013","catalytic step 2 spliceosome","16/1757","98/28804",0.000279124930640087,0.00110570483574001,0.000564905355410005,"13207/20624/53379/229279/59013/15387/18458/28000/19134/60365/319322/20641/107686/67332/20646/66354",16
"182","Exc-neuron.circadian","Exc-neuron","circadian","GO:0019774","proteasome core complex, beta-subunit complex","5/1757","11/28804",0.000284362977834451,0.00110808834297446,0.000566123090883232,"19170/26446/19172/19173/19175",5
"184","Exc-neuron.circadian","Exc-neuron","circadian","GO:0099569","presynaptic cytoskeleton","5/1757","11/28804",0.000284362977834451,0.00110808834297446,0.000566123090883232,"11465/238988/18039/18040/116838",5
"186","Exc-neuron.circadian","Exc-neuron","circadian","GO:0005838","proteasome regulatory particle","7/1757","23/28804",0.000319713091875718,0.00123244240255317,0.000629655664814658,"19181/19182/23996/19184/66997/21762/19185",7
"187","Exc-neuron.circadian","Exc-neuron","circadian","GO:0000776","kinetochore","22/1757","161/28804",0.000326562000416122,0.00125211205507144,0.000639704903714104,"11461/11789/12419/268697/23837/68953/75608/76499/93687/53598/13426/56455/67117/15078/67733/78658/18393/18472/235072/24061/68014/52696",22
"195","Exc-neuron.circadian","Exc-neuron","circadian","GO:0022624","proteasome accessory complex","7/1757","25/28804",0.000562962956395735,0.00205941040681501,0.00105215418273746,"19181/19182/23996/19184/66997/21762/19185",7
"197","Exc-neuron.circadian","Exc-neuron","circadian","GO:0030532","small nuclear ribonucleoprotein complex","12/1757","66/28804",0.000581063024155854,0.00211483344324745,0.00108046984988639,"20624/192196/56194/319322/66125/20641/107686/67332/20646/20826/27366/66492",12
"205","Exc-neuron.circadian","Exc-neuron","circadian","GO:0016528","sarcoplasm","15/1757","98/28804",0.000859719276869437,0.00300692059275798,0.00153623778357157,"77559/432442/11938/12293/12317/14077/14225/22027/57339/319984/74840/70729/210530/20190/20745",15
"210","Exc-neuron.circadian","Exc-neuron","circadian","GO:0005905","clathrin-coated pit","12/1757","70/28804",0.00100276726143399,0.00340871383834017,0.00174151422703131,"11769/71770/11773/232910/11820/12757/15510/17920/67602/20616/104015/72238",12
"219","Exc-neuron.circadian","Exc-neuron","circadian","GO:0043196","varicosity","5/1757","15/28804",0.00150482676298355,0.004882175516105,0.002494306804088,"21939/13429/17755/23945/58800",5
"221","Exc-neuron.circadian","Exc-neuron","circadian","GO:1990124","messenger ribonucleoprotein complex","5/1757","15/28804",0.00150482676298355,0.004882175516105,0.002494306804088,"12877/229279/15481/18458/22608",5
"223","Exc-neuron.circadian","Exc-neuron","circadian","GO:0032809","neuronal cell body membrane","8/1757","38/28804",0.00177961827555569,0.00572191167521719,0.00292332858104027,"67972/11941/239857/15444/16500/98741/16508/21838",8
"224","Exc-neuron.circadian","Exc-neuron","circadian","GO:0000775","chromosome, centromeric region","27/1757","242/28804",0.00184096626498598,0.00589273576783457,0.00301060272657481,"11461/11789/12419/268697/23837/68953/75608/76499/93687/53598/13426/56455/67117/15078/67733/78658/18393/18472/241035/19052/51792/235072/24061/226026/20962/68014/52696",27
"225","Exc-neuron.circadian","Exc-neuron","circadian","GO:0032391","photoreceptor connecting cilium","9/1757","47/28804",0.00189490313246203,0.00603842464877901,0.00308503527530661,"26370/16568/16579/75782/260305/19893/104871/76260/213081",9
"226","Exc-neuron.circadian","Exc-neuron","circadian","GO:0005852","eukaryotic translation initiation factor 3 complex","5/1757","16/28804",0.00207961676904402,0.00656760946602522,0.00335539615969577,"56347/66085/53356/78655/73830",5
"233","Exc-neuron.circadian","Exc-neuron","circadian","GO:0000781","chromosome, telomeric region","16/1757","119/28804",0.00238353926033717,0.00733475386120923,0.003747330754901,"12144/12190/12419/107932/15078/15081/53379/68501/18393/19045/245688/226026/103677/320022/22427/22596",16
"236","Exc-neuron.circadian","Exc-neuron","circadian","GO:0030141","secretory granule","42/1757","440/28804",0.00283113749733278,0.00860137959994746,0.0043944507095085,"239273/54608/11773/76709/11964/108100/12190/12215/27062/12317/100503659/12466/17221/12540/12653/12876/329877/13405/56455/15510/74354/208943/245049/30052/14827/18619/19275/68365/19339/215615/212986/20254/20394/69048/20617/20655/20983/53420/21454/22318/22334/381677",42
"237","Exc-neuron.circadian","Exc-neuron","circadian","GO:0044298","cell body membrane","8/1757","41/28804",0.0029561018321107,0.0089055672841318,0.00454986040501779,"67972/11941/239857/15444/16500/98741/16508/21838",8
"238","Exc-neuron.circadian","Exc-neuron","circadian","GO:1905360","GTPase complex","8/1757","41/28804",0.0029561018321107,0.0089055672841318,0.00454986040501779,"14672/14677/14683/14693/14697/14704/15461/68441",8
"244","Exc-neuron.circadian","Exc-neuron","circadian","GO:0005881","cytoplasmic microtubule","12/1757","82/28804",0.00398826572669459,0.0117196169100001,0.00598756027993838,"69479/11789/73420/76499/74256/67117/213582/18472/319613/22070/22142/22143",12
"247","Exc-neuron.circadian","Exc-neuron","circadian","GO:0005818","aster","4/1757","12/28804",0.0045960660844591,0.0132344553516352,0.00676149227390305,"73420/67117/213582/18472",4
"248","Exc-neuron.circadian","Exc-neuron","circadian","GO:0034709","methylosome","4/1757","12/28804",0.0045960660844591,0.0132344553516352,0.00676149227390305,"15469/20641/107686/67332",4
"250","Exc-neuron.circadian","Exc-neuron","circadian","GO:0008180","COP9 signalosome","7/1757","35/28804",0.00461579146247509,0.0132380899143786,0.00676334917448982,"11946/70350/67299/56455/15516/193740/14828",7
"255","Exc-neuron.circadian","Exc-neuron","circadian","GO:0030673","axolemma","5/1757","20/28804",0.00602022159940299,0.0168613237764529,0.00861446182809309,"66797/54393/19876/268902/21838",5
"261","Exc-neuron.circadian","Exc-neuron","circadian","GO:0098833","presynaptic endocytic zone","4/1757","13/28804",0.00632114612807544,0.0173649876391957,0.00887178403940413,"12757/13429/17920/20616",4
"271","Exc-neuron.circadian","Exc-neuron","circadian","GO:0042645","mitochondrial nucleoid","8/1757","48/28804",0.00800894761233017,0.0211897248636189,0.0108258448983915,"11947/72831/15108/11740/20656/67267/22333/22334",8
"278","Exc-neuron.circadian","Exc-neuron","circadian","GO:0070822","Sin3-type complex","5/1757","22/28804",0.00923973083149232,0.023745114717491,0.0121313953192202,"26356/69260/21761/245688/52463",5
"280","Exc-neuron.circadian","Exc-neuron","circadian","GO:1905348","endonuclease complex","7/1757","40/28804",0.00982008531585383,0.02514643275524,0.0128473296613426,"239528/214150/15108/117109/69961/21357/22099",7
"291","Exc-neuron.circadian","Exc-neuron","circadian","GO:0008023","transcription elongation factor complex","8/1757","53/28804",0.0143963198871904,0.0354713448766855,0.0181223343126867,"69131/67673/67923/103551/76246/72895/66354/66317",8
"296","Exc-neuron.circadian","Exc-neuron","circadian","GO:0016591","RNA polymerase II, holoenzyme","10/1757","76/28804",0.0168417304363218,0.0406583189321304,0.0207723628986,"217218/66467/17920/69833/20022/19184/170472/76246/72895/66317",10
"297","Exc-neuron.circadian","Exc-neuron","circadian","GO:0016605","PML body","10/1757","76/28804",0.0168417304363218,0.0406583189321304,0.0207723628986,"70350/12144/12419/69642/68501/57320/74132/226026/22218/170930",10
"298","Exc-neuron.circadian","Exc-neuron","circadian","GO:0016581","NuRD complex","4/1757","17/28804",0.0173147590620595,0.0412633056299841,0.0210814510155391,"107932/116871/245688/16969",4
"301","Exc-neuron.circadian","Exc-neuron","circadian","GO:0055029","nuclear DNA-directed RNA polymerase complex","12/1757","99/28804",0.0173225313732569,0.0412633056299841,0.0210814510155391,"217218/66467/17920/20018/69833/20022/26939/19184/170472/76246/72895/66317",12
"306","Exc-neuron.circadian","Exc-neuron","circadian","GO:0046930","pore complex","5/1757","26/28804",0.0188660124551638,0.044061664268249,0.0225111343541814,"11739/11740/22333/22334/22335",5
"309","Exc-neuron.circadian","Exc-neuron","circadian","GO:0016281","eukaryotic translation initiation factor 4F complex","3/1757","10/28804",0.0196661199511781,0.0449063949203653,0.0229427078210191,"13681/13682/13690",3
"311","Exc-neuron.circadian","Exc-neuron","circadian","GO:0044224","juxtaparanode region of axon","3/1757","10/28804",0.0196661199511781,0.0449063949203653,0.0229427078210191,"66797/13385/16485",3
"312","Exc-neuron.circadian","Exc-neuron","circadian","GO:0097539","ciliary transition fiber","3/1757","10/28804",0.0196661199511781,0.0449063949203653,0.0229427078210191,"214552/66573/18286",3
"314","Exc-neuron.circadian","Exc-neuron","circadian","GO:1990454","L-type voltage-gated calcium channel complex","3/1757","10/28804",0.0196661199511781,0.0449063949203653,0.0229427078210191,"12289/12293/81905",3
"315","Exc-neuron.circadian","Exc-neuron","circadian","GO:0000792","heterochromatin","12/1757","101/28804",0.0200061275050629,0.0455377568924764,0.0232652710835819,"11674/12419/494448/13209/51788/75339/78658/18393/101739/22218/21454/30928",12
"320","Exc-neuron.circadian","Exc-neuron","circadian","GO:0043230","extracellular organelle","14/1757","126/28804",0.0216233517695231,0.0482988885319255,0.0246759351231154,"11465/239528/11674/11838/215705/16423/12520/53379/15481/15510/241035/18786/20983/22608",14
"322","Exc-neuron.circadian","Exc-neuron","circadian","GO:0030286","dynein complex","8/1757","57/28804",0.0216920406695255,0.0483018421119559,0.0246774441091693,"76670/240960/13426/56455/68097/67068/67117/209586",8
"324","Exc-neuron.sleep","Exc-neuron","sleep","GO:0022626","cytosolic ribosome","40/629","112/28804",9.88121535630127e-38,5.15799441598926e-35,3.15158763469398e-35,"14109/110954/67025/270106/67115/76808/19921/19933/65019/268449/68193/19941/19943/27367/19946/19951/68436/19982/66483/19989/26961/20005/56040/67186/67097/27207/20044/267019/16898/66475/20088/75617/27370/78294/27050/20091/20102/20115/20116/76846",40
"328","Exc-neuron.sleep","Exc-neuron","sleep","GO:0099572","postsynaptic specialization","61/629","438/28804",5.01636117885311e-31,5.23708107072265e-29,3.19991039408946e-29,"11514/109676/11838/216831/11928/11941/52163/12322/12325/66259/12361/12671/65945/13175/320127/104418/13405/13497/13518/14433/14704/14799/14800/14809/14810/14816/108069/108071/59013/26556/232227/241226/545156/16508/243499/11426/17755/17762/17751/17978/64011/56876/18222/23969/18483/109135/243725/19280/67115/76808/19946/19989/26961/20044/75617/27050/20503/234214/56013/433485/665113",61
"330","Exc-neuron.sleep","Exc-neuron","sleep","GO:0044391","ribosomal subunit","41/629","201/28804",8.70515811492453e-28,6.49156076570086e-26,3.96641038920621e-26,"14109/70316/110954/67025/270106/67115/76808/19921/19933/65019/268449/68193/19941/19943/27367/19946/19951/68436/19982/66483/19989/26961/20005/56040/67186/67097/27207/20044/267019/16898/66475/20088/75617/27370/78294/27050/20091/20102/20115/20116/76846",41
"333","Exc-neuron.sleep","Exc-neuron","sleep","GO:0005746","mitochondrial respirasome","22/629","85/28804",7.06056485518654e-18,3.68561485440738e-16,2.25194858012792e-16,"12857/12859/12864/12866/66142/12868/69875/67184/17992/66416/68375/70316/68342/104130/66495/66916/66218/68197/75406/66594/67530/66694",22
"334","Exc-neuron.sleep","Exc-neuron","sleep","GO:0098800","inner mitochondrial membrane protein complex","27/629","143/28804",8.11345176563562e-18,3.85020165605618e-16,2.35251280860057e-16,"11951/228033/71679/11957/103172/12857/12859/12864/12866/66142/12868/69875/67184/17992/66416/68375/70316/68342/104130/66495/66916/66218/68197/75406/66594/67530/66694",27
"335","Exc-neuron.sleep","Exc-neuron","sleep","GO:0098803","respiratory chain complex","22/629","87/28804",1.21919152467498e-17,5.30348313233617e-16,3.24048273663614e-16,"12857/12859/12864/12866/66142/12868/69875/67184/17992/66416/68375/70316/68342/104130/66495/66916/66218/68197/75406/66594/67530/66694",22
"337","Exc-neuron.sleep","Exc-neuron","sleep","GO:0070469","respirasome","22/629","95/28804",9.36695579121396e-17,3.4925363735812e-15,2.13397564266002e-15,"12857/12859/12864/12866/66142/12868/69875/67184/17992/66416/68375/70316/68342/104130/66495/66916/66218/68197/75406/66594/67530/66694",22
"342","Exc-neuron.sleep","Exc-neuron","sleep","GO:0043197","dendritic spine","28/629","200/28804",6.2975660749216e-15,1.7301734163732e-13,1.05715375108102e-13,"11352/11838/216831/13196/11418/232975/11941/12322/65945/320127/14799/14800/14810/14816/108069/108071/26556/241226/16508/17751/17978/64011/56876/18222/18483/243725/20512/433485",28
"343","Exc-neuron.sleep","Exc-neuron","sleep","GO:1902495","transmembrane transporter complex","37/629","373/28804",2.19422343479094e-14,5.72692316480436e-13,3.49920895127187e-13,"20927/11928/232975/11951/228033/12286/12296/12313/12314/66797/14799/14800/14809/14810/16508/16510/16531/433926/243499/69875/67184/17992/66416/68375/70316/68342/104130/66495/66916/66218/68197/75406/20265/68667/66594/67530/66694",37
"344","Exc-neuron.sleep","Exc-neuron","sleep","GO:0042734","presynaptic membrane","26/629","201/28804",3.89523397501115e-13,9.68243873788487e-12,5.91606964625754e-12,"23792/11514/232975/11941/12286/320405/12361/12671/244682/66797/320127/234267/14799/14800/14809/14810/14816/108069/16510/16531/18190/171171/19280/20265/20908/54525",26
"349","Exc-neuron.sleep","Exc-neuron","sleep","GO:0030964","NADH dehydrogenase complex","13/629","50/28804",3.84209728723585e-11,7.42805475532264e-10,4.53861784807977e-10,"69875/67184/17992/66416/68375/70316/68342/104130/66495/66916/66218/68197/75406",13
"354","Exc-neuron.sleep","Exc-neuron","sleep","GO:0005844","polysome","15/629","78/28804",1.27363106651175e-10,2.08862174391557e-09,1.27616936561085e-09,"67025/76808/19921/68193/19946/19951/19982/66483/19989/26961/66475/75617/27370/27050/20102",15
"360","Exc-neuron.sleep","Exc-neuron","sleep","GO:0045211","postsynaptic membrane","28/629","326/28804",9.27821768283587e-10,1.30898098120009e-08,7.99800841507616e-09,"109676/11838/11941/320405/12671/65945/320127/13405/223254/14799/14800/14809/14810/14816/108069/108071/16508/16510/16531/243499/50791/64011/23969/19280/24012/20503/21366/433485",28
"361","Exc-neuron.sleep","Exc-neuron","sleep","GO:1990204","oxidoreductase complex","17/629","121/28804",1.26933272432751e-09,1.74366232131305e-08,1.06539561072364e-08,"69875/67184/17992/66416/68375/70316/68342/104130/66495/66916/66218/68197/75406/18451/66594/67530/66694",17
"362","Exc-neuron.sleep","Exc-neuron","sleep","GO:0048786","presynaptic active zone","15/629","99/28804",4.11553961443132e-09,5.50849148393115e-08,3.36574494783452e-08,"11514/216831/11941/12286/66797/320127/234267/108069/16531/17978/171171/76787/67533/19339/20908",15
"363","Exc-neuron.sleep","Exc-neuron","sleep","GO:0070069","cytochrome complex","10/629","37/28804",4.70336980456774e-09,6.1378975949609e-08,3.75031855469481e-08,"12857/12859/12864/12866/66142/12868/17992/66594/67530/66694",10
"366","Exc-neuron.sleep","Exc-neuron","sleep","GO:0031256","leading edge membrane","18/629","156/28804",1.03128017232193e-08,1.25192616267918e-07,7.64939760620672e-08,"216831/11941/66797/13627/226352/14799/14810/241226/16410/16510/11426/17762/18102/23969/18483/18720/19271/27050",18
"368","Exc-neuron.sleep","Exc-neuron","sleep","GO:0008021","synaptic vesicle","21/629","234/28804",5.52211315537622e-08,6.40565126023642e-07,3.9139187978456e-07,"20927/11984/12313/30785/320127/13405/14799/14800/14810/15893/228355/17751/23980/19276/19280/19339/228960/20908/433485/54525/22334",21
"369","Exc-neuron.sleep","Exc-neuron","sleep","GO:0030426","growth cone","19/629","202/28804",1.12893235853313e-07,1.28109280685716e-06,7.82760880172854e-07,"12313/13175/13193/14086/234267/14800/14810/15519/15516/231876/17755/17762/18080/243725/239606/104069/170625/20257/20908",19
"373","Exc-neuron.sleep","Exc-neuron","sleep","GO:0043679","axon terminus","18/629","194/28804",2.97628486916522e-07,3.06822165140069e-06,1.87471498361446e-06,"11465/232975/12424/12671/320127/26431/14800/14809/14810/16531/109648/23969/23980/19276/19339/104069/54525/207777",18
"379","Exc-neuron.sleep","Exc-neuron","sleep","GO:0030133","transport vesicle","23/629","346/28804",2.72506608892942e-06,2.54015089003778e-05,1.55205831756694e-05,"20927/235574/11984/12313/30785/320127/13405/14799/14800/14810/15893/228355/17751/64011/23980/19276/19280/19339/228960/20908/433485/54525/22334",23
"384","Exc-neuron.sleep","Exc-neuron","sleep","GO:0001726","ruffle","14/629","151/28804",6.16149171603532e-06,5.27262077995153e-05,3.22162552193046e-05,"12488/12704/13627/226352/14086/16410/11426/18102/23969/67399/18720/19271/27050/20200",14
"386","Exc-neuron.sleep","Exc-neuron","sleep","GO:0048787","presynaptic active zone membrane","8/629","49/28804",1.01312696608519e-05,8.39448057613444e-05,5.12911396363931e-05,"11941/12286/66797/320127/234267/16531/171171/20908",8
"389","Exc-neuron.sleep","Exc-neuron","sleep","GO:0043292","contractile fiber","17/629","236/28804",1.92998224794327e-05,0.000152644050519149,9.32670847092201e-05,"11465/60595/11674/109676/12313/12314/13010/13405/13518/208727/26556/226438/67399/18810/19989/20265/21916",17
"390","Exc-neuron.sleep","Exc-neuron","sleep","GO:0032587","ruffle membrane","9/629","72/28804",2.66674741059515e-05,0.000207767484825473,0.000126948069978057,"13627/226352/16410/11426/18102/23969/18720/19271/27050",9
"396","Exc-neuron.sleep","Exc-neuron","sleep","GO:0009925","basal plasma membrane","18/629","275/28804",3.97327730099532e-05,0.000284116541249255,0.000173598128651995,"27416/11514/109676/11928/12361/12520/12671/94219/15516/16835/18222/18483/18810/20512/54403/21366/11987/20539",18
"400","Exc-neuron.sleep","Exc-neuron","sleep","GO:0033177","proton-transporting two-sector ATPase complex, proton-transporting domain","5/629","22/28804",9.45710111734385e-05,0.000632898305545319,0.000386707373624182,"11951/228033/71679/11957/11984",5
"403","Exc-neuron.sleep","Exc-neuron","sleep","GO:0016469","proton-transporting two-sector ATPase complex","7/629","50/28804",0.000101279004932499,0.000660845507184557,0.000403783401244043,"11951/228033/71679/11957/11984/73834/66144",7
"406","Exc-neuron.sleep","Exc-neuron","sleep","GO:0043195","terminal bouton","9/629","88/28804",0.000131451363112738,0.000826718211383729,0.000505133329399616,"12424/14800/14809/14810/16531/109648/19276/19339/104069",9
"408","Exc-neuron.sleep","Exc-neuron","sleep","GO:0045263","proton-transporting ATP synthase complex, coupling factor F(o)","4/629","13/28804",0.000137651275650438,0.000845340775170926,0.000516511907394213,"11951/228033/71679/11957",4
"409","Exc-neuron.sleep","Exc-neuron","sleep","GO:0030018","Z disc","11/629","131/28804",0.00014704116760045,0.000892505691714357,0.000545330156461888,"60595/11674/109676/13405/13518/208727/26556/226438/67399/18810/20265",11
"410","Exc-neuron.sleep","Exc-neuron","sleep","GO:0032589","neuron projection membrane","8/629","71/28804",0.000156942873627636,0.000941657241765814,0.000575362259034164,"11941/66797/14799/14810/241226/16510/17762/18483",8
"414","Exc-neuron.sleep","Exc-neuron","sleep","GO:0031674","I band","11/629","144/28804",0.000336164783657431,0.00192832985790307,0.00117822937476231,"60595/11674/109676/13405/13518/208727/26556/226438/67399/18810/20265",11
"416","Exc-neuron.sleep","Exc-neuron","sleep","GO:0098857","membrane microdomain","20/629","395/28804",0.000489388235658292,0.00273370634956261,0.00167032269392513,"11514/11838/11928/11941/12361/66797/13405/16508/16531/16835/17762/24012/269295/78473/11739/21960/22142/22143/22154/22334",20
"417","Exc-neuron.sleep","Exc-neuron","sleep","GO:0030027","lamellipodium","12/629","175/28804",0.00049227662233503,0.00273370634956261,0.00167032269392513,"11352/104418/13405/13800/14086/16410/18720/269608/243725/56013/20257/20908",12
"424","Exc-neuron.sleep","Exc-neuron","sleep","GO:0099571","postsynaptic cytoskeleton","4/629","19/28804",0.000672363888642531,0.00347498960268714,0.00212325438518694,"11465/30785/226180/243725",4
"431","Exc-neuron.sleep","Exc-neuron","sleep","GO:0005881","cytoplasmic microtubule","7/629","82/28804",0.00211673588744776,0.0102308901226642,0.00625117908281357,"56430/77521/18080/52250/22070/22142/22143",7
"433","Exc-neuron.sleep","Exc-neuron","sleep","GO:0097038","perinuclear endoplasmic reticulum","4/629","26/28804",0.00229788074454037,0.0109044886240916,0.00666275469469601,"13518/233552/16508/74309",4
"437","Exc-neuron.sleep","Exc-neuron","sleep","GO:0043194","axon initial segment","4/629","27/28804",0.00265144076143434,0.0121408076970941,0.00741815836301575,"12424/66797/269116/20265",4
"438","Exc-neuron.sleep","Exc-neuron","sleep","GO:0090575","RNA polymerase II transcription regulator complex","13/629","242/28804",0.00272598935950789,0.0123736212666358,0.00756040984833767,"11865/233490/13170/14281/14284/51810/16477/16911/17978/18143/17131/101206/21833",13
"441","Exc-neuron.sleep","Exc-neuron","sleep","GO:0019898","extrinsic component of membrane","16/629","337/28804",0.00326998513262851,0.0144655274511193,0.00883858604091381,"11816/12561/12563/320127/223254/14704/76071/545156/50791/18222/20200/170625/223435/22187/78610/72145",16
"444","Exc-neuron.sleep","Exc-neuron","sleep","GO:0098791","Golgi apparatus subcompartment","15/629","311/28804",0.00374163396223083,0.0161415944486322,0.0098626802136228,"235574/54667/56175/12211/12921/70028/14348/15893/17912/56846/30052/18554/56367/228960/233781",15
"448","Exc-neuron.sleep","Exc-neuron","sleep","GO:0098802","plasma membrane signaling receptor complex","11/629","199/28804",0.00453268770832877,0.018928503869981,0.0115655105315673,"11477/12982/14799/14800/14809/14810/14816/241226/16410/243499/78473",11
"450","Exc-neuron.sleep","Exc-neuron","sleep","GO:0016607","nuclear speck","16/629","350/28804",0.0046984445659023,0.0193117170346535,0.0117996577162735,"54194/67040/104418/208727/51810/67684/72289/17762/18720/18795/228852/19134/20637/225027/101869/235320",16
"456","Exc-neuron.sleep","Exc-neuron","sleep","GO:0043083","synaptic cleft","3/629","19/28804",0.00773797835654394,0.0303701105422251,0.0185564498775846,"210933/11816/14810",3
"460","Exc-neuron.sleep","Exc-neuron","sleep","GO:0016363","nuclear matrix","7/629","106/28804",0.00869582572296676,0.0331330001999171,0.0202446038729076,"54194/12361/13435/23885/51810/320678/56876",7
"461","Exc-neuron.sleep","Exc-neuron","sleep","GO:0016010","dystrophin-associated glycoprotein complex","3/629","20/28804",0.00895773520172455,0.0331626792574483,0.0202627380822885,"13405/13527/244431",3
"462","Exc-neuron.sleep","Exc-neuron","sleep","GO:0030673","axolemma","3/629","20/28804",0.00895773520172455,0.0331626792574483,0.0202627380822885,"66797/16510/17762",3
"463","Exc-neuron.sleep","Exc-neuron","sleep","GO:0033268","node of Ranvier","3/629","20/28804",0.00895773520172455,0.0331626792574483,0.0202627380822885,"269116/20265/20745",3
"465","Exc-neuron.sleep","Exc-neuron","sleep","GO:0019897","extrinsic component of plasma membrane","10/629","190/28804",0.00922852700465343,0.0334520995181028,0.0204395768380423,"11816/12561/12563/320127/223254/14704/50791/18222/20200/170625",10
"466","Exc-neuron.sleep","Exc-neuron","sleep","GO:0031672","A band","4/629","38/28804",0.00923525964187798,0.0334520995181028,0.0204395768380423,"109676/13518/208727/19989",4
"467","Exc-neuron.sleep","Exc-neuron","sleep","GO:0032809","neuronal cell body membrane","4/629","38/28804",0.00923525964187798,0.0334520995181028,0.0204395768380423,"11514/11941/239857/16508",4
"469","Exc-neuron.sleep","Exc-neuron","sleep","GO:0035770","ribonucleoprotein granule","12/629","253/28804",0.0101512641078673,0.0362942456459366,0.0221761573517217,"11838/11865/319618/15388/51810/226180/17762/19943/20102/217351/22142/22154",12
"472","Exc-neuron.sleep","Exc-neuron","sleep","GO:0044298","cell body membrane","4/629","41/28804",0.0120386362747223,0.0421756250698326,0.0257697406657779,"11514/11941/239857/16508",4
"481","Inh-neuron.circadian","Inh-neuron","circadian","GO:0030426","growth cone","15/238","202/28804",1.59664563876657e-10,1.28050980229079e-08,8.16810295200582e-09,"12313/12631/54160/12877/238988/14810/15519/15516/17755/18212/56177/239606/20614/20257/22627",15
"484","Inh-neuron.circadian","Inh-neuron","circadian","GO:0099572","postsynaptic specialization","20/238","438/28804",8.36766449625861e-10,4.19429182874963e-08,2.67545062183006e-08,"226251/11461/11838/216831/11928/66259/12877/12955/238988/14433/14810/15481/241568/17755/64011/18212/50873/116837/68585/22631",20
"488","Inh-neuron.circadian","Inh-neuron","circadian","GO:1902495","transmembrane transporter complex","16/238","373/28804",1.01531680693333e-07,3.39285032983554e-06,2.16422793056841e-06,"11928/11931/11951/12287/12313/12314/14407/14810/16497/70357/80334/72413/238076/66218/56177/20614",16
"491","Inh-neuron.circadian","Inh-neuron","circadian","GO:0043195","terminal bouton","8/238","88/28804",7.02881452733972e-07,1.77965238074074e-05,1.13520285738286e-05,"12424/238988/14810/15481/18212/50873/19276/19339",8
"492","Inh-neuron.circadian","Inh-neuron","circadian","GO:0043679","axon terminus","11/238","194/28804",7.10085737951419e-07,1.77965238074074e-05,1.13520285738286e-05,"11461/11465/12287/12424/238988/14810/15481/18212/50873/19276/19339",11
"495","Inh-neuron.circadian","Inh-neuron","circadian","GO:0045211","postsynaptic membrane","13/238","326/28804",3.65243679908799e-06,7.70856398123307e-05,4.91713098159768e-05,"11838/14407/14810/74053/15481/383348/241568/50791/26422/64011/68585/232333/23964",13
"497","Inh-neuron.circadian","Inh-neuron","circadian","GO:0048786","presynaptic active zone","7/238","99/28804",1.87929213584457e-05,0.000358855307844606,0.000228906260155504,"216831/238988/18212/19339/116837/72961/20614",7
"498","Inh-neuron.circadian","Inh-neuron","circadian","GO:0008021","synaptic vesicle","10/238","234/28804",2.73077547029532e-05,0.000497745892540192,0.00031750164558936,"11984/12313/14810/15481/50873/19276/19339/72961/20614/22318",10
"499","Inh-neuron.circadian","Inh-neuron","circadian","GO:0030133","transport vesicle","12/238","346/28804",3.44331881075291e-05,0.000595889360657855,0.000380105301587764,"432442/11984/12313/14810/15481/64011/50873/19276/19339/72961/20614/22318",12
"504","Inh-neuron.circadian","Inh-neuron","circadian","GO:0043197","dendritic spine","9/238","200/28804",4.62601286827942e-05,0.000662511128635731,0.000422601927440563,"11838/216831/12631/12955/14810/15481/64011/18212/23964",9
"505","Inh-neuron.circadian","Inh-neuron","circadian","GO:0042734","presynaptic membrane","9/238","201/28804",4.80852855140034e-05,0.000664903430728115,0.000424127926675238,"244682/53870/238988/14810/383348/19266/116837/232333/20614",9
"507","Inh-neuron.circadian","Inh-neuron","circadian","GO:0016469","proton-transporting two-sector ATPase complex","5/238","50/28804",5.77792358623847e-05,0.000747402373574718,0.000476752268745653,"11947/11951/11984/73834/11973",5
"508","Inh-neuron.circadian","Inh-neuron","circadian","GO:0099569","presynaptic cytoskeleton","3/238","11/28804",8.7520524172873e-05,0.00109674156854131,0.000699588400460794,"11465/238988/116837",3
"510","Inh-neuron.circadian","Inh-neuron","circadian","GO:0098857","membrane microdomain","12/238","395/28804",0.000121371471177555,0.00143146941006469,0.000913104256846622,"11461/11838/11928/11931/11947/74053/15481/50873/11739/20614/22142/22154",12
"513","Inh-neuron.circadian","Inh-neuron","circadian","GO:0008180","COP9 signalosome","4/238","35/28804",0.000194587746850237,0.00210891044559311,0.00134522965816807,"70350/56455/15516/14828",4
"521","Inh-neuron.circadian","Inh-neuron","circadian","GO:0030027","lamellipodium","7/238","175/28804",0.000656969383196053,0.00584547074210417,0.00372870295401316,"226251/11461/12631/14158/20614/20257/57816",7
"523","Inh-neuron.circadian","Inh-neuron","circadian","GO:0016607","nuclear speck","10/238","350/28804",0.000713301664405299,0.00596973549586246,0.00380796882922845,"14266/70350/80744/67769/192196/21761/71838/50873/56194/22427",10
"527","Inh-neuron.circadian","Inh-neuron","circadian","GO:0019897","extrinsic component of plasma membrane","7/238","190/28804",0.00106329833217146,0.00836044374903442,0.0053329513873615,"14158/16497/70357/50791/56177/20614/23964",7
"532","Inh-neuron.circadian","Inh-neuron","circadian","GO:0032589","neuron projection membrane","4/238","71/28804",0.00286367754460697,0.0205059767033463,0.0130803316417198,"57436/14407/14810/19876",4
"535","Inh-neuron.circadian","Inh-neuron","circadian","GO:0043292","contractile fiber","7/238","236/28804",0.00360963699442297,0.024533295504468,0.015649273677873,"11465/11674/12313/12314/12955/57339/74103",7
"537","Inh-neuron.circadian","Inh-neuron","circadian","GO:0034663","endoplasmic reticulum chaperone complex","2/238","12/28804",0.00424874951230579,0.0274798153941068,0.0175287967994959,"14828/71853",2
"538","Inh-neuron.circadian","Inh-neuron","circadian","GO:0044294","dendritic growth cone","2/238","12/28804",0.00424874951230579,0.0274798153941068,0.0175287967994959,"15519/15516",2
"544","Inh-neuron.circadian","Inh-neuron","circadian","GO:0001725","stress fiber","4/238","88/28804",0.00616486588362324,0.0350875448420271,0.0223816075511552,"226251/11461/77569/74103",4
"545","Inh-neuron.circadian","Inh-neuron","circadian","GO:0097517","contractile actin filament bundle","4/238","88/28804",0.00616486588362324,0.0350875448420271,0.0223816075511552,"226251/11461/77569/74103",4
"547","Inh-neuron.circadian","Inh-neuron","circadian","GO:0031225","anchored component of membrane","6/238","198/28804",0.00622537915944935,0.0350875448420271,0.0223816075511552,"269784/244682/53870/268890/19339/20614",6
"552","Inh-neuron.circadian","Inh-neuron","circadian","GO:1990124","messenger ribonucleoprotein complex","2/238","15/28804",0.0066500084987383,0.0350875448420271,0.0223816075511552,"12877/15481",2
"553","Inh-neuron.circadian","Inh-neuron","circadian","GO:0098800","inner mitochondrial membrane protein complex","5/238","143/28804",0.00681915888467697,0.0355127625033177,0.0226528449620848,"11947/11951/12857/12868/66218",5
"554","Inh-neuron.circadian","Inh-neuron","circadian","GO:0019898","extrinsic component of membrane","8/238","337/28804",0.00722759126445285,0.037157232013405,0.0237018175069101,"14158/16497/70357/50791/56177/20614/23964/22187",8
"558","Inh-neuron.circadian","Inh-neuron","circadian","GO:0005681","spliceosomal complex","6/238","210/28804",0.00820866713140904,0.0401423843865247,0.0256059834779512,"80744/13207/15481/74200/192196/56194",6
"559","Inh-neuron.circadian","Inh-neuron","circadian","GO:0033178","proton-transporting two-sector ATPase complex, catalytic domain","2/238","17/28804",0.00852034033614972,0.0411645358409161,0.026257992411977,"11947/11973",2
"563","Inh-neuron.circadian","Inh-neuron","circadian","GO:0031256","leading edge membrane","5/238","156/28804",0.00972950763134122,0.0448452018410095,0.0286058119106584,"216831/57436/14407/14810/19876",5
"568","Inh-neuron.circadian","Inh-neuron","circadian","GO:0099571","postsynaptic cytoskeleton","2/238","19/28804",0.0105975552742824,0.0461915180976874,0.0294645987603046,"11461/11465",2
"574","Inh-neuron.circadian","Inh-neuron","circadian","GO:0098831","presynaptic active zone cytoplasmic component","2/238","20/28804",0.0117114687411099,0.0475701838208795,0.0303440206548726,"238988/116837",2
"577","Inh-neuron.circadian","Inh-neuron","circadian","GO:0099568","cytoplasmic region","6/238","229/28804",0.0122209952281882,0.0485209810544898,0.0309505142308466,"11838/56455/238988/57436/16497/116837",6
"578","Inh-neuron.sleep","Inh-neuron","sleep","GO:0022626","cytosolic ribosome","14/63","112/28804",2.48371104257587e-21,5.98574361260785e-19,3.81707170753765e-19,"67025/19933/65019/19943/27367/19951/56040/67097/20044/16898/20088/78294/20091/20102",14
"579","Inh-neuron.sleep","Inh-neuron","sleep","GO:0044391","ribosomal subunit","15/63","201/28804",2.42859562728369e-19,2.92645773087684e-17,1.86618400833378e-17,"18148/67025/19933/65019/19943/27367/19951/56040/67097/20044/16898/20088/78294/20091/20102",15
"586","Inh-neuron.sleep","Inh-neuron","sleep","GO:0098800","inner mitochondrial membrane protein complex","8/63","143/28804",9.31690409791458e-10,2.49485987510824e-08,1.59095672315266e-08,"66043/71679/103172/12857/12864/67184/17992/66218",8
"588","Inh-neuron.sleep","Inh-neuron","sleep","GO:0005746","mitochondrial respirasome","5/63","85/28804",1.22047942849929e-06,2.67395947516663e-05,1.70516743120475e-05,"12857/12864/67184/17992/66218",5
"589","Inh-neuron.sleep","Inh-neuron","sleep","GO:0098803","respiratory chain complex","5/63","87/28804",1.3702271593731e-06,2.75187287840764e-05,1.75485232691642e-05,"12857/12864/67184/17992/66218",5
"590","Inh-neuron.sleep","Inh-neuron","sleep","GO:0070469","respirasome","5/63","95/28804",2.12000008837002e-06,3.93015400997827e-05,2.50623492228358e-05,"12857/12864/67184/17992/66218",5
"593","Inh-neuron.sleep","Inh-neuron","sleep","GO:0070069","cytochrome complex","3/63","37/28804",7.34700229443088e-05,0.00110664222059865,0.00070569890459665,"12857/12864/17992",3
"595","Inh-neuron.sleep","Inh-neuron","sleep","GO:0016469","proton-transporting two-sector ATPase complex","3/63","50/28804",0.000181611953241504,0.00218842403656013,0.00139554448280314,"66043/71679/11984",3
"596","Inh-neuron.sleep","Inh-neuron","sleep","GO:0030964","NADH dehydrogenase complex","3/63","50/28804",0.000181611953241504,0.00218842403656013,0.00139554448280314,"67184/17992/66218",3
"599","Inh-neuron.sleep","Inh-neuron","sleep","GO:0005844","polysome","3/63","78/28804",0.000674856308116953,0.00739274410255389,0.00471430722416627,"67025/19951/20102",3
"601","Inh-neuron.sleep","Inh-neuron","sleep","GO:0043195","terminal bouton","3/63","88/28804",0.00095843852380738,0.00927886652342268,0.00591707583498454,"12424/15481/19339",3
"603","Inh-neuron.sleep","Inh-neuron","sleep","GO:0033177","proton-transporting two-sector ATPase complex, proton-transporting domain","2/63","22/28804",0.00105730117281564,0.00980036856340653,0.00624963446279691,"71679/11984",2
"604","Inh-neuron.sleep","Inh-neuron","sleep","GO:1902495","transmembrane transporter complex","5/63","373/28804",0.00134651455262017,0.0120188891548689,0.00766437133265283,"12286/12313/67184/17992/66218",5
"607","Inh-neuron.sleep","Inh-neuron","sleep","GO:0008021","synaptic vesicle","4/63","234/28804",0.00173741050683608,0.0139324418785755,0.0088846320780608,"11984/12313/15481/19339",4
"608","Inh-neuron.sleep","Inh-neuron","sleep","GO:0043292","contractile fiber","4/63","236/28804",0.00179213982670473,0.0139324418785755,0.0088846320780608,"11674/12313/13010/13518",4
"611","Inh-neuron.sleep","Inh-neuron","sleep","GO:1990204","oxidoreductase complex","3/63","121/28804",0.0023897171748688,0.0163212584972239,0.0104079656719576,"67184/17992/66218",3
"613","Inh-neuron.sleep","Inh-neuron","sleep","GO:0101031","chaperone complex","2/63","34/28804",0.00252472751892326,0.0163212584972239,0.0104079656719576,"15516/15481",2
"617","Inh-neuron.sleep","Inh-neuron","sleep","GO:0099572","postsynaptic specialization","5/63","438/28804",0.00270892257215334,0.0163212584972239,0.0104079656719576,"13518/14433/15481/11426/20044",5
"621","Inh-neuron.sleep","Inh-neuron","sleep","GO:0030133","transport vesicle","4/63","346/28804",0.00698564540246508,0.037608739873423,0.0239828609806498,"11984/12313/15481/19339",4
"624","Inh-neuron.sleep","Inh-neuron","sleep","GO:0043679","axon terminus","3/63","194/28804",0.00888247543817562,0.045251654839922,0.0288567006186006,"12424/15481/19339",3
"630","Astro.circadian","Astro","circadian","GO:0098800","inner mitochondrial membrane protein complex","15/150","143/28804",1.18848512739079e-15,1.52918419724282e-13,8.96576499610596e-14,"11951/228033/71679/11958/66477/103172/12857/12859/110323/12866/12868/17992/68202/66218/67530",15
"632","Astro.circadian","Astro","circadian","GO:0043679","axon terminus","14/150","194/28804",1.98137067472834e-12,1.52961816089028e-10,8.96830936982301e-11,"11461/11465/76709/12424/14225/14805/15481/16526/16531/23980/19339/235072/20617/104069",14
"634","Astro.circadian","Astro","circadian","GO:0016469","proton-transporting two-sector ATPase complex","8/150","50/28804",1.99923053300942e-10,1.10243283677376e-08,6.46367766311315e-09,"11951/228033/71679/11958/66477/11984/11973/66144",8
"635","Astro.circadian","Astro","circadian","GO:0005746","mitochondrial respirasome","9/150","85/28804",6.50043322706654e-10,2.62081812402278e-08,1.53661275338123e-08,"12857/12859/110323/12866/12868/17992/68202/66218/67530",9
"637","Astro.circadian","Astro","circadian","GO:0030426","growth cone","12/150","202/28804",7.54482963209741e-10,2.62081812402278e-08,1.53661275338123e-08,"76709/12313/12631/15519/15516/18189/56177/20614/20617/104069/20257/22627",12
"638","Astro.circadian","Astro","circadian","GO:0098803","respiratory chain complex","9/150","87/28804",8.02680294716668e-10,2.62081812402278e-08,1.53661275338123e-08,"12857/12859/110323/12866/12868/17992/68202/66218/67530",9
"639","Astro.circadian","Astro","circadian","GO:0070069","cytochrome complex","7/150","37/28804",8.14762111095164e-10,2.62081812402278e-08,1.53661275338123e-08,"12857/12859/110323/12866/12868/17992/67530",7
"641","Astro.circadian","Astro","circadian","GO:0070469","respirasome","9/150","95/28804",1.77502159165309e-09,4.89398810270066e-08,2.86939580605575e-08,"12857/12859/110323/12866/12868/17992/68202/66218/67530",9
"644","Astro.circadian","Astro","circadian","GO:1902495","transmembrane transporter complex","14/150","373/28804",1.06780024951158e-08,2.42453468418512e-07,1.42152974393183e-07,"11931/11951/228033/12313/12314/14805/16526/16531/17992/68202/66218/56177/20614/67530",14
"648","Astro.circadian","Astro","circadian","GO:0033177","proton-transporting two-sector ATPase complex, proton-transporting domain","5/150","22/28804",8.78199820467709e-08,1.61421490809779e-06,9.4643088421332e-07,"11951/228033/71679/11958/11984",5
"650","Astro.circadian","Astro","circadian","GO:0043195","terminal bouton","7/150","88/28804",4.02540625792739e-07,6.75568180678249e-06,3.96092606615281e-06,"12424/14805/15481/16531/19339/20617/104069",7
"651","Astro.circadian","Astro","circadian","GO:0045263","proton-transporting ATP synthase complex, coupling factor F(o)","4/150","13/28804",4.87042530406289e-07,7.83326736403449e-06,4.59272561567334e-06,"11951/228033/71679/11958",4
"657","Astro.circadian","Astro","circadian","GO:0043292","contractile fiber","9/150","236/28804",4.352904762942e-06,5.60073746165204e-05,3.28377025976327e-05,"11465/11674/109676/12313/12314/12955/13010/14225/64009",9
"660","Astro.circadian","Astro","circadian","GO:0099572","postsynaptic specialization","11/150","438/28804",1.98977666966729e-05,0.000232743574088356,0.000136459962991537,"11461/109676/66259/12955/12386/14433/14805/15481/64011/68585/22631",11
"663","Astro.circadian","Astro","circadian","GO:0034663","endoplasmic reticulum chaperone complex","3/150","12/28804",2.94219543342771e-05,0.000315468732584193,0.000184962578417239,"22027/14828/71853",3
"664","Astro.circadian","Astro","circadian","GO:0008180","COP9 signalosome","4/150","35/28804",3.2624293394175e-05,0.000331394138161883,0.000194299808303258,"70350/56455/15516/14828",4
"667","Astro.circadian","Astro","circadian","GO:0030027","lamellipodium","7/150","175/28804",3.84195263039523e-05,0.00037074842883314,0.000217373635667099,"11461/76709/68732/12631/12386/20614/20257",7
"670","Astro.circadian","Astro","circadian","GO:0045211","postsynaptic membrane","9/150","326/28804",5.60317901004989e-05,0.000502983046018432,0.000294904158423678,"109676/12386/14805/15481/16531/64011/24012/68585/64009",9
"672","Astro.circadian","Astro","circadian","GO:0043197","dendritic spine","7/150","200/28804",8.91792712173482e-05,0.000764959970886587,0.000448503937116488,"76709/12631/12955/210293/15481/64011/20512",7
"673","Astro.circadian","Astro","circadian","GO:0042734","presynaptic membrane","7/150","201/28804",9.1999070733455e-05,0.000771992202241601,0.000452627007041026,"23792/12386/14805/16531/18189/235072/20614",7
"676","Astro.circadian","Astro","circadian","GO:0048786","presynaptic active zone","5/150","99/28804",0.000172842765290232,0.00136157770208224,0.000798307079213747,"12386/16531/18189/19339/20614",5
"677","Astro.circadian","Astro","circadian","GO:0005938","cell cortex","8/150","306/28804",0.00021142093201242,0.00163216959513589,0.000956957902793061,"11461/12631/12386/56431/13627/77767/235072/20617",8
"681","Astro.circadian","Astro","circadian","GO:0008021","synaptic vesicle","7/150","234/28804",0.000234768068351617,0.00166788818618305,0.0009779000818908,"11984/12313/15481/23980/19339/20614/20617",7
"682","Astro.circadian","Astro","circadian","GO:0098857","membrane microdomain","9/150","395/28804",0.000237652461761834,0.00166788818618305,0.0009779000818908,"11461/11931/15481/16531/24012/11739/20614/22142/22154",9
"683","Astro.circadian","Astro","circadian","GO:0022626","cytosolic ribosome","5/150","112/28804",0.000307113549417129,0.00211688982276807,0.00124115438204291,"14109/19941/67186/16898/20090",5
"686","Astro.circadian","Astro","circadian","GO:1990204","oxidoreductase complex","5/150","121/28804",0.000438369424311866,0.00286797623363356,0.0016815241075299,"104174/17992/68202/66218/67530",5
"688","Astro.circadian","Astro","circadian","GO:0005635","nuclear envelope","9/150","435/28804",0.000479288836202003,0.00298749409214875,0.00175159866324511,"13010/14433/15370/18189/24012/68585/20617/64009/22154",9
"689","Astro.circadian","Astro","circadian","GO:0030133","transport vesicle","8/150","346/28804",0.000479856564023892,0.00298749409214875,0.00175159866324511,"11984/12313/15481/64011/23980/19339/20614/20617",8
"690","Astro.circadian","Astro","circadian","GO:0032587","ruffle membrane","4/150","72/28804",0.000552119025314202,0.00338282450430606,0.00198338496980039,"216190/76709/13627/18102",4
"693","Astro.circadian","Astro","circadian","GO:0016234","inclusion body","4/150","80/28804",0.00082191452282423,0.00480695463348716,0.00281836718352806,"15516/19184/20617/104069",4
"700","Astro.circadian","Astro","circadian","GO:0044294","dendritic growth cone","2/150","12/28804",0.00171812596917964,0.0090848852616896,0.00532656212507026,"15519/15516",2
"705","Astro.circadian","Astro","circadian","GO:0048787","presynaptic active zone membrane","3/150","49/28804",0.00213988453929656,0.0105896850278009,0.00620884178068503,"16531/18189/20614",3
"707","Astro.circadian","Astro","circadian","GO:0030964","NADH dehydrogenase complex","3/150","50/28804",0.00226785244959543,0.0108072968585659,0.00633642984617308,"17992/68202/66218",3
"714","Astro.circadian","Astro","circadian","GO:0033178","proton-transporting two-sector ATPase complex, catalytic domain","2/150","17/28804",0.00348044478897533,0.0154419734315457,0.00905378862225888,"11973/66144",2
"717","Astro.circadian","Astro","circadian","GO:0044391","ribosomal subunit","5/150","201/28804",0.00411787747159417,0.0176476287606334,0.0103469871380861,"14109/19941/67186/16898/20090",5
"720","Astro.circadian","Astro","circadian","GO:0031430","M band","2/150","19/28804",0.00434640434004613,0.0176601271079769,0.0103543150483093,"109676/12955",2
"722","Astro.circadian","Astro","circadian","GO:0099571","postsynaptic cytoskeleton","2/150","19/28804",0.00434640434004613,0.0176601271079769,0.0103543150483093,"11461/11465",2
"723","Astro.circadian","Astro","circadian","GO:0019867","outer membrane","5/150","209/28804",0.00485240136268359,0.0193095559381017,0.0113213922189579,"18102/23980/11739/20617/22187",5
"725","Astro.circadian","Astro","circadian","GO:0030018","Z disc","4/150","131/28804",0.00496470211878068,0.0193573234126196,0.0113493987829649,"11674/109676/12955/14225",4
"733","Astro.circadian","Astro","circadian","GO:0031674","I band","4/150","144/28804",0.00691205774460334,0.025170323485065,0.0147576208052604,"11674/109676/12955/14225",4
"734","Astro.circadian","Astro","circadian","GO:0099523","presynaptic cytosol","2/150","25/28804",0.00747109865356191,0.0269518138343448,0.0158021270095013,"15481/104069",2
"735","Astro.circadian","Astro","circadian","GO:0036464","cytoplasmic ribonucleoprotein granule","5/150","235/28804",0.00787937844185151,0.0280105547823744,0.0164228777698677,"11461/58521/64009/22142/22154",5
"738","Astro.circadian","Astro","circadian","GO:0001726","ruffle","4/150","151/28804",0.00814394355171716,0.0280105547823744,0.0164228777698677,"216190/76709/13627/18102",4
"741","Astro.circadian","Astro","circadian","GO:0031256","leading edge membrane","4/150","156/28804",0.00910678929245319,0.0308352690077801,0.0180790369148424,"216190/76709/13627/18102",4
"747","Astro.circadian","Astro","circadian","GO:0016607","nuclear speck","6/150","350/28804",0.0102433502493063,0.0329494433019351,0.0193185991543934,"70350/68732/192196/72289/170791/244891",6
"750","Astro.circadian","Astro","circadian","GO:0035770","ribonucleoprotein granule","5/150","253/28804",0.0106181312780858,0.0333219404336677,0.019536998072644,"11461/58521/64009/22142/22154",5
"755","Astro.circadian","Astro","circadian","GO:0016324","apical plasma membrane","6/150","370/28804",0.013181192484461,0.0397495335859528,0.0233055623697296,"11931/11973/15516/16173/16526/16531",6
"756","Astro.circadian","Astro","circadian","GO:0101031","chaperone complex","2/150","34/28804",0.0135506881626576,0.0405470203936888,0.0237731371274695,"15516/15481",2
"758","Astro.circadian","Astro","circadian","GO:0045171","intercellular bridge","3/150","97/28804",0.0142886718382516,0.0421024986989703,0.024685130134384,"22153/227613/22154",3
"759","Astro.circadian","Astro","circadian","GO:0016528","sarcoplasm","3/150","98/28804",0.0146847431327955,0.0428721050990417,0.0251363583209544,"14225/22027/16531",3
"760","Astro.circadian","Astro","circadian","GO:0009925","basal plasma membrane","5/150","275/28804",0.014771994762105,0.0428721050990417,0.0251363583209544,"109676/11931/12386/15516/20512",5
"762","Astro.circadian","Astro","circadian","GO:0031672","A band","2/150","38/28804",0.0167522998519748,0.0475469686975166,0.0278772791654379,"109676/12955",2
"764","Astro.circadian","Astro","circadian","GO:0070062","extracellular exosome","3/150","104/28804",0.0171913125612514,0.0484368368514091,0.0283990180612298,"11465/11674/15481",3
"767","Astro.sleep","Astro","sleep","GO:0022626","cytosolic ribosome","2/17","112/28804",0.00196162488315266,0.0268251383322183,0.0125497723191664,"56040/20116",2
"768","Astro.sleep","Astro","sleep","GO:0005635","nuclear envelope","3/17","435/28804",0.00198704728386802,0.0268251383322183,0.0125497723191664,"11816/13010/260315",3
"769","Astro.sleep","Astro","sleep","GO:0044391","ribosomal subunit","2/17","201/28804",0.00615057588395971,0.0449172748429798,0.0210139297511016,"56040/20116",2
"776","Astro.sleep","Astro","sleep","GO:0043083","synaptic cleft","1/17","19/28804",0.0111578226851677,0.0487737072523713,0.0228181086560801,"11816",1
"777","Astro.sleep","Astro","sleep","GO:0016010","dystrophin-associated glycoprotein complex","1/17","20/28804",0.0117418184126079,0.0487737072523713,0.0228181086560801,"244431",1
"784","Micro.circadian","Micro","circadian","GO:0030426","growth cone","7/84","202/28804",2.15664295765323e-06,9.66852219934272e-05,5.74641849298565e-05,"12313/15519/15516/56177/20614/20257/22627",7
"788","Micro.circadian","Micro","circadian","GO:0008180","COP9 signalosome","4/84","35/28804",3.28861299297371e-06,9.66852219934272e-05,5.74641849298565e-05,"70350/56455/15516/14828",4
"789","Micro.circadian","Micro","circadian","GO:0070069","cytochrome complex","4/84","37/28804",4.12975867921421e-06,0.00011037718651718,6.56019082056994e-05,"12857/110323/12864/12868",4
"791","Micro.circadian","Micro","circadian","GO:0099572","postsynaptic specialization","9/84","438/28804",5.38234742332782e-06,0.000121723857112183,7.23457224512079e-05,"11461/66259/68097/14433/15481/11426/64011/50873/20965",9
"794","Micro.circadian","Micro","circadian","GO:0043679","axon terminus","6/84","194/28804",2.27006992417127e-05,0.000417125348566471,0.000247915531192389,"11461/12424/12890/14225/15481/50873",6
"795","Micro.circadian","Micro","circadian","GO:0008021","synaptic vesicle","6/84","234/28804",6.45898699742671e-05,0.00111702481014321,0.000663895877134882,"11984/12313/15481/50873/20614/20965",6
"796","Micro.circadian","Micro","circadian","GO:0030133","transport vesicle","7/84","346/28804",6.96361699736492e-05,0.00113739077623627,0.000676000246527822,"11984/12313/15481/64011/50873/20614/20965",7
"798","Micro.circadian","Micro","circadian","GO:0005746","mitochondrial respirasome","4/84","85/28804",0.000113830674840874,0.00167331092016085,0.000994520632820267,"12857/110323/12864/12868",4
"799","Micro.circadian","Micro","circadian","GO:0098803","respiratory chain complex","4/84","87/28804",0.00012458425435932,0.00174032490908192,0.00103434992806158,"12857/110323/12864/12868",4
"800","Micro.circadian","Micro","circadian","GO:0043195","terminal bouton","4/84","88/28804",0.000130228394557151,0.00174032490908192,0.00103434992806158,"12424/12890/15481/50873",4
"802","Micro.circadian","Micro","circadian","GO:0098857","membrane microdomain","7/84","395/28804",0.000158170992166548,0.00187394576300317,0.00111376654729154,"11461/11931/15481/50873/20614/21812/22142",7
"804","Micro.circadian","Micro","circadian","GO:0070469","respirasome","4/84","95/28804",0.000175059016798797,0.00197951349764794,0.00117650999144131,"12857/110323/12864/12868",4
"806","Micro.circadian","Micro","circadian","GO:0031201","SNARE complex","3/84","48/28804",0.000376392985575605,0.00385224129636456,0.00228955265018445,"12890/20614/20965",3
"807","Micro.circadian","Micro","circadian","GO:0005681","spliceosomal complex","5/84","210/28804",0.000379982985015552,0.00385224129636456,0.00228955265018445,"13207/15481/192196/20646/20826",5
"808","Micro.circadian","Micro","circadian","GO:0044294","dendritic growth cone","2/84","12/28804",0.000544211673603705,0.00533327440131631,0.00316979430941105,"15519/15516",2
"811","Micro.circadian","Micro","circadian","GO:0098800","inner mitochondrial membrane protein complex","4/84","143/28804",0.000826065760470936,0.00723141098387549,0.00429793850097863,"12857/110323/12864/12868",4
"814","Micro.circadian","Micro","circadian","GO:0030532","small nuclear ribonucleoprotein complex","3/84","66/28804",0.000958909041113187,0.00783109050242436,0.00465435382528623,"192196/20646/20826",3
"828","Micro.circadian","Micro","circadian","GO:0019867","outer membrane","4/84","209/28804",0.00330428031799767,0.0190482041861042,0.0113211668274017,"17001/18102/50873/22187",4
"836","Micro.circadian","Micro","circadian","GO:0101031","chaperone complex","2/84","34/28804",0.00443725419702839,0.0224922885159715,0.0133681342415011,"15516/15481",2
"839","Micro.circadian","Micro","circadian","GO:1902495","transmembrane transporter complex","5/84","373/28804",0.00474542460403409,0.022871390714525,0.0135934509796317,"11931/12313/12314/56177/20614",5
"840","Micro.circadian","Micro","circadian","GO:0043292","contractile fiber","4/84","236/28804",0.00508035827126768,0.0240907311573016,0.0143181574368495,"11674/12313/12314/14225",4
"849","Micro.circadian","Micro","circadian","GO:0031256","leading edge membrane","3/84","156/28804",0.0107803377107312,0.0446397082669715,0.0265312981464993,"57436/11426/18102",3
"853","Micro.circadian","Micro","circadian","GO:0030286","dynein complex","2/84","57/28804",0.0120887789124266,0.0473880133367125,0.0281647340275484,"56455/68097",2
"854","Micro.circadian","Micro","circadian","GO:1903293","phosphatase complex","2/84","58/28804",0.0124970376942487,0.0483438037119619,0.0287328013468875,"12313/19058",2
"861","Oligo.circadian","Oligo","circadian","GO:0030426","growth cone","9/112","202/28804",1.01121104082075e-07,6.35779514506091e-06,3.78702578763477e-06,"56378/319974/12313/12631/15519/15516/56177/20614/20257",9
"862","Oligo.circadian","Oligo","circadian","GO:0030133","transport vesicle","11/112","346/28804",1.1421188883343e-07,6.35779514506091e-06,3.78702578763477e-06,"11984/12313/13383/15481/67703/64011/19339/20614/20965/20983/83671",11
"866","Oligo.circadian","Oligo","circadian","GO:0099572","postsynaptic specialization","11/112","438/28804",1.17443328026518e-06,3.92260715608571e-05,2.33650410494862e-05,"11461/108100/66259/12955/13383/14432/14433/15481/64011/67671/20965",11
"867","Oligo.circadian","Oligo","circadian","GO:0016469","proton-transporting two-sector ATPase complex","5/112","50/28804",1.4970262070188e-06,4.54551593767525e-05,2.70754022130672e-05,"11951/11957/11984/73834/11973",5
"870","Oligo.circadian","Oligo","circadian","GO:0008021","synaptic vesicle","8/112","234/28804",3.87192954200346e-06,9.23731762163684e-05,5.50221566495229e-05,"11984/12313/13383/15481/67703/19339/20614/20965",8
"872","Oligo.circadian","Oligo","circadian","GO:0030027","lamellipodium","7/112","175/28804",5.74063457599203e-06,0.000119835746773834,7.13802588725325e-05,"11461/56378/108100/12631/216033/20614/20257",7
"873","Oligo.circadian","Oligo","circadian","GO:0008180","COP9 signalosome","4/112","35/28804",1.0333517578211e-05,0.000203023227713087,0.000120930948748104,"70350/56455/15516/14828",4
"874","Oligo.circadian","Oligo","circadian","GO:0043197","dendritic spine","7/112","200/28804",1.37095465318332e-05,0.000254388252312905,0.000151526566930788,"108100/12631/12955/210293/15481/64011/23964",7
"876","Oligo.circadian","Oligo","circadian","GO:0098800","inner mitochondrial membrane protein complex","6/112","143/28804",2.09257282450699e-05,0.000349459661692667,0.000208155928332537,"11951/11957/12857/12858/12868/66916",6
"878","Oligo.circadian","Oligo","circadian","GO:0019898","extrinsic component of membrane","8/112","337/28804",5.34678423801029e-05,0.000811739061588835,0.000483513024394232,"50791/56177/20614/20965/83671/23964/22187/22190",8
"880","Oligo.circadian","Oligo","circadian","GO:0033177","proton-transporting two-sector ATPase complex, proton-transporting domain","3/112","22/28804",8.35065748170204e-05,0.00111564783955539,0.000664536532228078,"11951/11957/11984",3
"884","Oligo.circadian","Oligo","circadian","GO:0098857","membrane microdomain","8/112","395/28804",0.00016018199911962,0.00191074241806975,0.00113813525690256,"11461/13383/15481/17441/20614/22142/22143/22154",8
"889","Oligo.circadian","Oligo","circadian","GO:0101031","chaperone complex","3/112","34/28804",0.00031364428257922,0.00311068758643292,0.00185288356078103,"15516/15481/56351",3
"891","Oligo.circadian","Oligo","circadian","GO:0005746","mitochondrial respirasome","4/112","85/28804",0.00034414829025006,0.00328415796981486,0.00195621133405297,"12857/12858/12868/66916",4
"892","Oligo.circadian","Oligo","circadian","GO:0098803","respiratory chain complex","4/112","87/28804",0.000376082468825709,0.00348920957188297,0.00207835048561576,"12857/12858/12868/66916",4
"893","Oligo.circadian","Oligo","circadian","GO:0070069","cytochrome complex","3/112","37/28804",0.000403815406912527,0.00364525259212929,0.00217129763603037,"12857/12858/12868",3
"897","Oligo.circadian","Oligo","circadian","GO:0070469","respirasome","4/112","95/28804",0.000525220591404296,0.00427862628119597,0.0025485671829374,"12857/12858/12868/66916",4
"900","Oligo.circadian","Oligo","circadian","GO:0019897","extrinsic component of plasma membrane","5/112","190/28804",0.000898508628212228,0.00670876422621552,0.00399608080288287,"50791/56177/20614/83671/23964",5
"904","Oligo.circadian","Oligo","circadian","GO:0044294","dendritic growth cone","2/112","12/28804",0.000964133781013009,0.00670876422621552,0.00399608080288287,"15519/15516",2
"907","Oligo.circadian","Oligo","circadian","GO:0045263","proton-transporting ATP synthase complex, coupling factor F(o)","2/112","13/28804",0.0011365382335705,0.00744321117671664,0.00443355471919144,"11951/11957",2
"909","Oligo.circadian","Oligo","circadian","GO:0033270","paranode region of axon","2/112","16/28804",0.00173524541921913,0.0106820036285332,0.00636274404599044,"11735/13383",2
"910","Oligo.circadian","Oligo","circadian","GO:0031312","extrinsic component of organelle membrane","3/112","61/28804",0.00174799239332662,0.0106820036285332,0.00636274404599044,"20965/22187/22190",3
"911","Oligo.circadian","Oligo","circadian","GO:0045211","postsynaptic membrane","6/112","326/28804",0.00175901257356085,0.0106820036285332,0.00636274404599044,"11735/13383/15481/50791/64011/23964",6
"918","Oligo.circadian","Oligo","circadian","GO:0043292","contractile fiber","5/112","236/28804",0.00233204838213069,0.0125629703166395,0.00748314336541088,"11674/11735/12313/12314/12955",5
"920","Oligo.circadian","Oligo","circadian","GO:0033268","node of Ranvier","2/112","20/28804",0.00271972380278439,0.0139751961558459,0.00832433682147772,"11735/13383",2
"926","Oligo.circadian","Oligo","circadian","GO:1902495","transmembrane transporter complex","6/112","373/28804",0.00342960512159688,0.0163641158659051,0.00974729876664377,"11951/12313/12314/66916/56177/20614",6
"929","Oligo.circadian","Oligo","circadian","GO:0005881","cytoplasmic microtubule","3/112","82/28804",0.00405476831692117,0.018551953669201,0.0110504861124456,"22070/22142/22143",3
"931","Oligo.circadian","Oligo","circadian","GO:0099523","presynaptic cytosol","2/112","25/28804",0.00424022867030012,0.0188831516784032,0.0112477644727961,"108100/15481",2
"934","Oligo.circadian","Oligo","circadian","GO:0016460","myosin II complex","2/112","26/28804",0.00458196468172248,0.0196202077396834,0.0116867925080371,"77569/17904",2
"935","Oligo.circadian","Oligo","circadian","GO:0099524","postsynaptic cytosol","2/112","27/28804",0.00493601164448826,0.0208687074589757,0.0124304623691976,"108100/15481",2
"949","Oligo.circadian","Oligo","circadian","GO:0099522","cytosolic region","2/112","43/28804",0.0121958700634008,0.0438002215180199,0.0260896371475127,"108100/15481",2
"950","Oligo.circadian","Oligo","circadian","GO:0043230","extracellular organelle","3/112","126/28804",0.0131791850242949,0.0463352399801525,0.0275996229317644,"11674/15481/20983",3
"953","Oligo.circadian","Oligo","circadian","GO:0030018","Z disc","3/112","131/28804",0.0146201044239869,0.0498277028327718,0.0296799112366652,"11674/11735/12955",3
"959","Oligo.sleep","Oligo","sleep","GO:0022626","cytosolic ribosome","2/15","112/28804",0.00152220061981764,0.0183148853113506,0.00642627554784231,"20044/27050",2
"961","Oligo.sleep","Oligo","sleep","GO:0044391","ribosomal subunit","2/15","201/28804",0.00479232315207374,0.0352202060808861,0.012357967045925,"20044/27050",2
"968","Oligo.sleep","Oligo","sleep","GO:0043083","synaptic cleft","1/15","19/28804",0.00985128587529127,0.0380904205397706,0.013365059838516,"11816",1
"971","Oligo.sleep","Oligo","sleep","GO:0016010","dystrophin-associated glycoprotein complex","1/15","20/28804",0.0103672570655592,0.0380904205397706,0.013365059838516,"244431",1
"972","Oligo.sleep","Oligo","sleep","GO:0090543","Flemming body","1/15","21/28804",0.0108829772970773,0.0380904205397706,0.013365059838516,"14007",1
"977","Oligo.sleep","Oligo","sleep","GO:1902495","transmembrane transporter complex","2/15","373/28804",0.0157097968694266,0.0418420438291178,0.0146814188874098,"269109/80334",2
"982","Oligo.sleep","Oligo","sleep","GO:0070069","cytochrome complex","1/15","37/28804",0.0191004629579642,0.0418420438291178,0.0146814188874098,"12861",1
"984","Oligo.sleep","Oligo","sleep","GO:0005635","nuclear envelope","2/15","435/28804",0.020981458883407,0.0418420438291178,0.0146814188874098,"11816/13010",2
"986","Oligo.sleep","Oligo","sleep","GO:0099572","postsynaptic specialization","2/15","438/28804",0.0212531016274884,0.0418420438291178,0.0146814188874098,"20044/27050",2
"987","Oligo.sleep","Oligo","sleep","GO:0034358","plasma lipoprotein particle","1/15","47/28804",0.0242039871538657,0.044848564432163,0.0157363383972502,"11816",1
"988","Oligo.sleep","Oligo","sleep","GO:1990777","lipoprotein particle","1/15","47/28804",0.0242039871538657,0.044848564432163,0.0157363383972502,"11816",1
"991","OPC.circadian","OPC","circadian","GO:0008180","COP9 signalosome","4/28","35/28804",3.66214463952781e-08,3.86356259470184e-06,1.71542564693671e-06,"70350/56455/15516/14828",4
"995","OPC.circadian","OPC","circadian","GO:0099572","postsynaptic specialization","5/28","438/28804",5.8519802566998e-05,0.00180196265029081,0.000800073214646455,"11461/14432/14433/15481/64011",5
"996","OPC.circadian","OPC","circadian","GO:0034663","endoplasmic reticulum chaperone complex","2/28","12/28804",5.97807514314486e-05,0.00180196265029081,0.000800073214646455,"22027/14828",2
"999","OPC.circadian","OPC","circadian","GO:0101031","chaperone complex","2/28","34/28804",0.0005014578245308,0.00994148602518352,0.00441402971434938,"15516/15481",2
"1011","OPC.circadian","OPC","circadian","GO:0030133","transport vesicle","3/28","346/28804",0.00450562868687671,0.0424608750444291,0.0188526708852791,"12313/15481/64011",3
"1012","OPC.circadian","OPC","circadian","GO:0016363","nuclear matrix","2/28","106/28804",0.00476404993591512,0.0424608750444291,0.0188526708852791,"11461/70350",2
"1015","OPC.circadian","OPC","circadian","GO:0016324","apical plasma membrane","3/28","370/28804",0.0054279045571742,0.0433768197365626,0.0192593512424748,"11931/11973/15516",3
"1016","OPC.circadian","OPC","circadian","GO:1902495","transmembrane transporter complex","3/28","373/28804",0.00555058830752222,0.0433768197365626,0.0192593512424748,"11931/12313/12314",3
"1019","OPC.circadian","OPC","circadian","GO:0098857","membrane microdomain","3/28","395/28804",0.00650158209153623,0.0442527039133595,0.0196482446908905,"11461/11931/15481",3
