"","inchikey","subclass"
"1","InChIKey=FFDGPVCHZBVARC-UHFFFAOYSA-N","Organic acids and derivatives"
"2","InChIKey=MTCFGRXMJLQNBG-REOHCLBHSA-N","Organic acids and derivatives"
"3","InChIKey=RBNPOMFGQQGHHO-UHFFFAOYSA-N","Organic oxygen compounds"
"4","InChIKey=VVIUBCNYACGLLV-UHFFFAOYSA-N","Organic acids and derivatives"
"5","InChIKey=ISAKRJDGNUQOIC-UHFFFAOYSA-N","Organoheterocyclic compounds"
"6","InChIKey=VZCYOOQTPOCHFL-OWOJBTEDSA-N","Organic acids and derivatives"
"7","InChIKey=OKJIRPAQVSHGFK-UHFFFAOYSA-N","Organic acids and derivatives"
"8","InChIKey=KZSNJWFQEVHDMF-BYPYZUCNSA-N","Organic acids and derivatives"
"9","InChIKey=MBIQENSCDNJOIY-UHFFFAOYSA-N","Lipids and lipid-like molecules"
"10","InChIKey=VEXDRERIMPLZLU-UHFFFAOYSA-N","Lipids and lipid-like molecules"
"11","InChIKey=UKAUYVFTDYCKQA-VKHMYHEASA-N","Organic acids and derivatives"
"12","InChIKey=UFYGCFHQAXXBCF-UHFFFAOYSA-N","Organic acids and derivatives"
"13","InChIKey=XOAAWQZATWQOTB-UHFFFAOYSA-N","Organic acids and derivatives"
"14","InChIKey=CFRMVEKWKKDNAH-VKHMYHEASA-N","Organic acids and derivatives"
"15","InChIKey=ODHCTXKNWHHXJC-VKHMYHEASA-N","Organic acids and derivatives"
"16","InChIKey=XNIHZNNZJHYHLC-UHFFFAOYSA-N","Organic acids and derivatives"
"17","InChIKey=BKAJNAXTPSGJCU-UHFFFAOYSA-N","Organic acids and derivatives"
"18","InChIKey=HNEGQIOMVPPMNR-IHWYPQMZSA-N","Lipids and lipid-like molecules"
"19","InChIKey=KTHDTJVBEPMMGL-UHFFFAOYSA-N","Organic acids and derivatives"
"20","InChIKey=LRQKBLKVPFOOQJ-UHFFFAOYSA-N","Organic acids and derivatives"
"21","InChIKey=ROHFNLRQFUQHCH-YFKPBYRVSA-N","Organic acids and derivatives"
"22","InChIKey=AGPKZVBTJJNPAG-WHFBIAKZSA-N","Organic acids and derivatives"
"23","InChIKey=PMMYEEVYMWASQN-DMTCNVIQSA-N","Organic acids and derivatives"
"24","InChIKey=ZGXJTSGNIOSYLO-UHFFFAOYSA-N","Organic acids and derivatives"
"25","InChIKey=DCXYFEDJOCDNAF-REOHCLBHSA-N","Organic acids and derivatives"
"26","InChIKey=YMAWOPBAYDPSLA-UHFFFAOYSA-N","Organic acids and derivatives"
"27","InChIKey=JFCQEDHGNNZCLN-UHFFFAOYSA-N","Organic acids and derivatives"
"28","InChIKey=WXUAQHNMJWJLTG-UHFFFAOYSA-N","Lipids and lipid-like molecules"
"29","InChIKey=CKLJMWTZIZZHCS-REOHCLBHSA-N","Organic acids and derivatives"
"30","InChIKey=BJEPYKJPYRNKOW-UHFFFAOYSA-N","Organic acids and derivatives"
"31","InChIKey=JPIJQSOTBSSVTP-STHAYSLISA-N","Organic oxygen compounds"
"32","InChIKey=WWZKQHOCKIZLMA-UHFFFAOYSA-N","Lipids and lipid-like molecules"
"33","InChIKey=NIJJYAXOARWZEE-UHFFFAOYSA-N","Lipids and lipid-like molecules"
"34","InChIKey=DCICDMMXFIELDF-UHFFFAOYSA-N","Organic acids and derivatives"
"35","InChIKey=OSCCDBFHNMXNME-DSDZBIDZSA-N","Organic acids and derivatives"
"36","InChIKey=VZXPDPZARILFQX-BYPYZUCNSA-N","Organic acids and derivatives"
"37","InChIKey=OLUWXTFAPJJWPL-YFKPBYRVSA-N","Organic acids and derivatives"
"38","InChIKey=HWXBTNAVRSUOJR-VKHMYHEASA-N","Organic acids and derivatives"
"39","InChIKey=CUOKHACJLGPRHD-YVZJFKFKSA-N","Organic oxygen compounds"
"40","InChIKey=LRFVTYWOQMYALW-UHFFFAOYSA-N","Organoheterocyclic compounds"
"41","InChIKey=HEBKCHPVOIAQTA-SCDXWVJYSA-N","Organic oxygen compounds"
"42","InChIKey=HEBKCHPVOIAQTA-NGQZWQHPSA-N","Organic oxygen compounds"
"43","InChIKey=HEBKCHPVOIAQTA-IMJSIDKUSA-N","Organic oxygen compounds"
"44","InChIKey=IWYDHOAUDWTVEP-UHFFFAOYSA-N","Benzenoids"
"45","InChIKey=YNYDWEIQSDFDLK-UHFFFAOYSA-N","Organic oxygen compounds"
"46","InChIKey=PXQPEWDEAKTCGB-UHFFFAOYSA-N","Organoheterocyclic compounds"
"47","InChIKey=ASCFNMCAHFUBCO-UHFFFAOYSA-N","Organic acids and derivatives"
"48","InChIKey=POJWUDADGALRAB-UHFFFAOYSA-N","Organoheterocyclic compounds"
"49","InChIKey=HOACIBQKYRHBOW-UHFFFAOYSA-N","Organic acids and derivatives"
"50","InChIKey=APLVPBUBDFWWAD-UHFFFAOYSA-N","Organoheterocyclic compounds"
"51","InChIKey=NPOAOTPXWNWTSH-UHFFFAOYSA-N","Lipids and lipid-like molecules"
"52","InChIKey=MPCAJMNYNOGXPB-SLPGGIOYSA-N","Organic oxygen compounds"
"53","InChIKey=VOXXWSYKYCBWHO-MRVPVSSYSA-N","Phenylpropanoids and polyketides"
"54","InChIKey=LEHOTFFKMJEONL-UHFFFAOYSA-N","Organoheterocyclic compounds"
"55","InChIKey=DTBNBXWJWCWCIK-UHFFFAOYSA-N","Organic acids and derivatives"
"56","InChIKey=GNGACRATGGDKBX-UHFFFAOYSA-N","Organic oxygen compounds"
"57","InChIKey=AWUCVROLDVIAJX-VKHMYHEASA-N","Lipids and lipid-like molecules"
"58","InChIKey=AWUCVROLDVIAJX-GSVOUGTGSA-N","Lipids and lipid-like molecules"
"59","InChIKey=WXNXCEHXYPACJF-ZETCQYMHSA-N","Organic acids and derivatives"
"60","InChIKey=SBJKKFFYIZUCET-DUZGATOHSA-N","Organoheterocyclic compounds"
"61","InChIKey=UDDSEESQRGPVIL-UHFFFAOYSA-N","Organic acids and derivatives"
"62","InChIKey=GTZCVFVGUGFEME-IWQZZHSRSA-N","Organic acids and derivatives"
"63","InChIKey=OTCCIMWXFLJLIA-BYPYZUCNSA-N","Organic acids and derivatives"
"64","InChIKey=PYUSHNKNPOHWEZ-RXMQYKEDSA-N","Organic acids and derivatives"
"65","InChIKey=HCAJEUSONLESMK-UHFFFAOYSA-N","Organic acids and derivatives"
"66","InChIKey=WQZGKKKJIJFFOK-QTVWNMPRSA-N","Organic oxygen compounds"
"67","InChIKey=WQZGKKKJIJFFOK-DVKNGEFBSA-N","Organic oxygen compounds"
"68","InChIKey=CDAISMWEOUEBRE-UHFFFAOYSA-N","Organic oxygen compounds"
"69","InChIKey=BBEWSMNRCUXQRF-UHFFFAOYSA-N","Benzenoids"
"70","InChIKey=BZQFBWGGLXLEPQ-REOHCLBHSA-N","Organic acids and derivatives"
"71","InChIKey=LSPKYLAFTPBWIL-BYPYZUCNSA-N","Organic acids and derivatives"
"72","InChIKey=OSJPPGNTCRNQQC-UHFFFAOYSA-N","Organic oxygen compounds"
"73","InChIKey=DKEXFJVMVGETOO-LURJTMIESA-N","Organic acids and derivatives"
"74","InChIKey=KSMRODHGGIIXDV-YFKPBYRVSA-N","Organic acids and derivatives"
"75","InChIKey=BDJRBEYXGGNYIS-UHFFFAOYSA-N","Lipids and lipid-like molecules"
"76","InChIKey=XUYPXLNMDZIRQH-LURJTMIESA-N","Organic acids and derivatives"
"77","InChIKey=ODBLHEXUDAPZAU-UHFFFAOYSA-N","Organic acids and derivatives"
"78","InChIKey=AEMOLEFTQBMNLQ-AQKNRBDQSA-N","Organic oxygen compounds"
"79","InChIKey=KBOJOGQFRVVWBH-ZETCQYMHSA-N","Organic acids and derivatives"
"80","InChIKey=XKJVEVRQMLKSMO-UHFFFAOYSA-N","Organic acids and derivatives"
"81","InChIKey=CBQJSKKFNMDLON-JTQLQIEISA-N","Organic acids and derivatives"
"82","InChIKey=DRBBFCLWYRJSJZ-UHFFFAOYSA-N","Organic acids and derivatives"
"83","InChIKey=YIWFXZNIBQBFHR-LURJTMIESA-N","Organic acids and derivatives"
"84","InChIKey=JZNWSCPGTDBMEW-YFKPBYRVSA-N","Lipids and lipid-like molecules"
"85","InChIKey=VYZAGTDAHUIRQA-WHFBIAKZSA-N","Organic acids and derivatives"
"86","InChIKey=GHOKWGTUZJEAQD-ZETCQYMHSA-N","Organic oxygen compounds"
"87","InChIKey=MBLBDJOUHNCFQT-LXGUWJNJSA-N","Organic oxygen compounds"
"88","InChIKey=MXHRCPNRJAMMIM-SHYZEUOFSA-N","Nucleosides, nucleotides, and analogues"
"89","InChIKey=FNZLKVNUWIIPSJ-UHNVWZDZSA-N","Organic oxygen compounds"
"90","InChIKey=RNEMLJPSSOJRHX-UHFFFAOYSA-N","Organic acids and derivatives"
"91","InChIKey=IIRJJZHHNGABMQ-WPRPVWTQSA-N","Organic acids and derivatives"
"92","InChIKey=DRTQHJPVMGBUCF-XVFCMESISA-N","Nucleosides, nucleotides, and analogues"
"93","InChIKey=PTJWIQPHWPFNBW-GBNDHIKLSA-N","Nucleosides, nucleotides, and analogues"
"94","InChIKey=PTVXQARCLQPGIR-UHFFFAOYSA-N","Organic oxygen compounds"
"95","InChIKey=VGONTNSXDCQUGY-RRKCRQDMSA-N","Nucleosides, nucleotides, and analogues"
"96","InChIKey=BGWGXPAPYGQALX-ARQDHWQXSA-N","Organic oxygen compounds"
"97","InChIKey=ZKLLSNQJRLJIGT-UYFOZJQFSA-N","Organic oxygen compounds"
"98","InChIKey=NBSCHQHZLSJFNQ-GASJEMHNSA-N","Organic oxygen compounds"
"99","InChIKey=HXXFSFRBOHSIMQ-FPRJBGLDSA-N","Organic oxygen compounds"
"100","InChIKey=UGQMRVRMYYASKQ-KQYNXXCUSA-N","Nucleosides, nucleotides, and analogues"
"101","InChIKey=JGHSBPIZNUXPLA-UHFFFAOYSA-N","Lipids and lipid-like molecules"
"102","InChIKey=BIRSGZKFKXLSJQ-UHFFFAOYSA-N","Organic oxygen compounds"
"103","InChIKey=RQNSKRXMANOPQY-BQBZGAKWSA-N","Organic acids and derivatives"
"104","InChIKey=ZQPPMHVWECSIRJ-KTKRTIGZSA-N","Lipids and lipid-like molecules"
"105","InChIKey=NYHBQMYGNKIUIF-UUOKFMHZSA-N","Nucleosides, nucleotides, and analogues"
"106","InChIKey=KNYQSFOUGYMRDE-UHFFFAOYSA-N","Lipids and lipid-like molecules"
"107","InChIKey=KIHBGTRZFAVZRV-UHFFFAOYSA-N","Lipids and lipid-like molecules"
"108","InChIKey=FZLJPEPAYPUMMR-RTRLPJTCSA-N","Organic oxygen compounds"
"109","InChIKey=OPVPGKGADVGKTG-BQBZGAKWSA-N","Organic acids and derivatives"
"110","InChIKey=NMPZCCZXCOMSDQ-ZRTZXPPTSA-N","Nucleosides, nucleotides, and analogues"
"111","InChIKey=RWSXRVCMGQZWBV-WDSKDSINSA-N","Organic acids and derivatives"
"112","InChIKey=SQVRNKJHWKZAKO-LUWBGTNYSA-N","Organic oxygen compounds"
"113","InChIKey=BITHHVVYSMSWAG-KTKRTIGZSA-N","Lipids and lipid-like molecules"
"114","InChIKey=IERHLVCPSMICTF-JDNPWWSISA-N","Nucleosides, nucleotides, and analogues"
"115","InChIKey=FUFLCEKSBBHCMO-KJQYFISQSA-N","Lipids and lipid-like molecules"
"116","InChIKey=IVOMOUWHDPKRLL-PKJMTWSGSA-N","Nucleosides, nucleotides, and analogues"
"117","InChIKey=DPUOLQHDNGRHBS-KTKRTIGZSA-N","Lipids and lipid-like molecules"
"118","InChIKey=CZMRCDWAGMRECN-UGDNZRGBSA-N","Organic oxygen compounds"
"119","InChIKey=HDTRYLNUVZCQOY-LIZSDCNHSA-N","Organic oxygen compounds"
"120","InChIKey=DLRVVLDZNNYCBX-CQHUIXDMSA-N","Organic oxygen compounds"
"121","InChIKey=VCWMRQDBPZKXKG-ZNVDUFQESA-N","Organic oxygen compounds"
"122","InChIKey=UDMBCSSLTHHNCD-KQYNXXCUSA-N","Nucleosides, nucleotides, and analogues"
"123","InChIKey=LTFMZDNNPPEQNG-KVQBGUIXSA-N","Nucleosides, nucleotides, and analogues"
"124","InChIKey=GRSZFWQUAKGDAV-KQYNXXCUSA-N","Nucleosides, nucleotides, and analogues"
"125","InChIKey=RQFCJASXJCIDSX-UUOKFMHZSA-N","Nucleosides, nucleotides, and analogues"
"126","InChIKey=XCCTYIAWTASOJW-XVFCMESISA-N","Nucleosides, nucleotides, and analogues"
"127","InChIKey=CIKGWCTVFSRMJU-KVQBGUIXSA-N","Nucleosides, nucleotides, and analogues"
"128","InChIKey=WNRCJJWBAXNAPE-HXUWFJFHSA-N","Lipids and lipid-like molecules"
"129","InChIKey=OFBHPPMPBOJXRT-VWJPMABRSA-N","Nucleosides, nucleotides, and analogues"
"130","InChIKey=BHYOQNUELFTYRT-DPAQBDIFSA-N","Lipids and lipid-like molecules"
"131","InChIKey=MUPFEKGTMRGPLJ-ZQSKZDJDSA-N","Organic oxygen compounds"
"132","InChIKey=FYGDTMLNYKFZSV-DZOUCCHMSA-N","Organic oxygen compounds"
"133","InChIKey=XKMLYUALXHKNFT-UUOKFMHZSA-N","Nucleosides, nucleotides, and analogues"
"134","InChIKey=HAAZLUGHYHWQIW-KVQBGUIXSA-N","Nucleosides, nucleotides, and analogues"
"135","InChIKey=WBWWGRHZICKQGZ-HZAMXZRMSA-N","Lipids and lipid-like molecules"
"136","InChIKey=BQOHYSXSASDCEA-KEOHHSTQSA-N","Organic oxygen compounds"
"137","InChIKey=PWJFNRJRHXWEPT-AOOZFPJJSA-N","Nucleosides, nucleotides, and analogues"
"138","InChIKey=OBFSLMQLPNKVRW-RHPAUOISSA-N","Lipids and lipid-like molecules"
"139","InChIKey=HSCJRCZFDFQWRP-JZMIEXBBSA-N","Nucleosides, nucleotides, and analogues"
"140","InChIKey=HSCJRCZFDFQWRP-ABVWGUQPSA-N","Nucleosides, nucleotides, and analogues"
"141","InChIKey=HDYANYHVCAPMJV-LXQIFKJMSA-N","Nucleosides, nucleotides, and analogues"
"142","InChIKey=LQEBEXMHBLQMDB-QIXZNPMTSA-N","Nucleosides, nucleotides, and analogues"
"143","InChIKey=LFTYTUAZOPRMMI-CFRASDGPSA-N","Nucleosides, nucleotides, and analogues"
"144","InChIKey=YPZRWBKMTBYPTK-BJDJZHNGSA-N","Organic acids and derivatives"
"145","InChIKey=TXCIAUNLDRJGJZ-BILDWYJOSA-N","Nucleosides, nucleotides, and analogues"
"146","InChIKey=KDTSHFARGAKYJN-DRCCLKDXSA-N","Nucleosides, nucleotides, and analogues"
"147","InChIKey=YMQZQHIESOAPQH-JXGHDCMNSA-N","Lipids and lipid-like molecules"
"148","InChIKey=XVYPOHCSLJZFED-QZEVRULJSA-N","Lipids and lipid-like molecules"
"149","InChIKey=XLSMFKSTNGKWQX-UHFFFAOYSA-N","Organic oxygen compounds"
"150","InChIKey=DHMQDGOQFOQNFH-UHFFFAOYSA-N","Organic acids and derivatives"
"151","InChIKey=AEMRFAOFKBGASW-UHFFFAOYSA-N","Organic acids and derivatives"
"152","InChIKey=VWWQXMAJTJZDQX-UYBVJOGSSA-N","Nucleosides, nucleotides, and analogues"
"153","InChIKey=LALGUHSIWLNTNW-UHFFFAOYSA-N","Lipids and lipid-like molecules"
"154","InChIKey=LCTONWCANYUPML-UHFFFAOYSA-N","Organic acids and derivatives"
"155","InChIKey=UCMIRNVEIXFBKS-UHFFFAOYSA-N","Organic acids and derivatives"
"156","InChIKey=QNAYBMKLOCPYGJ-REOHCLBHSA-N","Organic acids and derivatives"
"157","InChIKey=JVTAAEKCZFNVCJ-UHFFFAOYSA-N","Organic acids and derivatives"
"158","InChIKey=XUWHAWMETYGRKB-UHFFFAOYSA-N","Organoheterocyclic compounds"
"159","InChIKey=OEYIOHPDSNJKLS-UHFFFAOYSA-N","Organic nitrogen compounds"
"160","InChIKey=DDRJAANPRJIHGJ-UHFFFAOYSA-N","Organic acids and derivatives"
"161","InChIKey=ONIBWKKTOPOVIA-BYPYZUCNSA-N","Organic acids and derivatives"
"162","InChIKey=KWIUHFFTVRNATP-UHFFFAOYSA-N","Organic acids and derivatives"
"163","InChIKey=SIKJAQJRHWYJAI-UHFFFAOYSA-N","Organoheterocyclic compounds"
"164","InChIKey=AYFVYJQAPQTCCC-GBXIJSLDSA-N","Organic acids and derivatives"
"165","InChIKey=LENZDBCJOHFCAS-UHFFFAOYSA-N","Organic nitrogen compounds"
"166","InChIKey=FHQDWPCFSJMNCT-UHFFFAOYSA-N","Organic nitrogen compounds"
"167","InChIKey=PRJKNHOMHKJCEJ-UHFFFAOYSA-N","Organoheterocyclic compounds"
"168","InChIKey=CVSVTCORWBXHQV-UHFFFAOYSA-N","Organic acids and derivatives"
"169","InChIKey=KMXXSJLYVJEBHI-UHFFFAOYSA-N","Organic nitrogen compounds"
"170","InChIKey=GFFGJBXGBJISGV-UHFFFAOYSA-N","Organoheterocyclic compounds"
"171","InChIKey=FDGQSTZJBFJUBT-UHFFFAOYSA-N","Organoheterocyclic compounds"
"172","InChIKey=LDHMAVIPBRSVRG-UHFFFAOYSA-O","Organoheterocyclic compounds"
"173","InChIKey=JRYYVMDEUJQWRO-UHFFFAOYSA-N","Organoheterocyclic compounds"
"174","InChIKey=WWNNZCOKKKDOPX-UHFFFAOYSA-N","Alkaloids and derivatives"
"175","InChIKey=WGNUNYPERJMVRM-UHFFFAOYSA-N","Organoheterocyclic compounds"
"176","InChIKey=ZHCKPJGJQOPTLB-UHFFFAOYSA-N","Organoheterocyclic compounds"
"177","InChIKey=SUHOOTKUPISOBE-UHFFFAOYSA-N","Organic acids and derivatives"
"178","InChIKey=CMUNUTVVOOHQPW-LURJTMIESA-N","Organic acids and derivatives"
"179","InChIKey=OIPILFWXSMYKGL-UHFFFAOYSA-N","Organic nitrogen compounds"
"180","InChIKey=TUHVEAJXIMEOSA-UHFFFAOYSA-N","Organic acids and derivatives"
"181","InChIKey=ATHGHQPFGPMSJY-UHFFFAOYSA-N","Organic nitrogen compounds"
"182","InChIKey=ZDXPYRJPNDTMRX-VKHMYHEASA-N","Organic acids and derivatives"
"183","InChIKey=KDXKERNSBIXSRK-YFKPBYRVSA-N","Organic acids and derivatives"
"184","InChIKey=WHUUTDBJXJRKMK-VKHMYHEASA-N","Organic acids and derivatives"
"185","InChIKey=GSEJCLTVZPLZKY-UHFFFAOYSA-N","Organic nitrogen compounds"
"186","InChIKey=FFEARJCKVFRZRR-UHFFFAOYSA-N","Organic acids and derivatives"
"187","InChIKey=UYTPUPDQBNUYGX-UHFFFAOYSA-N","Organoheterocyclic compounds"
"188","InChIKey=RZVAJINKPMORJF-UHFFFAOYSA-N","Benzenoids"
"189","InChIKey=JLQSXXWTCJPCBC-UHFFFAOYSA-N","Organoheterocyclic compounds"
"190","InChIKey=KTLRWTOPTKGYQY-UHFFFAOYSA-N","Organoheterocyclic compounds"
"191","InChIKey=RNKSNIBMTUYWSH-YFKPBYRVSA-N","Organic acids and derivatives"
"192","InChIKey=HNDVDQJCIGZPNO-YFKPBYRVSA-N","Organic acids and derivatives"
"193","InChIKey=PHIQHXFUZVPYII-ZCFIWIBFSA-N","Organic nitrogen compounds"
"194","InChIKey=OYIFNHCXNCRBQI-UHFFFAOYSA-N","Organic acids and derivatives"
"195","InChIKey=SNICXCGAKADSCV-JTQLQIEISA-N","Organoheterocyclic compounds"
"196","InChIKey=WAMKWBHYPYBEJY-UHFFFAOYSA-N","Organic oxygen compounds"
"197","InChIKey=FZWGECJQACGGTI-UHFFFAOYSA-N","Organoheterocyclic compounds"
"198","InChIKey=YNYAYWLBAHXHLL-UHFFFAOYSA-N","Benzenoids"
"199","InChIKey=COLNVLDHVKWLRT-QMMMGPOBSA-N","Organic acids and derivatives"
"200","InChIKey=QEFRNWWLZKMPFJ-UHFFFAOYSA-N","Organic acids and derivatives"
"201","InChIKey=RADKZDMFGJYCBB-UHFFFAOYSA-N","Organoheterocyclic compounds"
"202","InChIKey=NHZMQXZHNVQTQA-UHFFFAOYSA-N","Organoheterocyclic compounds"
"203","InChIKey=NHZMQXZHNVQTQA-UHFFFAOYSA-N","Organoheterocyclic compounds"
"204","InChIKey=BRMWTNUJHUMWMS-LURJTMIESA-N","Organic acids and derivatives"
"205","InChIKey=JDHILDINMRGULE-LURJTMIESA-N","Organic acids and derivatives"
"206","InChIKey=NRXIKWMTVXPVEF-BYPYZUCNSA-N","Organic acids and derivatives"
"207","InChIKey=ODKSFYDXXFIFQN-BYPYZUCNSA-N","Organic acids and derivatives"
"208","InChIKey=XXEWFEBMSGLYBY-UHFFFAOYSA-N","Organic acids and derivatives"
"209","InChIKey=RHGKLRLOHDJJDR-BYPYZUCNSA-N","Organic acids and derivatives"
"210","InChIKey=OUYCCCASQSFEME-QMMMGPOBSA-N","Organic acids and derivatives"
"211","InChIKey=YHHSONZFOIEMCP-UHFFFAOYSA-O","Organic nitrogen compounds"
"212","InChIKey=VEYYWZRYIYDQJM-ZETCQYMHSA-N","Organic acids and derivatives"
"213","InChIKey=QUOGESRFPZDMMT-YFKPBYRVSA-N","Organic acids and derivatives"
"214","InChIKey=MXNRLFUSFKVQSK-QMMMGPOBSA-N","Organic acids and derivatives"
"215","InChIKey=FXDNYOANAXWZHG-VKHMYHEASA-N","Organic acids and derivatives"
"216","InChIKey=USRGIUJOYOXOQJ-SCQFTWEKSA-N","Organic acids and derivatives"
"217","InChIKey=STEYNUVPFMIUOY-UHFFFAOYSA-N","Organoheterocyclic compounds"
"218","InChIKey=YDGMGEXADBMOMJ-LURJTMIESA-N","Organic acids and derivatives"
"219","InChIKey=OVRNDRQMDRJTHS-JAJWTYFOSA-N","Organic oxygen compounds"
"220","InChIKey=MBLBDJOUHNCFQT-WCTZXXKLSA-N","Organic oxygen compounds"
"221","InChIKey=RDHQFKQIGNGIED-MRVPVSSYSA-N","Lipids and lipid-like molecules"
"222","InChIKey=SNPLKNRPJHDVJA-UHFFFAOYSA-N","Lipids and lipid-like molecules"
"223","InChIKey=OWMVSZAMULFTJU-UHFFFAOYSA-N","Organic nitrogen compounds"
"224","InChIKey=LYCVKHSJGDMDLM-LURJTMIESA-N","Organic acids and derivatives"
"225","InChIKey=SNEIUMQYRCDYCH-LURJTMIESA-N","Organic acids and derivatives"
"226","InChIKey=UFAHZIUFPNSHSL-UHFFFAOYSA-N","Lipids and lipid-like molecules"
"227","InChIKey=WQXXXVRAFAKQJM-WHFBIAKZSA-N","Organic acids and derivatives"
"228","InChIKey=HJZZQNLKBWJYPD-UHFFFAOYSA-N","Organic acids and derivatives"
"229","InChIKey=ADFXKUOMJKEIND-UHFFFAOYSA-N","Organic acids and derivatives"
"230","InChIKey=CQOVPNPJLQNMDC-ZETCQYMHSA-N","Organic acids and derivatives"
"231","InChIKey=CKTSBUTUHBMZGZ-SHYZEUOFSA-N","Nucleosides, nucleotides, and analogues"
"232","InChIKey=SYELZBGXAIXKHU-UHFFFAOYSA-N","Organic nitrogen compounds"
"233","InChIKey=SSISHJJTAXXQAX-ZETCQYMHSA-N","Organic acids and derivatives"
"234","InChIKey=LRCNOZRCYBNMEP-SECBINFHSA-O","Lipids and lipid-like molecules"
"235","InChIKey=MYYIAHXIVFADCU-QMMMGPOBSA-N","Organic acids and derivatives"
"236","InChIKey=LEVWYRKDKASIDU-IMJSIDKUSA-N","Organic acids and derivatives"
"237","InChIKey=HXXFSFRBOHSIMQ-GASJEMHNSA-N","Organic oxygen compounds"
"238","InChIKey=UHDGCWIWMRVCDJ-XVFCMESISA-N","Nucleosides, nucleotides, and analogues"
"239","InChIKey=WURBQCVBQNMUQT-RMKNXTFCSA-N","Lipids and lipid-like molecules"
"240","InChIKey=VSNFQQXVMPSASB-SNVBAGLBSA-N","Lipids and lipid-like molecules"
"241","InChIKey=IGQBPDJNUXPEMT-SNVBAGLBSA-N","Lipids and lipid-like molecules"
"242","InChIKey=WVRUNFYJIHNFKD-WDSKDSINSA-N","Organic acids and derivatives"
"243","InChIKey=UEFRDQSMQXDWTO-BDAKNGLRSA-N","Lipids and lipid-like molecules"
"244","InChIKey=JLEBZPBDRKPWTD-TURQNECASA-O","Organic oxygen compounds"
"245","InChIKey=RDPUKVRQKWBSPK-ZOQUXTDFSA-N","Nucleosides, nucleotides, and analogues"
"246","InChIKey=ZAYHVCMSTBRABG-JXOAFFINSA-N","Nucleosides, nucleotides, and analogues"
"247","InChIKey=SUHOQUVVVLNYQR-MRVPVSSYSA-N","Lipids and lipid-like molecules"
"248","InChIKey=VVPRQWTYSNDTEA-UHFFFAOYSA-N","Lipids and lipid-like molecules"
"249","InChIKey=JZRWCGZRTZMZEH-UHFFFAOYSA-N","Organoheterocyclic compounds"
"250","InChIKey=OIRDTQYFTABQOQ-UHFFFAOYSA-N","Nucleosides, nucleotides, and analogues"
"251","InChIKey=YKBGVTZYEHREMT-KVQBGUIXSA-N","Nucleosides, nucleotides, and analogues"
"252","InChIKey=BKAYIFDRRZZKNF-SECBINFHSA-N","Organic acids and derivatives"
"253","InChIKey=NXJAXUYOQLTISD-SECBINFHSA-N","Lipids and lipid-like molecules"
"254","InChIKey=JBFYFLXEJFQWMU-WDSKDSINSA-N","Organic acids and derivatives"
"255","InChIKey=ZDGJAHTZVHVLOT-YUMQZZPRSA-N","Organic acids and derivatives"
"256","InChIKey=OWQDWQKWSLFFFR-WDSKDSINSA-N","Organic acids and derivatives"
"257","InChIKey=VQAYFKKCNSOZKM-IOSLPCCCSA-N","Nucleosides, nucleotides, and analogues"
"258","InChIKey=GFYLSDSUCHVORB-IOSLPCCCSA-N","Nucleosides, nucleotides, and analogues"
"259","InChIKey=OTKJDMGTUTTYMP-ZWKOTPCHSA-N","Organic nitrogen compounds"
"260","InChIKey=LYRFLYHAGKPMFH-UHFFFAOYSA-N","Organic acids and derivatives"
"261","InChIKey=BRGMHAYQAZFZDJ-RTRLPJTCSA-N","Organic oxygen compounds"
"262","InChIKey=UBORTCNDUKBEOP-UUOKFMHZSA-N","Nucleosides, nucleotides, and analogues"
"263","InChIKey=HFCPFJNSBPQJDP-UHFFFAOYSA-N","Lipids and lipid-like molecules"
"264","InChIKey=KDZOASGQNOPSCU-WDSKDSINSA-N","Organic acids and derivatives"
"265","InChIKey=WWUZIQQURGPMPG-KRWOKUGFSA-N","Organic nitrogen compounds"
"266","InChIKey=YVCSXKPTXFIUHA-VOTSOKGWSA-N","Lipids and lipid-like molecules"
"267","InChIKey=RSPURTUNRHNVGF-IOSLPCCCSA-N","Nucleosides, nucleotides, and analogues"
"268","InChIKey=RKMOXGPALUUUBM-BQYQJAHWSA-N","Lipids and lipid-like molecules"
"269","InChIKey=BOWVQLFMWHZBEF-KTKRTIGZSA-N","Organic nitrogen compounds"
"270","InChIKey=OTGQIQQTPXJQRG-UHFFFAOYSA-N","Organic nitrogen compounds"
"271","InChIKey=AJOOJSIUFKLAHC-CMDGGOBGSA-N","Lipids and lipid-like molecules"
"272","InChIKey=KMYWVDDIPVNLME-UHFFFAOYSA-N","Nucleosides, nucleotides, and analogues"
"273","InChIKey=KHWCHTKSEGGWEX-RRKCRQDMSA-N","Nucleosides, nucleotides, and analogues"
"274","InChIKey=VBICKXHEKHSIBG-FQEVSTJZSA-N","Lipids and lipid-like molecules"
"275","InChIKey=GUBGYTABKSRVRQ-SINVPGNFSA-N","Organic oxygen compounds"
"276","InChIKey=HZSAJDVWZRBGIF-UHFFFAOYSA-N","Organoheterocyclic compounds"
"277","InChIKey=ZOOGRGPOEVQQDX-UUOKFMHZSA-N","Nucleosides, nucleotides, and analogues"
"278","InChIKey=LNQVTSROQXJCDD-KQYNXXCUSA-N","Nucleosides, nucleotides, and analogues"
"279","InChIKey=GUBGYTABKSRVRQ-DKBJLJRDSA-N","Organic oxygen compounds"
"280","InChIKey=AVSXSVCZWQODGV-DPAQBDIFSA-N","Lipids and lipid-like molecules"
"281","InChIKey=DBJDCEJXEMUHGM-DHEZTBRESA-N","Lipids and lipid-like molecules"
"282","InChIKey=YIKKMWSQVKJCOP-SBMSYAAPSA-N","Lipids and lipid-like molecules"
"283","InChIKey=NDFRCPCJVUFHCK-LDHFCIDVSA-N","Lipids and lipid-like molecules"
"284","InChIKey=CZDKQKOAHAICSF-JSAMMMMSSA-N","Lipids and lipid-like molecules"
"285","InChIKey=ZJUKTBDSGOFHSH-WFMPWKQPSA-N","Nucleosides, nucleotides, and analogues"
"286","InChIKey=MEFKEPWMEQBLKI-AIRLBKTGSA-N","Nucleosides, nucleotides, and analogues"
"287","InChIKey=ZWIADYZPOWUWEW-ZAKLUEHWSA-N","Nucleosides, nucleotides, and analogues"
"288","InChIKey=LISKWSFNVJTQKH-KTKRTIGZSA-N","Organic nitrogen compounds"
"289","InChIKey=FNPHNLNTJNMAEE-HSZRJFAPSA-N","Lipids and lipid-like molecules"
"290","InChIKey=XTWYTFMLZFPYCI-KQYNXXCUSA-N","Nucleosides, nucleotides, and analogues"
"291","InChIKey=WHTCPDAXWFLDIH-KQYNXXCUSA-N","Nucleosides, nucleotides, and analogues"
"292","InChIKey=RZZPDXZPRHQOCG-OJAKKHQRSA-N","Nucleosides, nucleotides, and analogues"
"293","InChIKey=XIVOBOJQPNEUSC-UXHICEINSA-N","Lipids and lipid-like molecules"
"294","InChIKey=RWTNPBWLLIMQHL-UHFFFAOYSA-N","Benzenoids"
"295","InChIKey=HEEMBWYZIJABCR-ZXAYODBVSA-N","Lipids and lipid-like molecules"
"296","InChIKey=ZKHQWZAMYRWXGA-KQYNXXCUSA-N","Nucleosides, nucleotides, and analogues"
"297","InChIKey=XKBJVQHMEXMFDZ-AREMUKBSSA-N","Lipids and lipid-like molecules"
"298","InChIKey=YDNKGFDKKRUKPY-UHFFFAOYSA-N","Lipids and lipid-like molecules"
"299","InChIKey=JZWNYZVVZXZRRH-UHFFFAOYSA-N","Lipids and lipid-like molecules"
"300","InChIKey=ZPDQFUYPBVXUKS-YADHBBJMSA-N","Lipids and lipid-like molecules"
"301","InChIKey=GWVZWQQVJIDOHB-KMAVEXBHSA-N","Lipids and lipid-like molecules"
"302","InChIKey=KDXVSDQFHRZPKV-RUZDIDTESA-N","Lipids and lipid-like molecules"
"303","InChIKey=UATOAILWGVYRQS-HHHXNRCGSA-N","Lipids and lipid-like molecules"
"304","InChIKey=MXAFDFDAIFZFET-HULSJBAWSA-N","Lipids and lipid-like molecules"
"305","InChIKey=MVMSCBBUIHUTGJ-GDJBGNAASA-N","Nucleosides, nucleotides, and analogues"
"306","InChIKey=MVMSCBBUIHUTGJ-LRJDVEEWSA-N","Nucleosides, nucleotides, and analogues"
"307","InChIKey=LXUGKKVCSTYZFK-OMWWCDQTSA-N","Lipids and lipid-like molecules"
"308","InChIKey=BAWFJGJZGIEFAR-NNYOXOHSSA-O","Nucleosides, nucleotides, and analogues"
"309","InChIKey=VJLLLMIZEJJZTE-BFZYYLOBSA-N","Lipids and lipid-like molecules"
"310",NA,NA
"311","InChIKey=RFVFQQWKPSOBED-PSXMRANNSA-N","Lipids and lipid-like molecules"
"312","InChIKey=NLIPNXKQJMHIRD-ROOGKDHUSA-N","Lipids and lipid-like molecules"
"313","InChIKey=RWRDLPDLKQPQOW-UHFFFAOYSA-N","Organoheterocyclic compounds"
"314","InChIKey=LKQLRGMMMAHREN-YJFXYUILSA-N","Lipids and lipid-like molecules"
"315","InChIKey=XJLXINKUBYWONI-NNYOXOHSSA-O","Nucleosides, nucleotides, and analogues"
"316","InChIKey=RTWAYAIMWLNAJW-UHFFFAOYSA-N","Lipids and lipid-like molecules"
"317","InChIKey=BYSIMVBIJVBVPA-RRHRGVEJSA-N","Lipids and lipid-like molecules"
"318","InChIKey=ALHRVKWVHQGCAN-PBONVLCZSA-N","Lipids and lipid-like molecules"
"319","InChIKey=CHJJGSNFBQVOTG-UHFFFAOYSA-N","Organic nitrogen compounds"
"320","InChIKey=WTJKGGKOPKCXLL-RYDYYDTQSA-N","Lipids and lipid-like molecules"
"321","InChIKey=ATHVAWFAEPLPPQ-VRDBWYNSSA-N","Lipids and lipid-like molecules"
"322","InChIKey=ZSLZBFCDCINBPY-ZSJPKINUSA-N","Lipids and lipid-like molecules"
"323","InChIKey=ACTIUHUUMQJHFO-UPTCCGCDSA-N","Lipids and lipid-like molecules"
"324","InChIKey=MOEAEMZLHZJMPV-PSTIVLGWSA-N","Lipids and lipid-like molecules"
"325","InChIKey=BTCSSZJGUNDROE-UHFFFAOYSA-N","Organic acids and derivatives"
"326","InChIKey=ZBCBWPMODOFKDW-UHFFFAOYSA-N","Organic nitrogen compounds"
"327","InChIKey=NBIIXXVUZAFLBC-UHFFFAOYSA-N","Homogeneous non-metal compounds"
"328","InChIKey=NQPDZGIKBAWPEJ-UHFFFAOYSA-N","Lipids and lipid-like molecules"
"329","InChIKey=GWYFCOCPABKNJV-UHFFFAOYSA-N","Lipids and lipid-like molecules"
"330","InChIKey=QWCKQJZIFLGMSD-VKHMYHEASA-N","Organic acids and derivatives"
"331","InChIKey=QWCKQJZIFLGMSD-VKHMYHEASA-N","Organic acids and derivatives"
"332","InChIKey=YCIMNLLNPGFGHC-UHFFFAOYSA-N","Benzenoids"
"333","InChIKey=QIGBRXMKCJKVMJ-UHFFFAOYSA-N","Benzenoids"
"334","InChIKey=FUZZWVXGSFPDMH-UHFFFAOYSA-N","Lipids and lipid-like molecules"
"335","InChIKey=FGKJLKRYENPLQH-UHFFFAOYSA-N","Lipids and lipid-like molecules"
"336","InChIKey=RGHHSNMVTDWUBI-UHFFFAOYSA-N","Organic oxygen compounds"
"337","InChIKey=IAVREABSGIHHMO-UHFFFAOYSA-N","Organic oxygen compounds"
"338","InChIKey=VTWDKFNVVLAELH-UHFFFAOYSA-N","Organic oxygen compounds"
"339","InChIKey=WPYMKLBDIGXBTP-UHFFFAOYSA-N","Benzenoids"
"340","InChIKey=JVQYSWDUAOAHFM-UHFFFAOYSA-N","Organic acids and derivatives"
"341","InChIKey=SLXKOJJOQWFEFD-UHFFFAOYSA-N","Lipids and lipid-like molecules"
"342","InChIKey=LJLLAWRMBZNPMO-UHFFFAOYSA-N","Organic acids and derivatives"
"343","InChIKey=LVRFTAZAXQPQHI-UHFFFAOYSA-N","Lipids and lipid-like molecules"
"344","InChIKey=NBZBKCUXIYYUSX-UHFFFAOYSA-N","Organic acids and derivatives"
"345","InChIKey=OFCNXPDARWKPPY-UHFFFAOYSA-N","Organoheterocyclic compounds"
"346","InChIKey=ALYNCZNDIQEVRV-UHFFFAOYSA-N","Benzenoids"
"347","InChIKey=FJKROLUGYXJWQN-UHFFFAOYSA-N","Benzenoids"
"348","InChIKey=IJFXRHURBJZNAO-UHFFFAOYSA-N","Benzenoids"
"349","InChIKey=CLFRCXCBWIQVRN-UHFFFAOYSA-N","Organic oxygen compounds"
"350","InChIKey=YGSDEFSMJLZEOE-UHFFFAOYSA-N","Benzenoids"
"351","InChIKey=UZTFMUBKZQVKLK-UHFFFAOYSA-N","Organic acids and derivatives"
"352","InChIKey=OLNJUISKUQQNIM-UHFFFAOYSA-N","Organoheterocyclic compounds"
"353","InChIKey=WNLRTRBMVRJNCN-UHFFFAOYSA-N","Lipids and lipid-like molecules"
"354","InChIKey=AQYCMVICBNBXNA-UHFFFAOYSA-N","Lipids and lipid-like molecules"
"355","InChIKey=XJMMNTGIMDZPMU-UHFFFAOYSA-N","Lipids and lipid-like molecules"
"356","InChIKey=MRABAEUHTLLEML-UHFFFAOYSA-N","Organic acids and derivatives"
"357","InChIKey=GJMPSRSMBJLKKB-UHFFFAOYSA-N","Benzenoids"
"358","InChIKey=XMIIGOLPHOKFCH-UHFFFAOYSA-N","Phenylpropanoids and polyketides"
"359","InChIKey=MWOOGOJBHIARFG-UHFFFAOYSA-N","Benzenoids"
"360","InChIKey=HXNFUBHNUDHIGC-UHFFFAOYSA-N","Organoheterocyclic compounds"
"361","InChIKey=FBUKVWPVBMHYJY-UHFFFAOYSA-N","Lipids and lipid-like molecules"
"362","InChIKey=XLBVNMSMFQMKEY-BYPYZUCNSA-N","Organic acids and derivatives"
"363","InChIKey=ZHMWOVGZCINIHW-FTYOSCRSSA-N","Organoheterocyclic compounds"
"364","InChIKey=OTTXIFWBPRRYOG-UHFFFAOYSA-N","Lipids and lipid-like molecules"
"365","InChIKey=OBKXEAXTFZPCHS-UHFFFAOYSA-N","Benzenoids"
"366","InChIKey=ZZEWMYILWXCRHZ-UHFFFAOYSA-N","Phenylpropanoids and polyketides"
"367","InChIKey=LLLPDUXGHXIXIW-UHFFFAOYSA-N","Benzenoids"
"368","InChIKey=FBWPWWWZWKPJFL-UHFFFAOYSA-N","Benzenoids"
"369","InChIKey=NMHMNPHRMNGLLB-UHFFFAOYSA-N","Phenylpropanoids and polyketides"
"370","InChIKey=NWCHELUCVWSRRS-UHFFFAOYSA-N","Benzenoids"
"371","InChIKey=GHVNFZFCNZKVNT-UHFFFAOYSA-N","Lipids and lipid-like molecules"
"372","InChIKey=TYFQFVWCELRYAO-UHFFFAOYSA-N","Lipids and lipid-like molecules"
"373","InChIKey=CIWBSHSKHKDKBQ-JLAZNSOCSA-N","Organoheterocyclic compounds"
"374","InChIKey=QIAFMBKCNZACKA-UHFFFAOYSA-N","Benzenoids"
"375","InChIKey=QUNWUDVFRNGTCO-UHFFFAOYSA-N","Organoheterocyclic compounds"
"376","InChIKey=ZFXYFBGIUFBOJW-UHFFFAOYSA-N","Organoheterocyclic compounds"
"377","InChIKey=YAPQBXQYLJRXSA-UHFFFAOYSA-N","Organoheterocyclic compounds"
"378","InChIKey=WRFPVMFCRNYQNR-UHFFFAOYSA-N","Organic acids and derivatives"
"379","InChIKey=JVGVDSSUAVXRDY-UHFFFAOYSA-N","Phenylpropanoids and polyketides"
"380","InChIKey=QRMZSPFSDQBLIX-UHFFFAOYSA-N","Benzenoids"
"381","InChIKey=DZAUWHJDUNRCTF-UHFFFAOYSA-N","Phenylpropanoids and polyketides"
"382","InChIKey=QHBZHVUGQROELI-SOFGYWHQSA-N","Organic acids and derivatives"
"383","InChIKey=ZDPHROOEEOARMN-UHFFFAOYSA-N","Lipids and lipid-like molecules"
"384","InChIKey=WGNAKZGUSRVWRH-UHFFFAOYSA-N","Organic acids and derivatives"
"385","InChIKey=FYSSBMZUBSBFJL-VIFPVBQESA-N","Organic acids and derivatives"
"386","InChIKey=RFMMMVDNIPUKGG-YFKPBYRVSA-N","Organic acids and derivatives"
"387","InChIKey=KRKNYBCHXYNGOX-UHFFFAOYSA-N","Organic acids and derivatives"
"388","InChIKey=POULHZVOKOAJMA-UHFFFAOYSA-N","Lipids and lipid-like molecules"
"389","InChIKey=CXMXRPHRNRROMY-UHFFFAOYSA-N","Lipids and lipid-like molecules"
"390","InChIKey=FBZONXHGGPHHIY-UHFFFAOYSA-N","Organoheterocyclic compounds"
"391","InChIKey=XGILAAMKEQUXLS-UHFFFAOYSA-N","Organoheterocyclic compounds"
"392","InChIKey=MUCMKTPAZLSKTL-NSHDSACASA-N","Organic acids and derivatives"
"393","InChIKey=YZBOVSFWWNVKRJ-UHFFFAOYSA-N","Benzenoids"
"394","InChIKey=ONPXCLZMBSJLSP-CSMHCCOUSA-N","Organic acids and derivatives"
"395","InChIKey=MAZWDMBCPDUFDJ-VQHVLOKHSA-N","Lipids and lipid-like molecules"
"396","InChIKey=TUNFSRHWOTWDNC-UHFFFAOYSA-N","Lipids and lipid-like molecules"
"397","InChIKey=YYVJAABUJYRQJO-UHFFFAOYSA-N","Lipids and lipid-like molecules"
"398","InChIKey=TVIDDXQYHWJXFK-UHFFFAOYSA-N","Lipids and lipid-like molecules"
"399","InChIKey=HXATVKDSYDWTCX-UHFFFAOYSA-N","Organic acids and derivatives"
"400","InChIKey=IQFYYKKMVGJFEH-XLPZGREQSA-N","Nucleosides, nucleotides, and analogues"
"401","InChIKey=ZJTJUVIJVLLGSP-UHFFFAOYSA-N","Organoheterocyclic compounds"
"402","InChIKey=WQEPLUUGTLDZJY-UHFFFAOYSA-N","Lipids and lipid-like molecules"
"403","InChIKey=SECPZKHBENQXJG-FPLPWBNLSA-N","Lipids and lipid-like molecules"
"404","InChIKey=IPCSVZSSVZVIGE-UHFFFAOYSA-N","Lipids and lipid-like molecules"
"405","InChIKey=MYFMARDICOWMQP-YUMQZZPRSA-N","Organic acids and derivatives"
"406","InChIKey=BGWGXPAPYGQALX-ARQDHWQXSA-N","Organic oxygen compounds"
"407","InChIKey=PMTUDJVZIGZBIX-ZXXMMSQZSA-N","Organic oxygen compounds"
"408","InChIKey=KEMQGTRYUADPNZ-UHFFFAOYSA-N","Lipids and lipid-like molecules"
"409","InChIKey=VOXZDWNPVJITMN-SFFUCWETSA-N","Lipids and lipid-like molecules"
"410","InChIKey=VOXZDWNPVJITMN-ZBRFXRBCSA-N","Lipids and lipid-like molecules"
"411","InChIKey=UGAGPNKCDRTDHP-UHFFFAOYSA-N","Lipids and lipid-like molecules"
"412","InChIKey=KOSRFJWDECSPRO-WDSKDSINSA-N","Organic acids and derivatives"
"413","InChIKey=JIWBIWFOSCKQMA-LTKCOYKYSA-N","Lipids and lipid-like molecules"
"414","InChIKey=DTOSIQBPPRVQHS-PDBXOOCHSA-N","Lipids and lipid-like molecules"
"415","InChIKey=VZCCETWTMQHEPK-QNEBEIHSSA-N","Lipids and lipid-like molecules"
"416","InChIKey=OYHQOLUKZRVURQ-HZJYTTRNSA-N","Lipids and lipid-like molecules"
"417","InChIKey=QIQXTHQIDYTFRH-UHFFFAOYSA-N","Lipids and lipid-like molecules"
"418","InChIKey=QQHJDPROMQRDLA-UHFFFAOYSA-N","Lipids and lipid-like molecules"
"419","InChIKey=UYQGVDXDXBAABN-FQSPHKRJSA-N","Lipids and lipid-like molecules"
"420","InChIKey=HNICUWMFWZBIFP-IRQZEAMPSA-N","Lipids and lipid-like molecules"
"421","InChIKey=JAZBEHYOTPTENJ-JLNKQSITSA-N","Lipids and lipid-like molecules"
"422","InChIKey=YZXBAPSDXZZRGB-DOFZRALJSA-N","Lipids and lipid-like molecules"
"423","InChIKey=HOBAELRKJCKHQD-QNEBEIHSSA-N","Lipids and lipid-like molecules"
"424","InChIKey=UNSRRHDPHVZAHH-YOILPLPUSA-N","Lipids and lipid-like molecules"
"425","InChIKey=XSXIVVZCUAHUJO-HZJYTTRNSA-N","Lipids and lipid-like molecules"
"426","InChIKey=BITHHVVYSMSWAG-MDZDMXLPSA-N","Lipids and lipid-like molecules"
"427","InChIKey=RLCKHJSFHOZMDR-UHFFFAOYSA-N","Lipids and lipid-like molecules"
"428","InChIKey=BNJOQKFENDDGSC-UHFFFAOYSA-N","Lipids and lipid-like molecules"
"429","InChIKey=DJJCXFVJDGTHFX-XVFCMESISA-N","Nucleosides, nucleotides, and analogues"
"430","InChIKey=MBMBGCFOFBJSGT-UHFFFAOYSA-N","Lipids and lipid-like molecules"
"431","InChIKey=YUFFSWGQGVEMMI-JLNKQSITSA-N","Lipids and lipid-like molecules"
"432","InChIKey=YIBNHAJFJUQSRA-YNNPMVKQSA-N","Lipids and lipid-like molecules"
"433","InChIKey=XEYBRNLFEZDVAW-ARSRFYASSA-N","Lipids and lipid-like molecules"
"434","InChIKey=BHMBVRSPMRCCGG-BVSCNVFUSA-N","Lipids and lipid-like molecules"
"435","InChIKey=MYHXHCUNDDAEOZ-FOSBLDSVSA-N","Lipids and lipid-like molecules"
"436","InChIKey=PXGPLTODNUVGFL-UAAPODJFSA-N","Lipids and lipid-like molecules"
"437","InChIKey=GWHCXVQVJPWHRF-KTKRTIGZSA-N","Lipids and lipid-like molecules"
"438","InChIKey=DUYSYHSSBDVJSM-KRWOKUGFSA-N","Lipids and lipid-like molecules"
"439","InChIKey=VKGZCEJTCKHMRL-VWJPMABRSA-N","Nucleosides, nucleotides, and analogues"
"440","InChIKey=KXGVEGMKQFWNSR-LLQZFEROSA-N","Lipids and lipid-like molecules"
"441","InChIKey=RUDATBOHQWOJDD-BSWAIDMHSA-N","Lipids and lipid-like molecules"
"442","InChIKey=ZHCAAZIHTDCFJX-QLEQUTGBSA-N","Lipids and lipid-like molecules"
"443","InChIKey=LCZBQMKVFQNSJR-UJPCIWJBSA-N","Lipids and lipid-like molecules"
"444","InChIKey=BHQCQFFYRZLCQQ-UTLSPDKDSA-N","Lipids and lipid-like molecules"
"445","InChIKey=DKPMWHFRUGMUKF-NTPBNISXSA-N","Lipids and lipid-like molecules"
"446","InChIKey=DKPMWHFRUGMUKF-GDYCBZMLSA-N","Lipids and lipid-like molecules"
"447","InChIKey=DKPMWHFRUGMUKF-CRKPLTDNSA-N","Lipids and lipid-like molecules"
"448","InChIKey=RPXHXZNGZBHSMJ-GOSISDBHSA-N","Lipids and lipid-like molecules"
"449","InChIKey=BNRXZEPOHPEEAS-UHFFFAOYSA-N","Organic acids and derivatives"
"450","InChIKey=GNTARDAHCXNJEX-UHFFFAOYSA-N","Organic acids and derivatives"
"451","InChIKey=SATGKQGFUDXGAX-MYWFJNCASA-N","Lipids and lipid-like molecules"
"452","InChIKey=LAYXSTYJRSVXIH-HXUWFJFHSA-N","Lipids and lipid-like molecules"
"453","InChIKey=QGWNDRXFNXRZMB-UUOKFMHZSA-N","Nucleosides, nucleotides, and analogues"
"454","InChIKey=YVYMBNSKXOXSKW-HXUWFJFHSA-N","Lipids and lipid-like molecules"
"455","InChIKey=FVTCRASFADXXNN-SCRDCRAPSA-N","Nucleosides, nucleotides, and analogues"
"456","InChIKey=PYVRVRFVLRNJLY-MZMPXXGTSA-N","Lipids and lipid-like molecules"
"457","InChIKey=FQQQKGAFQIIGLQ-SNZQZGEVSA-N","Lipids and lipid-like molecules"
"458","InChIKey=XSOLDPYUICCHJX-UZUDEGBHSA-N","Lipids and lipid-like molecules"
"459","InChIKey=XSOLDPYUICCHJX-QZEPYOAJSA-N","Lipids and lipid-like molecules"
"460","InChIKey=OPVZUEPSMJNLOM-QEJMHMKOSA-N","Lipids and lipid-like molecules"
"461","InChIKey=AIJULSRZWUXGPQ-UHFFFAOYSA-N","Organic oxygen compounds"
"462","InChIKey=XBDQKXXYIPTUBI-UHFFFAOYSA-N","Organic acids and derivatives"
"463","InChIKey=PAZGBAOHGQRCBP-HGWHEPCSSA-N","Lipids and lipid-like molecules"
"464","InChIKey=DSNRWDQKZIEDDB-SQYFZQSCSA-N","Lipids and lipid-like molecules"
"465","InChIKey=WTBFLCSPLLEDEM-JIDRGYQWSA-N","Lipids and lipid-like molecules"
"466","InChIKey=MNQZXJOMYWMBOU-UHFFFAOYSA-N","Organic oxygen compounds"
"467","InChIKey=RXKJFZQQPQGTFL-UHFFFAOYSA-N","Organic oxygen compounds"
"468","InChIKey=JBKVHLHDHHXQEQ-UHFFFAOYSA-N","Organoheterocyclic compounds"
"469","InChIKey=DFPAKSUCGFBDDF-UHFFFAOYSA-N","Organoheterocyclic compounds"
"470","InChIKey=HXEACLLIILLPRG-YFKPBYRVSA-N","Organic acids and derivatives"
"471","InChIKey=DRAVOWXCEBXPTN-UHFFFAOYSA-N","Organoheterocyclic compounds"
"472","InChIKey=OAYXUHPQHDHDDZ-UHFFFAOYSA-N","Organic oxygen compounds"
"473","InChIKey=UCTWMZQNUQWSLP-UHFFFAOYSA-N","Benzenoids"
"474","InChIKey=PNNNRSAQSRJVSB-KCDKBNATSA-N","Organic oxygen compounds"
"475","InChIKey=MMOXZBCLCQITDF-UHFFFAOYSA-N","Benzenoids"
"476","InChIKey=UWHCKJMYHZGTIT-UHFFFAOYSA-N","Organic oxygen compounds"
"477","InChIKey=WQZGKKKJIJFFOK-MCPPVLNHSA-N","Organic oxygen compounds"
"478","InChIKey=BJHIKXHVCXFQLS-PQLUHFTBSA-N","Organic oxygen compounds"
"479","InChIKey=RFSUNEUAIZKAJO-ARQDHWQXSA-N","Organic oxygen compounds"
"480","InChIKey=GZCGUPFRVQAUEE-OBOOZECYSA-N","Organic oxygen compounds"
"481","InChIKey=BJHIKXHVCXFQLS-OTWZMJIISA-N","Organic oxygen compounds"
"482","InChIKey=QIVBCDIJIAJPQS-VIFPVBQESA-N","Organoheterocyclic compounds"
"483","InChIKey=QWYFHHGCZUCMBN-SECBINFHSA-N","Lipids and lipid-like molecules"
"484","InChIKey=JLFNLZLINWHATN-UHFFFAOYSA-N","Organic oxygen compounds"
"485","InChIKey=BJELTSYBAHKXRW-UHFFFAOYSA-N","Organoheterocyclic compounds"
"486","InChIKey=HSEMFIZWXHQJAE-UHFFFAOYSA-N","Lipids and lipid-like molecules"
"487","InChIKey=QQILFGKZUJYXGS-UHFFFAOYSA-N","Organoheterocyclic compounds"
"488","InChIKey=JHIXEZNTXMFXEK-UHFFFAOYSA-N","Organic nitrogen compounds"
"489","InChIKey=DJDSLBVSSOQSLW-UHFFFAOYSA-N","Benzenoids"
"490","InChIKey=FATBGEAMYMYZAF-KTKRTIGZSA-N","Lipids and lipid-like molecules"
"491","InChIKey=IIRDTKBZINWQAW-UHFFFAOYSA-N","Organic oxygen compounds"
"492","InChIKey=AOMUHOFOVNGZAN-UHFFFAOYSA-N","Lipids and lipid-like molecules"
"493","InChIKey=XHHOHZPNYFQJKL-UHFFFAOYSA-N","Organic acids and derivatives"
"494","InChIKey=WUUGFSXJNOTRMR-IOSLPCCCSA-N","Nucleosides, nucleotides, and analogues"
"495","InChIKey=WFRLANWAASSSFV-FPLPWBNLSA-N","Organic nitrogen compounds"
"496","InChIKey=HXYVTAGFYLMHSO-UHFFFAOYSA-N","Organic acids and derivatives"
"497","InChIKey=DUQXBEFMRJGSKH-PJQYHSPVSA-N","Lipids and lipid-like molecules"
"498","InChIKey=PDSLRCZINIDLMU-UHFFFAOYSA-N","Organic acids and derivatives"
"499","InChIKey=UQOQENZZLBSFKO-POPPZSFYSA-N","Lipids and lipid-like molecules"
"500","InChIKey=VHRUMKCAEVRUBK-GODQJPCRSA-N","Lipids and lipid-like molecules"
"501","InChIKey=KQXDGUVSAAQARU-HZJYTTRNSA-N","Organic nitrogen compounds"
"502","InChIKey=XZZNDPSIHUTMOC-UHFFFAOYSA-N","Organic acids and derivatives"
"503","InChIKey=UAUDZVJPLUQNMU-KTKRTIGZSA-N","Lipids and lipid-like molecules"
"504","InChIKey=STJLVHWMYQXCPB-UHFFFAOYSA-N","Benzenoids"
"505","InChIKey=FUJLYHJROOYKRA-QGZVFWFLSA-N","Lipids and lipid-like molecules"
"506","InChIKey=LGEQQWMQCRIYKG-DOFZRALJSA-N","Organic nitrogen compounds"
"507","InChIKey=OLAOWMDKXPIITQ-UHFFFAOYSA-N","Lipids and lipid-like molecules"
"508","InChIKey=CPXSBHKDEPPWIX-RAYCSJGISA-N","Organoheterocyclic compounds"
"509","InChIKey=BUBHHSHBKWNLLG-FOCLMDBBSA-N","Lipids and lipid-like molecules"
"510","InChIKey=PSHXNVGSVNEJBD-LJQANCHMSA-O","Organic nitrogen compounds"
"511","InChIKey=GEEHOLRSGZPBSM-KUBAVDMBSA-N","Organic nitrogen compounds"
"512","InChIKey=AUNGANRZJHBGPY-SCRDCRAPSA-N","Organoheterocyclic compounds"
"513","InChIKey=GMVPRGQOIOIIMI-DWKJAMRDSA-N","Lipids and lipid-like molecules"
"514","InChIKey=DCPCOKIYJYGMDN-HUDVFFLJSA-N","Lipids and lipid-like molecules"
"515","InChIKey=RCRCTBLIHCHWDZ-DOFZRALJSA-N","Lipids and lipid-like molecules"
"516","InChIKey=DCPCOKIYJYGMDN-AAORCBLUSA-N","Lipids and lipid-like molecules"
"517","InChIKey=KXDZDXAUCOWTRV-PEMGLXIVSA-N","Lipids and lipid-like molecules"
"518","InChIKey=CJMUXNONVZSQIX-OUKQBFOZSA-N","Lipids and lipid-like molecules"
"519","InChIKey=MDDWQHVKSHTZTD-UHFFFAOYSA-N","Lipids and lipid-like molecules"
"520",NA,NA
"521","InChIKey=PPUMYPWIWIYYFH-LZFZKRRQSA-N","Lipids and lipid-like molecules"
"522","InChIKey=SOYNLLDADLOGAM-ISLYRVAYSA-N","Lipids and lipid-like molecules"
"523","InChIKey=XOMRRQXKHMYMOC-OAQYLSRUSA-N","Lipids and lipid-like molecules"
"524","InChIKey=OFHCOWSQAMBJIW-AVJTYSNKSA-N","Lipids and lipid-like molecules"
"525","InChIKey=QPDJXUBRZKXAGA-ZBMVRHCNSA-N","Lipids and lipid-like molecules"
"526","InChIKey=OHCROKJBSKGYKW-VHEBQXMUSA-N","Lipids and lipid-like molecules"
"527","InChIKey=HKSKXYQNAKOSAA-CCEZHUSRSA-N","Lipids and lipid-like molecules"
"528","InChIKey=YZUUTMGDONTGTN-UHFFFAOYSA-N","Organic oxygen compounds"
"529",NA,NA
"530","InChIKey=IPOLTUVFXFHAHI-WHIOSMTNSA-N","Lipids and lipid-like molecules"
"531",NA,NA
"532","InChIKey=QYTPGOPLNFESQC-NUTQULCTSA-N","Lipids and lipid-like molecules"
"533","InChIKey=RBFQHRALHSUPIA-JTPUQHSZSA-N","Lipids and lipid-like molecules"
"534","InChIKey=FUYLEEPAFMUPSN-QURGRASLSA-N","Lipids and lipid-like molecules"
"535","InChIKey=QVTUINXDJKGROB-WBAIJMCMSA-N","Lipids and lipid-like molecules"
"536","InChIKey=VXUOFDJKYGDUJI-OAQYLSRUSA-N","Lipids and lipid-like molecules"
"537","InChIKey=HTZINLFNXLXRBC-CQLBIITFSA-N","Lipids and lipid-like molecules"
"538","InChIKey=RJZVWDTYEWCUAR-JOCHJYFZSA-N","Lipids and lipid-like molecules"
"539","InChIKey=FLLAZAZGUOWCEJ-UHAGJGNBSA-N","Lipids and lipid-like molecules"
"540","InChIKey=JBFBGNHYRPBNML-WHIOSMTNSA-N","Lipids and lipid-like molecules"
"541","InChIKey=ASWBNKHCZGQVJV-HSZRJFAPSA-N","Lipids and lipid-like molecules"
"542","InChIKey=KCWGBXXAJHVZNN-KOYQJJOGSA-N","Lipids and lipid-like molecules"
"543","InChIKey=LPMGFNAQZPADDZ-FJIRUFBNSA-N","Lipids and lipid-like molecules"
"544","InChIKey=LRCATMCJQORKNR-DJYGDJEFSA-N","Lipids and lipid-like molecules"
"545","InChIKey=JEAGLCKGAKACCE-HBRDYDSTSA-N","Lipids and lipid-like molecules"
"546","InChIKey=SRRQPVVYXBTRQK-XMMPIXPASA-N","Lipids and lipid-like molecules"
"547","InChIKey=SPJFYYJXNPEZDW-FTJOPAKQSA-N","Lipids and lipid-like molecules"
"548","InChIKey=YAMUFBLWGFFICM-PTGWMXDISA-N","Lipids and lipid-like molecules"
"549","InChIKey=IHNKQIMGVNPMTC-RUZDIDTESA-N","Lipids and lipid-like molecules"
"550",NA,NA
"551","InChIKey=NJHKGJJIKOCCMZ-YMIVKDKMSA-N","Lipids and lipid-like molecules"
"552","InChIKey=MQPMZOIIFNBSDM-AYICAFKVSA-N","Lipids and lipid-like molecules"
"553","InChIKey=WYIMORDZGCUBAA-AREMUKBSSA-N","Lipids and lipid-like molecules"
"554","InChIKey=PDIGSOAOQOXRDU-WJPZTBRDSA-N","Lipids and lipid-like molecules"
"555","InChIKey=LAXQYRRMGGEGOH-ZWIVXADESA-N","Lipids and lipid-like molecules"
"556","InChIKey=YHGXYYIGHBPDMX-BUTFDPNWSA-N","Lipids and lipid-like molecules"
"557","InChIKey=FXUOEWGMRIDVHF-ZPIZUECNSA-N","Lipids and lipid-like molecules"
"558","InChIKey=MLKLDGSYMHFAOC-AREMUKBSSA-N","Lipids and lipid-like molecules"
"559","InChIKey=ARPUJSHXTOERPK-WWEGMTSXSA-N","Lipids and lipid-like molecules"
"560","InChIKey=FRDLAEOZFHZSSP-WJRLSAAESA-N","Lipids and lipid-like molecules"
"561","InChIKey=CITHEXJVPOWHKC-UUWRZZSWSA-N","Lipids and lipid-like molecules"
"562","InChIKey=UQZIYBXSHAGNOE-XNSRJBNMSA-N","Organic oxygen compounds"
"563","InChIKey=XXUXWSPSLREVKI-DIPNUNPCSA-N","Lipids and lipid-like molecules"
"564","InChIKey=NDGYJYRRMBQYAU-BQZPLEDQSA-N","Lipids and lipid-like molecules"
"565","InChIKey=PEWXKAOBUSBJLD-MCBGMKGZSA-N","Lipids and lipid-like molecules"
"566",NA,NA
"567",NA,NA
"568","InChIKey=SHPISFZHCUNAIC-VSWYSSNSSA-N","Organic nitrogen compounds"
"569","InChIKey=DAHUWMOXEKQXEB-WUGXCKJUSA-N","Lipids and lipid-like molecules"
"570","InChIKey=RRCMFZZLICZISN-ZNIIMWJUSA-N","Lipids and lipid-like molecules"
"571","InChIKey=MZWGYEJOZNRLQE-KXQOOQHDSA-N","Lipids and lipid-like molecules"
"572",NA,NA
"573",NA,NA
"574","InChIKey=ZGOGLUJRGBOVEK-IIKIFWEUSA-N","Lipids and lipid-like molecules"
"575","InChIKey=NZSQQKVHFHMINK-RRHRGVEJSA-N","Lipids and lipid-like molecules"
"576","InChIKey=LDYXUOMTSTUYTN-RJPAOWPDSA-N","Lipids and lipid-like molecules"
"577","InChIKey=KHJSJYFSBVDACH-LNCIMUPZSA-N","Lipids and lipid-like molecules"
"578","InChIKey=PUEZCLOAQGFTCJ-YHTOTGLMSA-N","Lipids and lipid-like molecules"
"579","InChIKey=XWHIBISICRMDDW-ZLBNXBDKSA-N","Lipids and lipid-like molecules"
"580","InChIKey=CKALBGXOWPPZRV-NSXUIHOUSA-N","Lipids and lipid-like molecules"
"581","InChIKey=PZNPLUBHRSSFHT-RRHRGVEJSA-N","Lipids and lipid-like molecules"
"582","InChIKey=CLZILUAYFAKZPA-BONSMSLRSA-N","Lipids and lipid-like molecules"
"583","InChIKey=AUHQXWUFPPQZOD-APUCRWBFSA-N","Lipids and lipid-like molecules"
"584","InChIKey=DSWOVBIRJNAJAF-NVJOKYTBSA-N","Lipids and lipid-like molecules"
"585","InChIKey=HGGMAPXNHACWRM-PHHYKNGOSA-N","Lipids and lipid-like molecules"
"586","InChIKey=IAIIVFJWUNHCRN-RHUBPQRNSA-N","Lipids and lipid-like molecules"
"587","InChIKey=RQHSPQUXYJDFSF-BGLGUGRYSA-N","Lipids and lipid-like molecules"
"588","InChIKey=OGQUENOVENTNRY-OCDRDTPKSA-N","Lipids and lipid-like molecules"
"589","InChIKey=IIZPXYDJLKNOIY-JXPKJXOSSA-N","Lipids and lipid-like molecules"
"590","InChIKey=LMYYUVAVNWPEPG-GXAHKNHCSA-N","Lipids and lipid-like molecules"
"591","InChIKey=SNKAWJBJQDLSFF-DQPVQCHKSA-N","Lipids and lipid-like molecules"
"592","InChIKey=SNKAWJBJQDLSFF-AOMFJDGTSA-N","Lipids and lipid-like molecules"
"593","InChIKey=OGPJJLLSVRJWDH-MQULWMCLSA-N","Lipids and lipid-like molecules"
"594","InChIKey=HRTXZWFRPLOXSH-UJOYSCBBSA-N","Lipids and lipid-like molecules"
"595","InChIKey=CBVSTGCTYPGQKV-SJHDXFTHSA-N","Lipids and lipid-like molecules"
"596","InChIKey=IEFQKHWAFKLKLO-KSXPKIBJSA-N","Lipids and lipid-like molecules"
"597","InChIKey=KVZGNJNSFSUTHN-WJPDOSEWSA-N","Lipids and lipid-like molecules"
"598","InChIKey=SQYNRGDZNLTJSW-SDGBSDMESA-N","Lipids and lipid-like molecules"
"599",NA,NA
"600","InChIKey=RMOIQWNPUHLBDC-ZJSWKPLXSA-N","Lipids and lipid-like molecules"
"601","InChIKey=ADBKQVBFJGQYGM-HOQFLICISA-N","Lipids and lipid-like molecules"
"602",NA,NA
"603","InChIKey=PTIPMXWQZWSDTJ-ALNNFZMXSA-N","Lipids and lipid-like molecules"
"604","InChIKey=ANSBSRQQQLGROE-ZEBHBPEESA-N","Lipids and lipid-like molecules"
"605","InChIKey=OCOSKIWVYWPOML-BYVWXSKESA-N","Lipids and lipid-like molecules"
"606",NA,NA
"607","InChIKey=SOKBMQXQMOKROU-VHLYIUHQSA-N","Lipids and lipid-like molecules"
"608","InChIKey=LOOKZZZTFVYXKM-SXDDUYMLSA-N","Lipids and lipid-like molecules"
"609","InChIKey=OKVMMSHMUNQJJW-YNQDRSMJSA-N","Lipids and lipid-like molecules"
"610","InChIKey=ICAPJNQZVMWDCH-PJLDRQBCSA-N","Lipids and lipid-like molecules"
"611",NA,NA
"612","InChIKey=IZIHXNCQJFBSRO-UUOKKZDXSA-N","Lipids and lipid-like molecules"
"613","InChIKey=QXYTWNKFXPOXQU-LPJYUKPGSA-N","Lipids and lipid-like molecules"
"614",NA,NA
"615",NA,NA
"616",NA,NA
"617","InChIKey=GEPSKMNTZNFBEY-FCBOVCCLSA-N","Lipids and lipid-like molecules"
"618","InChIKey=RFSIMHGWMMUQIO-ASOGXFFVSA-N","Lipids and lipid-like molecules"
"619",NA,NA
"620",NA,NA
"621","InChIKey=NJLVPALPZGCPPE-GOVUEYSSSA-N","Lipids and lipid-like molecules"
"622","InChIKey=ITFWNTFYLTWDNT-ZSARYHDSSA-N","Lipids and lipid-like molecules"
"623","InChIKey=ANFDUMGBUYRUGT-PZPDSNGWSA-N","Lipids and lipid-like molecules"
"624",NA,NA
"625",NA,NA
"626",NA,NA
"627","InChIKey=POFXXMMFLNVHNN-VURCPXDFSA-N","Lipids and lipid-like molecules"
