"","X","p_val.x","avg_log2FC.x","pct.1.x","pct.2.x","p_val_adj.x","avg_log2FC_N4_N1_DEGs","p_val.y","avg_log2FC.y","pct.1.y","pct.2.y","p_val_adj.y","avg_log2FC_N5_N4","N5_N4_sig","color.code"
"1","2610035D17Rik",1.1361505114691e-07,0.296085273326796,0.268,0.175,0.0039614159883393,0.296085273326796,0.204236640993577,-0.0623710647301732,0.247,0.268,1,-0.0623710647301732,"non-sig","#00AFBB"
"2","9330159F19Rik",8.32719276773739e-07,0.264180388847819,0.22,0.139,0.02903442302327,0.264180388847819,0.0014508640610321,-0.200781633658572,0.174,0.22,1,-0.200781633658572,"non-sig","#00AFBB"
"3","Acss2",3.73101203879997e-25,-0.7671626985397,0.254,0.41,1.30089196756839e-20,-0.7671626985397,1.88060221242124e-08,0.387166992028472,0.334,0.254,0.000655709573404912,0.387166992028472,"sig","#E7B800"
"4","Adamts20",1.06451959517746e-11,0.305391869114589,0.079,0.019,3.71166047250524e-07,0.305391869114589,0.00169452445377807,-0.138068899740751,0.051,0.079,1,-0.138068899740751,"non-sig","#00AFBB"
"5","Agmo",5.3826755928805e-10,0.417693186981776,0.427,0.31,1.87677749896965e-05,0.417693186981776,0.0704346854173701,-0.141494330037182,0.404,0.427,1,-0.141494330037182,"non-sig","#00AFBB"
"6","Akt2",1.76208115282265e-12,-0.528267924084286,0.153,0.246,6.14384835554675e-08,-0.528267924084286,3.67858072908034e-06,0.283473978261118,0.211,0.153,0.128261074280844,0.283473978261118,"non-sig","#00AFBB"
"7","Apba2",4.00172847574666e-08,-0.384582083513388,0.374,0.441,0.00139528266763859,-0.384582083513388,1.82188136304872e-05,0.269241656371294,0.432,0.374,0.635235374854196,0.269241656371294,"non-sig","#00AFBB"
"8","Apod",1.24170735593551e-06,0.586212268972116,0.22,0.149,0.0432946103794033,0.586212268972116,0.0138693422971719,-0.249480087179135,0.187,0.22,1,-0.249480087179135,"non-sig","#00AFBB"
"9","Apoe",1.8636219607731e-30,0.489946783020303,0.942,0.844,6.49789069062758e-26,0.489946783020303,2.04941477911716e-10,-0.234171054318931,0.906,0.942,7.14569451034781e-06,-0.234171054318931,"sig","#E7B800"
"10","Arglu1",3.48829168464253e-07,0.222708145021989,0.632,0.507,0.0121626266168431,0.222708145021989,0.880857772694616,0.019923801594858,0.607,0.632,1,0.019923801594858,"non-sig","#00AFBB"
"11","Asic2",7.94215953153662e-35,0.660060622244232,0.532,0.307,2.76919276386088e-30,0.660060622244232,5.74236854246422e-06,-0.289147034971052,0.469,0.532,0.2002191639701,-0.289147034971052,"non-sig","#00AFBB"
"12","Atp1a2",7.56053350707561e-11,0.302392377815051,0.92,0.877,2.63613121791205e-06,0.302392377815051,8.76722261415924e-08,-0.273018267265583,0.906,0.92,0.0030568675088789,-0.273018267265583,"sig","#E7B800"
"13","Atxn1",2.71548366131117e-07,0.296698181516024,0.431,0.328,0.00946807688189367,0.296698181516024,0.000129551359758436,-0.250243317984946,0.368,0.431,1,-0.250243317984946,"non-sig","#00AFBB"
"14","B3galt1",1.33319493274342e-06,-0.197465089388503,0.85,0.899,0.0464845077199647,-0.197465089388503,4.31164694796476e-06,0.174247865669023,0.898,0.85,0.150334194134687,0.174247865669023,"non-sig","#00AFBB"
"15","Calm1",6.42415694868489e-10,-0.28302162900096,0.723,0.774,2.23991080329796e-05,-0.28302162900096,0.504295842115844,-0.037949547452679,0.714,0.723,1,-0.037949547452679,"non-sig","#00AFBB"
"16","Calm2",2.80010695787316e-08,-0.26495639327086,0.55,0.626,0.000976313293001635,-0.26495639327086,0.012519531286461,0.114135646753883,0.592,0.55,1,0.114135646753883,"non-sig","#00AFBB"
"17","Car8",7.85741081107403e-08,-0.369700745401728,0.116,0.186,0.00273964342749718,-0.369700745401728,0.00869089508280299,0.14167022511198,0.147,0.116,1,0.14167022511198,"non-sig","#00AFBB"
"18","Ccdc85a",1.16143122428919e-06,0.329893746570322,0.389,0.299,0.0404956224972912,0.329893746570322,0.328782211352331,-0.00851316910267452,0.369,0.389,1,-0.00851316910267452,"non-sig","#00AFBB"
"19","Ccnd3",2.72581513604699e-16,0.532336988069262,0.245,0.117,9.50409963485503e-12,0.532336988069262,0.00113826424799853,-0.205643074420945,0.195,0.245,1,-0.205643074420945,"non-sig","#00AFBB"
"20","Cdh19",6.9728899435387e-27,0.73000423111169,0.514,0.326,2.43123753661364e-22,0.73000423111169,0.00818298869892737,-0.184286853019027,0.482,0.514,1,-0.184286853019027,"non-sig","#00AFBB"
"21","Cep164",1.09544071919792e-06,0.210438508737475,0.094,0.043,0.0381947315562739,0.210438508737475,0.00472116315815245,-0.161514848454853,0.066,0.094,1,-0.161514848454853,"non-sig","#00AFBB"
"22","Clk1",8.23379014157335e-07,0.254046408399211,0.383,0.282,0.0287087560866238,0.254046408399211,0.00152414687739322,-0.192862572217361,0.329,0.383,1,-0.192862572217361,"non-sig","#00AFBB"
"23","Cmss1",5.82399200295111e-10,-0.335126785432479,0.512,0.595,2.03065129166896e-05,-0.335126785432479,0.00091273165426773,-0.191563310224031,0.463,0.512,1,-0.191563310224031,"non-sig","#00AFBB"
"24","Coq10b",5.6409848455364e-08,0.227118736620568,0.121,0.057,0.00196684218609318,0.227118736620568,0.0107015478750849,-0.0882053224827138,0.092,0.121,1,-0.0882053224827138,"non-sig","#00AFBB"
"25","Crlf3",1.09053117062152e-06,0.276836179794929,0.45,0.343,0.0380235503260607,0.276836179794929,0.102322782088307,-0.106933030587577,0.419,0.45,1,-0.106933030587577,"non-sig","#00AFBB"
"26","Cst3",8.77444801550541e-17,0.417352458202381,0.853,0.747,3.05938678956627e-12,0.417352458202381,0.586689002972818,-0.0430477651437311,0.856,0.853,1,-0.0430477651437311,"non-sig","#00AFBB"
"27","Cyp51",4.95531689910223e-11,-0.467487334395525,0.137,0.227,1.72777034320997e-06,-0.467487334395525,0.0452153985007504,0.127420684374362,0.161,0.137,1,0.127420684374362,"non-sig","#00AFBB"
"28","Echdc2",5.55863424364076e-20,0.548978566727436,0.173,0.055,1.93812900173022e-15,0.548978566727436,1.21019517246884e-13,-0.425258302327314,0.083,0.173,4.2195875078471e-09,-0.425258302327314,"sig","#E7B800"
"29","Eci2",5.10673874539299e-07,0.252868779377561,0.271,0.181,0.0178056659835617,0.252868779377561,0.000143259416382824,-0.222272118805531,0.21,0.271,1,-0.222272118805531,"non-sig","#00AFBB"
"30","Erc1",8.18895989094935e-07,0.253668577154747,0.381,0.282,0.0285524464517731,0.253668577154747,0.235594178763353,0.0721216274222616,0.406,0.381,1,0.0721216274222616,"non-sig","#00AFBB"
"31","Etnppl",7.27971659346264e-33,0.878710680696399,0.238,0.066,2.53821878464262e-28,0.878710680696399,0.000689782443866838,-0.261879752789554,0.191,0.238,1,-0.261879752789554,"non-sig","#00AFBB"
"32","Fam184a",4.20148971376051e-10,0.386488126208502,0.465,0.343,1.46493341849688e-05,0.386488126208502,0.137434464244771,-0.103806689916458,0.44,0.465,1,-0.103806689916458,"non-sig","#00AFBB"
"33","Fgf13",9.27916997151452e-10,0.463244206536329,0.45,0.339,3.23536819396797e-05,0.463244206536329,0.576074855366858,-0.0732351699121701,0.444,0.45,1,-0.0732351699121701,"non-sig","#00AFBB"
"34","Fkbp5",9.62731508568591e-13,0.458452028439664,0.08,0.017,3.35675595092611e-08,0.458452028439664,0.000192597024645214,-0.255370134809528,0.047,0.08,1,-0.255370134809528,"non-sig","#00AFBB"
"35","Galnt18",8.69815131434845e-18,0.548377601597302,0.272,0.131,3.03278441877387e-13,0.548377601597302,0.0125688044633849,-0.184341223917177,0.233,0.272,1,-0.184341223917177,"non-sig","#00AFBB"
"36","Gm11417",1.74973236783332e-13,0.347978284798228,0.1,0.027,6.10079184692444e-09,0.347978284798228,0.00181941514956149,-0.146316216826786,0.069,0.1,1,-0.146316216826786,"non-sig","#00AFBB"
"37","Gm20713",2.99315980132964e-09,-0.251609278147856,0.748,0.817,0.00010436250279296,-0.251609278147856,8.41520695383685e-07,0.191183642882384,0.803,0.748,0.0293413020859429,0.191183642882384,"sig","#E7B800"
"38","Gm29683",1.52092838957021e-09,0.685006542577835,0.088,0.031,5.30302101591446e-05,0.685006542577835,4.83620363197004e-06,-0.388278084314095,0.046,0.088,0.168623912035899,-0.388278084314095,"non-sig","#00AFBB"
"39","Gm36944",4.00960622182522e-10,0.346836879919705,0.142,0.065,1.3980294013638e-05,0.346836879919705,0.00735329585262248,-0.141878792080968,0.11,0.142,1,-0.141878792080968,"non-sig","#00AFBB"
"40","Gm47283",4.74336517468303e-19,0.408133354890745,0.075,0.003,1.65386913545673e-14,0.408133354890745,2.8054252522065e-24,-0.408359840636968,0.003,0.075,9.7816762268684e-20,-0.408359840636968,"sig","#E7B800"
"41","Gm49599",5.16144303438799e-08,0.280298202664825,0.15,0.078,0.00179964034280006,0.280298202664825,0.0996052191233343,-0.0759064551716554,0.128,0.15,1,-0.0759064551716554,"non-sig","#00AFBB"
"42","Gm49708",2.93561762676917e-07,0.340158645241638,0.202,0.125,0.0102356179792561,0.340158645241638,0.243300894110356,0.071915299948303,0.217,0.202,1,0.071915299948303,"non-sig","#00AFBB"
"43","Gm9925",7.86398543137512e-09,0.311261965283667,0.315,0.211,0.000274193580035756,0.311261965283667,0.0312668903978693,-0.114369932294069,0.28,0.315,1,-0.114369932294069,"non-sig","#00AFBB"
"44","Gnao1",3.77811559294942e-11,-0.276387274487547,0.782,0.848,1.31731556379367e-06,-0.276387274487547,9.34787298297891e-07,0.197275022603873,0.83,0.782,0.0325932287297526,0.197275022603873,"sig","#E7B800"
"45","Gphn",1.83939051751682e-13,0.329669744531823,0.843,0.77,6.41340291742589e-09,0.329669744531823,0.252076506675308,-0.0621081667105496,0.841,0.843,1,-0.0621081667105496,"non-sig","#00AFBB"
"46","Gpr158",7.79945430111997e-08,-0.419289074124638,0.155,0.23,0.0027194357311715,-0.419289074124638,0.000237177655398521,0.258714876654967,0.204,0.155,1,0.258714876654967,"non-sig","#00AFBB"
"47","Grm3",2.65458869813481e-35,-0.562340386221835,0.761,0.85,9.25575441378664e-31,-0.562340386221835,2.40289463465528e-30,0.503501084592592,0.837,0.761,8.37817272265258e-26,0.503501084592592,"sig","#E7B800"
"48","Hif3a",4.42810582967886e-39,0.849884689362401,0.336,0.117,1.54394765963413e-34,0.849884689362401,0.0415070249337155,-0.0950161417097708,0.296,0.336,1,-0.0950161417097708,"non-sig","#00AFBB"
"49","Hmgcr",3.29952927113621e-07,-0.384445192199535,0.202,0.273,0.0115044687096706,-0.384445192199535,0.826938874937661,0.00931627071044194,0.204,0.202,1,0.00931627071044194,"non-sig","#00AFBB"
"50","Hmgcs1",1.20055019191239e-11,-0.502874619716063,0.167,0.263,4.18595835414093e-07,-0.502874619716063,0.0550123280301869,0.0965880036834095,0.193,0.167,1,0.0965880036834095,"non-sig","#00AFBB"
"51","Id3",1.54528567508823e-07,0.337059452846538,0.213,0.133,0.00538794756333013,0.337059452846538,0.00688651515618934,-0.145633304574571,0.175,0.213,1,-0.145633304574571,"non-sig","#00AFBB"
"52","Kcnd3",7.42515675148485e-08,0.338545301657832,0.145,0.077,0.00258892940454022,0.338545301657832,0.00045188454614425,-0.245166104342514,0.104,0.145,1,-0.245166104342514,"non-sig","#00AFBB"
"53","Kcnip4",1.06934862403528e-07,-0.265376089876356,0.45,0.534,0.00372849784742382,-0.265376089876356,0.591988815494312,-0.129923668113261,0.444,0.45,1,-0.129923668113261,"non-sig","#00AFBB"
"54","Lama3",1.16235887419865e-07,-0.384966004231259,0.305,0.382,0.00405279668666845,-0.384966004231259,7.22983379521698e-13,0.446480405530961,0.413,0.305,2.52082614937831e-08,0.446480405530961,"sig","#E7B800"
"55","Lama4",3.24314302629684e-09,0.370370658739622,0.075,0.023,0.000113078667897892,0.370370658739622,0.000310251092983855,-0.214661949107735,0.044,0.075,1,-0.214661949107735,"non-sig","#00AFBB"
"56","Lrmda",1.144387510663e-07,0.554120264720852,0.286,0.199,0.00399013593342867,0.554120264720852,2.09054752666617e-09,-0.593911166026328,0.197,0.286,7.28911206122693e-05,-0.593911166026328,"sig","#E7B800"
"57","Lrrk1",1.95321979746214e-07,0.577799742950096,0.111,0.055,0.00681029146781125,0.577799742950096,1.48454072855128e-08,-0.563260609035803,0.055,0.111,0.000517614815823976,-0.563260609035803,"sig","#E7B800"
"58","Lsamp",3.02247700204465e-12,0.16888254653353,0.908,0.938,1.05384705630291e-07,0.16888254653353,0.0599645324557209,0.0721128254945382,0.934,0.908,1,0.0721128254945382,"non-sig","#00AFBB"
"59","Macf1",7.26789040129922e-08,-0.181431728994888,0.888,0.925,0.002534095346221,-0.181431728994888,0.0201883594693676,0.0859653217931928,0.91,0.888,1,0.0859653217931928,"non-sig","#00AFBB"
"60","Magi2",1.61941958299308e-08,0.222094896153403,0.886,0.869,0.000564643026002197,0.222094896153403,0.32597876773448,-0.0381001270973425,0.89,0.886,1,-0.0381001270973425,"non-sig","#00AFBB"
"61","Mat2a",6.17133848069083e-07,0.292417564604914,0.41,0.304,0.0215176058806247,0.292417564604914,8.40315500155039e-06,-0.248213802278886,0.334,0.41,0.292992805439058,-0.248213802278886,"non-sig","#00AFBB"
"62","Mdga2",7.73143272583797e-20,0.475154973273735,0.833,0.829,2.69571864851792e-15,0.475154973273735,0.937637823467046,-0.064429359591581,0.872,0.833,1,-0.064429359591581,"non-sig","#00AFBB"
"63","Mertk",2.96715772702874e-07,0.263629064131968,0.776,0.764,0.0103455888468311,0.263629064131968,0.0202714271339586,0.0863223207107224,0.822,0.776,1,0.0863223207107224,"non-sig","#00AFBB"
"64","Mgat5",9.6732254293458e-07,-0.34570735965,0.367,0.432,0.0337276351045,-0.34570735965,0.0450901019338584,0.0902226227757126,0.401,0.367,1,0.0902226227757126,"non-sig","#00AFBB"
"65","Mir6236",1.55359895664137e-07,-0.385004254117146,0.263,0.339,0.00541693348212147,-0.385004254117146,0.0393969482627269,-0.151853390619926,0.231,0.263,1,-0.151853390619926,"non-sig","#00AFBB"
"66","Msmo1",9.45956006904287e-07,-0.348373740763945,0.284,0.355,0.0329826480927318,-0.348373740763945,0.000346042232879859,0.220673559587424,0.341,0.284,1,0.220673559587424,"non-sig","#00AFBB"
"67","Mt1",2.2592020386228e-08,0.361102046592349,0.455,0.343,0.000787715974806611,0.361102046592349,0.011104365014369,-0.219926305169952,0.423,0.455,1,-0.219926305169952,"non-sig","#00AFBB"
"68","Mybpc1",3.71925975634498e-08,0.443489625099997,0.028,0.001,0.0012967942992448,0.443489625099997,0.0115710274041719,-0.250532446547478,0.015,0.028,1,-0.250532446547478,"non-sig","#00AFBB"
"69","Naaladl2",1.44736438177705e-07,0.36063803247232,0.403,0.299,0.00504652538994205,0.36063803247232,0.000967542004912633,-0.257063293303873,0.347,0.403,1,-0.257063293303873,"non-sig","#00AFBB"
"70","Nalcn",9.83881783606427e-09,0.362395722514648,0.159,0.083,0.000343050061490053,0.362395722514648,6.27394015783957e-09,-0.361360417884485,0.088,0.159,0.000218753471483392,-0.361360417884485,"sig","#E7B800"
"71","Npas3",3.60251222665495e-15,-0.298336286177841,0.823,0.891,1.25608793806778e-10,-0.298336286177841,2.48123539223948e-18,0.290560356873674,0.896,0.823,8.6513234421214e-14,0.290560356873674,"sig","#E7B800"
"72","Nr2f2",5.561721273224e-07,0.388027855765448,0.073,0.029,0.0193920535633501,0.388027855765448,7.89619409809086e-05,-0.256620645148242,0.039,0.073,1,-0.256620645148242,"non-sig","#00AFBB"
"73","Nrcam",3.80988948228544e-08,-0.266050847825242,0.684,0.742,0.00132839416578846,-0.266050847825242,1.10464939278529e-08,0.256611802695956,0.757,0.684,0.000385158103782446,0.256611802695956,"sig","#E7B800"
"74","Nrg3",2.17828796731252e-07,-0.325028115364606,0.275,0.351,0.00759503665562857,-0.325028115364606,0.150383372033856,0.0437234964675504,0.299,0.275,1,0.0437234964675504,"non-sig","#00AFBB"
"75","Nrgn",1.32167504647361e-10,-0.350765582759362,0.501,0.595,4.60828438453955e-06,-0.350765582759362,0.00395098640887411,0.131011099825991,0.542,0.501,1,0.131011099825991,"non-sig","#00AFBB"
"76","Ntm",4.00927876956161e-11,-0.203641345514991,0.884,0.935,1.39791522858305e-06,-0.203641345514991,2.30340265011606e-13,0.207269947827945,0.921,0.884,8.03127402015965e-09,0.207269947827945,"sig","#E7B800"
"77","Nxn",9.83618898457488e-07,0.27308692205243,0.332,0.234,0.0342958401325172,0.27308692205243,0.255984476361076,-0.0423287067172087,0.309,0.332,1,-0.0423287067172087,"non-sig","#00AFBB"
"78","Ogn",4.61014973783359e-07,0.222980081923682,0.047,0.012,0.0160742090909044,0.222980081923682,8.59169886893099e-10,-0.260605186407157,0.009,0.047,2.99566764463017e-05,-0.260605186407157,"sig","#E7B800"
"79","Pcyt2",3.5492704192565e-15,-0.547529453785815,0.304,0.424,1.23752411708216e-10,-0.547529453785815,0.532545521327603,0.00891593726227713,0.318,0.304,1,0.00891593726227713,"non-sig","#00AFBB"
"80","Pdgfd",7.7252012381509e-08,0.397760246726229,0.17,0.096,0.00269354591570607,0.397760246726229,0.000227049567221812,-0.246305128613156,0.121,0.17,1,-0.246305128613156,"non-sig","#00AFBB"
"81","Per2",4.05750526155697e-07,0.242969529451898,0.138,0.074,0.0141473035954707,0.242969529451898,3.17094547498614e-05,-0.209261239299017,0.089,0.138,1,-0.209261239299017,"non-sig","#00AFBB"
"82","Phka1",2.1834324394188e-12,0.4213223776648,0.552,0.411,7.61297388652154e-08,0.4213223776648,0.748801754282296,0.0263996602229621,0.547,0.552,1,0.0263996602229621,"non-sig","#00AFBB"
"83","Phldb2",3.24238505110521e-07,0.492175073395605,0.149,0.084,0.0113052239576885,0.492175073395605,7.32075504849081e-08,-0.501050108415553,0.087,0.149,0.00255252766275729,-0.501050108415553,"sig","#E7B800"
"84","Pigk",1.48022330756382e-09,-0.401581979654523,0.477,0.563,5.16109460648277e-05,-0.401581979654523,0.00588192685295542,0.167421516429813,0.517,0.477,1,0.167421516429813,"non-sig","#00AFBB"
"85","Pitpnm2",4.26679912600218e-08,0.308562764460803,0.174,0.098,0.00148770485126318,0.308562764460803,0.0301430029009664,-0.12123885118039,0.145,0.174,1,-0.12123885118039,"non-sig","#00AFBB"
"86","Plcb4",4.86900764973147e-08,0.290276991409436,0.432,0.321,0.00169767689723187,0.290276991409436,0.0244613978686143,-0.144496965665783,0.393,0.432,1,-0.144496965665783,"non-sig","#00AFBB"
"87","Plce1",2.60657636862709e-17,0.807141981027467,0.215,0.096,9.08834982449208e-13,0.807141981027467,0.000134850869658087,-0.280490494760999,0.16,0.215,1,-0.280490494760999,"non-sig","#00AFBB"
"88","Plcl1",1.02817664351179e-09,0.396103477242249,0.52,0.395,3.58494350293255e-05,0.396103477242249,0.00452114142534131,-0.223773784334328,0.474,0.52,1,-0.223773784334328,"non-sig","#00AFBB"
"89","Pld1",3.00363200506873e-07,0.319620714210098,0.175,0.103,0.0104727637120732,0.319620714210098,0.00444605977133701,-0.14218096018728,0.136,0.175,1,-0.14218096018728,"non-sig","#00AFBB"
"90","Prr5",5.54700211169285e-07,0.216890318941901,0.105,0.05,0.0193407322628395,0.216890318941901,0.0512054692283511,-0.0606661709352967,0.083,0.105,1,-0.0606661709352967,"non-sig","#00AFBB"
"91","Ptgds",2.71295068460166e-10,0.559899933990659,0.552,0.417,9.45924515200061e-06,0.559899933990659,0.000663292096069365,-0.201257844060245,0.496,0.552,1,-0.201257844060245,"non-sig","#00AFBB"
"92","Ptprd",4.50230995585932e-08,-0.255687911194204,0.62,0.67,0.00156982041230947,-0.255687911194204,0.0476282912625,0.0771601506833788,0.642,0.62,1,0.0771601506833788,"non-sig","#00AFBB"
"93","Qki",2.44181523661563e-11,0.265446332230986,0.888,0.865,8.51387718550773e-07,0.265446332230986,1.63447101816533e-18,0.286020529942066,0.926,0.888,5.69891009903705e-14,0.286020529942066,"sig","#E7B800"
"94","Rgs6",5.03958930655633e-11,-0.381490066668559,0.548,0.639,1.757153603517e-06,-0.381490066668559,5.27034245389605e-09,0.304174842309342,0.635,0.548,0.000183761030339994,0.304174842309342,"sig","#E7B800"
"95","Rgs7",2.12387484061689e-18,-0.45571131522152,0.654,0.751,7.4053144067789e-14,-0.45571131522152,5.35910112055134e-08,0.259608826969539,0.724,0.654,0.00186855778770264,0.259608826969539,"sig","#E7B800"
"96","Rmst",1.25802029877485e-06,0.366537395097471,0.566,0.496,0.0438633937573827,0.366537395097471,0.794421867823354,-0.0821452211368725,0.579,0.566,1,-0.0821452211368725,"non-sig","#00AFBB"
"97","Rn18s-rs5",1.57093619034349e-81,-0.425452553190147,0.999,1,5.47738321487066e-77,-0.425452553190147,3.06567296650467e-11,-0.172799140457687,0.999,0.999,1.06890819323118e-06,-0.172799140457687,"sig","#E7B800"
"98","Rora",1.8502250626294e-37,0.398755447398694,0.983,0.97,6.45117972586991e-33,0.398755447398694,4.3756541822389e-13,-0.219259394871756,0.974,0.983,1.52565934372124e-08,-0.219259394871756,"sig","#E7B800"
"99","Rtn1",3.86780012363401e-08,-0.252157519585732,0.558,0.635,0.00134858586910747,-0.252157519585732,0.149681065109567,0.0675793588754967,0.585,0.558,1,0.0675793588754967,"non-sig","#00AFBB"
"100","Sat1",2.56804079180323e-09,-0.370526888065562,0.523,0.592,8.95398782878033e-05,-0.370526888065562,0.116425392177433,0.0548230425731018,0.545,0.523,1,0.0548230425731018,"non-sig","#00AFBB"
"101","Sgcd",7.75540061301566e-10,0.802219969708332,0.202,0.115,2.70407553174017e-05,0.802219969708332,1.13067197861857e-06,-0.403563047132135,0.137,0.202,0.0394231398784938,-0.403563047132135,"sig","#E7B800"
"102","Slc24a3",2.42442108553089e-07,0.207097916134442,0.327,0.223,0.00845322899892056,0.207097916134442,0.00896417891174577,-0.100202435501954,0.28,0.327,1,-0.100202435501954,"non-sig","#00AFBB"
"103","Slco1c1",2.30333230149845e-08,-0.308347889191838,0.572,0.655,0.000803102873563464,-0.308347889191838,1.71078703383975e-08,0.277939969606303,0.656,0.572,0.000596500115088906,0.277939969606303,"sig","#E7B800"
"104","Spacdr",7.67058710153226e-07,0.272795925805565,0.421,0.312,0.0267450360469125,0.272795925805565,0.00181505565798065,-0.190990383446474,0.366,0.421,1,-0.190990383446474,"non-sig","#00AFBB"
"105","St6galnac5",6.09767959140432e-07,-0.295094451840244,0.462,0.541,0.0212607794313494,-0.295094451840244,0.0427476094047936,0.106677689172834,0.495,0.462,1,0.106677689172834,"non-sig","#00AFBB"
"106","Stard4",3.22758374787534e-07,-0.261838793096467,0.022,0.059,0.011253616253717,-0.261838793096467,0.323297199040307,0.0730382034796145,0.027,0.022,1,0.0730382034796145,"non-sig","#00AFBB"
"107","Tef",2.68048194033681e-11,0.371403064168617,0.408,0.276,9.34603638137235e-07,0.371403064168617,0.000406436435131833,-0.172470124809024,0.35,0.408,1,-0.172470124809024,"non-sig","#00AFBB"
"108","Tra2a",9.41109175027055e-10,0.342161964612187,0.487,0.358,3.28136536056683e-05,0.342161964612187,3.32733201502612e-09,-0.337937517258734,0.391,0.487,0.000116014085367916,-0.337937517258734,"sig","#E7B800"
"109","Tsc22d3",2.46868667534754e-10,0.349882511636676,0.14,0.063,8.60756983093425e-06,0.349882511636676,4.69697150246012e-07,-0.247582814581266,0.082,0.14,0.0163769305376277,-0.247582814581266,"sig","#E7B800"
"110","Zbtb16",1.00636360177049e-07,0.278578726614677,0.111,0.052,0.00350888797029316,0.278578726614677,0.0115583573518365,-0.100158469867705,0.083,0.111,1,-0.100158469867705,"non-sig","#00AFBB"
"111","Zbtb20",2.16359596643744e-13,0.190671216118913,0.985,0.98,7.54381005617742e-09,0.190671216118913,0.733211890834616,0.00108316788735952,0.984,0.985,1,0.00108316788735952,"non-sig","#00AFBB"
"112","Zcchc7",2.79896834410159e-07,0.253059049337711,0.574,0.462,0.00975916292537903,0.253059049337711,0.0170057937423366,-0.0899252563146073,0.531,0.574,1,-0.0899252563146073,"non-sig","#00AFBB"
"113","Zfhx3",5.42816475575434e-09,0.60481147245718,0.171,0.093,0.000189263820538886,0.60481147245718,1.09394935458573e-07,-0.472074628632512,0.105,0.171,0.00381427321463407,-0.472074628632512,"sig","#E7B800"
"114","Zfhx4",8.17158536618973e-07,0.406727122892645,0.143,0.081,0.0284918666962937,0.406727122892645,1.53733089911527e-05,-0.346360832741669,0.092,0.143,0.536021164594521,-0.346360832741669,"non-sig","#00AFBB"
