"","X","p_val.x","avg_log2FC.x","pct.1.x","pct.2.x","p_val_adj.x","X.1","Targets.of.Pbx3","X.2","X.3","X.4","avg_log2FC_N4_N1_DEGs","p_val.y","avg_log2FC.y","pct.1.y","pct.2.y","p_val_adj.y","avg_log2FC_N5_N4","N5_N4_sig","color.code"
"1","2610035D17Rik",1.14e-07,0.296085273,0.268,0.175,0.003961416,NA,"Ssrp1","Ssrp1",-0.0207043,1,0.296085273,0.204236640993577,-0.0623710647301732,0.247,0.268,1,-0.0623710647301732,"non-sig","#00AFBB"
"2","9330159F19Rik",8.33e-07,0.264180389,0.22,0.139,0.029034423,NA,"Ncor1","Ncor1",-0.047744122,1,0.264180389,0.0014508640610321,-0.200781633658572,0.174,0.22,1,-0.200781633658572,"non-sig","#00AFBB"
"3","Acss2",3.73e-25,-0.767162699,0.254,0.41,1.3e-20,NA,"Irf3","Irf3",-0.059559285,1,-0.767162699,1.88060221242124e-08,0.387166992028472,0.334,0.254,0.000655709573404912,0.387166992028472,"sig","#E7B800"
"4","Adamts20",1.06e-11,0.305391869,0.079,0.019,3.71e-07,NA,"Nanog","Nanog",0,1,0.305391869,0.00169452445377807,-0.138068899740751,0.051,0.079,1,-0.138068899740751,"non-sig","#00AFBB"
"5","Agmo",5.38e-10,0.417693187,0.427,0.31,1.88e-05,NA,"Ets1","Ets1",0.018192123,1,0.417693187,0.0704346854173701,-0.141494330037182,0.404,0.427,1,-0.141494330037182,"non-sig","#00AFBB"
"6","Akt2",1.76e-12,-0.528267924,0.153,0.246,6.14e-08,NA,"Stat2","Stat2",0.036492987,1,-0.528267924,3.67858072908034e-06,0.283473978261118,0.211,0.153,0.128261074280844,0.283473978261118,"non-sig","#00AFBB"
"7","Apba2",4e-08,-0.384582084,0.374,0.441,0.001395283,NA,"Klf4","Klf4",0.017184191,1,-0.384582084,1.82188136304872e-05,0.269241656371294,0.432,0.374,0.635235374854196,0.269241656371294,"non-sig","#00AFBB"
"8","Apod",1.24e-06,0.586212269,0.22,0.149,0.04329461,NA,"Bhlhe40","Bhlhe40",0.035322466,1,0.586212269,0.0138693422971719,-0.249480087179135,0.187,0.22,1,-0.249480087179135,"non-sig","#00AFBB"
"9","Apoe",1.86e-30,0.489946783,0.942,0.844,6.5e-26,NA,"Hoxb4","Hoxb4",0,1,0.489946783,2.04941477911716e-10,-0.234171054318931,0.906,0.942,7.14569451034781e-06,-0.234171054318931,"sig","#E7B800"
"10","Arglu1",3.49e-07,0.222708145,0.632,0.507,0.012162627,NA,"Med23","Med23",-0.01031333,1,0.222708145,0.880857772694616,0.019923801594858,0.607,0.632,1,0.019923801594858,"non-sig","#00AFBB"
"11","Asic2",7.94e-35,0.660060622,0.532,0.307,2.77e-30,NA,"Rara","Rara",0.001802945,1,0.660060622,5.74236854246422e-06,-0.289147034971052,0.469,0.532,0.2002191639701,-0.289147034971052,"non-sig","#00AFBB"
"12","Atp1a2",7.56e-11,0.302392378,0.92,0.877,2.64e-06,NA,"Onecut1","Onecut1",0,1,0.302392378,8.76722261415924e-08,-0.273018267265583,0.906,0.92,0.0030568675088789,-0.273018267265583,"sig","#E7B800"
"13","Atxn1",2.72e-07,0.296698182,0.431,0.328,0.009468077,NA,"Pou5f1","Pou5f1",-0.01900519,1,0.296698182,0.000129551359758436,-0.250243317984946,0.368,0.431,1,-0.250243317984946,"non-sig","#00AFBB"
"14","B3galt1",1.33e-06,-0.197465089,0.85,0.899,0.046484508,NA,"Rad21","Rad21",0.02511242,1,-0.197465089,4.31164694796476e-06,0.174247865669023,0.898,0.85,0.150334194134687,0.174247865669023,"non-sig","#00AFBB"
"15","Calm1",6.42e-10,-0.283021629,0.723,0.774,2.24e-05,NA,"Foxo1","Foxo1",0.121997088,1,-0.283021629,0.504295842115844,-0.037949547452679,0.714,0.723,1,-0.037949547452679,"non-sig","#00AFBB"
"16","Calm2",2.8e-08,-0.264956393,0.55,0.626,0.000976313,NA,"Tfap4","Tfap4",-0.002560486,1,-0.264956393,0.012519531286461,0.114135646753883,0.592,0.55,1,0.114135646753883,"non-sig","#00AFBB"
"17","Car8",7.86e-08,-0.369700745,0.116,0.186,0.002739643,NA,"Chd2","Chd2",0.23702173,1,-0.369700745,0.00869089508280299,0.14167022511198,0.147,0.116,1,0.14167022511198,"non-sig","#00AFBB"
"18","Ccdc85a",1.16e-06,0.329893747,0.389,0.299,0.040495622,NA,"Atoh1","Atoh1",0,1,0.329893747,0.328782211352331,-0.00851316910267452,0.369,0.389,1,-0.00851316910267452,"non-sig","#00AFBB"
"19","Ccnd3",2.73e-16,0.532336988,0.245,0.117,9.5e-12,NA,"Brd2","Brd2",0.082257692,1,0.532336988,0.00113826424799853,-0.205643074420945,0.195,0.245,1,-0.205643074420945,"non-sig","#00AFBB"
"20","Cdh19",6.97e-27,0.730004231,0.514,0.326,2.43e-22,NA,"Prdm1","Prdm1",0.055079353,1,0.730004231,0.00818298869892737,-0.184286853019027,0.482,0.514,1,-0.184286853019027,"non-sig","#00AFBB"
"21","Cep164",1.1e-06,0.210438509,0.094,0.043,0.038194732,NA,"Zmiz1","Zmiz1",-0.017052298,1,0.210438509,0.00472116315815245,-0.161514848454853,0.066,0.094,1,-0.161514848454853,"non-sig","#00AFBB"
"22","Clk1",8.23e-07,0.254046408,0.383,0.282,0.028708756,NA,"Jund","Jund",-0.050791753,1,0.254046408,0.00152414687739322,-0.192862572217361,0.329,0.383,1,-0.192862572217361,"non-sig","#00AFBB"
"23","Cmss1",5.82e-10,-0.335126785,0.512,0.595,2.03e-05,NA,"Rela","Rela",0.038205761,1,-0.335126785,0.00091273165426773,-0.191563310224031,0.463,0.512,1,-0.191563310224031,"non-sig","#00AFBB"
"24","Coq10b",5.64e-08,0.227118737,0.121,0.057,0.001966842,NA,"Wdr43","Wdr43",-0.081452461,1,0.227118737,0.0107015478750849,-0.0882053224827138,0.092,0.121,1,-0.0882053224827138,"non-sig","#00AFBB"
"25","Crlf3",1.09e-06,0.27683618,0.45,0.343,0.03802355,NA,"Kdm2a","Kdm2a",-0.006229593,1,0.27683618,0.102322782088307,-0.106933030587577,0.419,0.45,1,-0.106933030587577,"non-sig","#00AFBB"
"26","Cst3",8.77e-17,0.417352458,0.853,0.747,3.06e-12,NA,"Yap1","Yap1",0.046916783,1,0.417352458,0.586689002972818,-0.0430477651437311,0.856,0.853,1,-0.0430477651437311,"non-sig","#00AFBB"
"27","Cyp51",4.96e-11,-0.467487334,0.137,0.227,1.73e-06,NA,"Kmt2b","Kmt2b",0.010913285,1,-0.467487334,0.0452153985007504,0.127420684374362,0.161,0.137,1,0.127420684374362,"non-sig","#00AFBB"
"28","Echdc2",5.56e-20,0.548978567,0.173,0.055,1.94e-15,NA,"Esrrg","Esrrg",-0.127946808,1,0.548978567,1.21019517246884e-13,-0.425258302327314,0.083,0.173,4.2195875078471e-09,-0.425258302327314,"sig","#E7B800"
"29","Eci2",5.11e-07,0.252868779,0.271,0.181,0.017805666,NA,"Ehf","Ehf",0,1,0.252868779,0.000143259416382824,-0.222272118805531,0.21,0.271,1,-0.222272118805531,"non-sig","#00AFBB"
"30","Erc1",8.19e-07,0.253668577,0.381,0.282,0.028552446,NA,"Pou3f1","Pou3f1",-0.041995876,1,0.253668577,0.235594178763353,0.0721216274222616,0.406,0.381,1,0.0721216274222616,"non-sig","#00AFBB"
"31","Etnppl",7.28e-33,0.878710681,0.238,0.066,2.54e-28,NA,"Ep300","Ep300",0.078370872,1,0.878710681,0.000689782443866838,-0.261879752789554,0.191,0.238,1,-0.261879752789554,"non-sig","#00AFBB"
"32","Fam184a",4.2e-10,0.386488126,0.465,0.343,1.46e-05,NA,"Rxra","Rxra",0.024163339,1,0.386488126,0.137434464244771,-0.103806689916458,0.44,0.465,1,-0.103806689916458,"non-sig","#00AFBB"
"33","Fgf13",9.28e-10,0.463244207,0.45,0.339,3.24e-05,NA,"Znf143","#N/A",NA,NA,0.463244207,0.576074855366858,-0.0732351699121701,0.444,0.45,1,-0.0732351699121701,"non-sig","#00AFBB"
"34","Fkbp5",9.63e-13,0.458452028,0.08,0.017,3.36e-08,NA,"Foxa2","#N/A",NA,NA,0.458452028,0.000192597024645214,-0.255370134809528,0.047,0.08,1,-0.255370134809528,"non-sig","#00AFBB"
"35","Galnt18",8.7e-18,0.548377602,0.272,0.131,3.03e-13,NA,"Pou2f1","Pou2f1",-0.106168551,1,0.548377602,0.0125688044633849,-0.184341223917177,0.233,0.272,1,-0.184341223917177,"non-sig","#00AFBB"
"36","Gm11417",1.75e-13,0.347978285,0.1,0.027,6.1e-09,NA,"Setdb1","Setdb1",-0.032051246,1,0.347978285,0.00181941514956149,-0.146316216826786,0.069,0.1,1,-0.146316216826786,"non-sig","#00AFBB"
"37","Gm20713",2.99e-09,-0.251609278,0.748,0.817,0.000104363,NA,"Lmnb1","Lmnb1",0.002628942,1,-0.251609278,8.41520695383685e-07,0.191183642882384,0.803,0.748,0.0293413020859429,0.191183642882384,"sig","#E7B800"
"38","Gm29683",1.52e-09,0.685006543,0.088,0.031,5.3e-05,NA,"Dnmt3a","Dnmt3a",0.039257344,1,0.685006543,4.83620363197004e-06,-0.388278084314095,0.046,0.088,0.168623912035899,-0.388278084314095,"non-sig","#00AFBB"
"39","Gm36944",4.01e-10,0.34683688,0.142,0.065,1.4e-05,NA,"Hdac2","Hdac2",-0.025686373,1,0.34683688,0.00735329585262248,-0.141878792080968,0.11,0.142,1,-0.141878792080968,"non-sig","#00AFBB"
"40","Gm47283",4.74e-19,0.408133355,0.075,0.003,1.65e-14,NA,"Cbx7","Cbx7",-0.049704333,1,0.408133355,2.8054252522065e-24,-0.408359840636968,0.003,0.075,9.7816762268684e-20,-0.408359840636968,"sig","#E7B800"
"41","Gm49599",5.16e-08,0.280298203,0.15,0.078,0.00179964,NA,"Maz","Maz",-0.056196898,1,0.280298203,0.0996052191233343,-0.0759064551716554,0.128,0.15,1,-0.0759064551716554,"non-sig","#00AFBB"
"42","Gm49708",2.94e-07,0.340158645,0.202,0.125,0.010235618,NA,"Ebf1","Ebf1",0.079625048,1,0.340158645,0.243300894110356,0.071915299948303,0.217,0.202,1,0.071915299948303,"non-sig","#00AFBB"
"43","Gm9925",7.86e-09,0.311261965,0.315,0.211,0.000274194,NA,"Insm1","Insm1",-0.000685038,1,0.311261965,0.0312668903978693,-0.114369932294069,0.28,0.315,1,-0.114369932294069,"non-sig","#00AFBB"
"44","Gnao1",3.78e-11,-0.276387274,0.782,0.848,1.32e-06,NA,"Etv6","Etv6",0.153313613,1,-0.276387274,9.34787298297891e-07,0.197275022603873,0.83,0.782,0.0325932287297526,0.197275022603873,"sig","#E7B800"
"45","Gphn",1.84e-13,0.329669745,0.843,0.77,6.41e-09,NA,"Rai1","Rai1",-0.008088155,1,0.329669745,0.252076506675308,-0.0621081667105496,0.841,0.843,1,-0.0621081667105496,"non-sig","#00AFBB"
"46","Gpr158",7.8e-08,-0.419289074,0.155,0.23,0.002719436,NA,"Chd4","Chd4",-0.064591169,1,-0.419289074,0.000237177655398521,0.258714876654967,0.204,0.155,1,0.258714876654967,"non-sig","#00AFBB"
"47","Grm3",2.65e-35,-0.562340386,0.761,0.85,9.26e-31,NA,"Kdm5a","Kdm5a",0.005164489,1,-0.562340386,2.40289463465528e-30,0.503501084592592,0.837,0.761,8.37817272265258e-26,0.503501084592592,"sig","#E7B800"
"48","Hif3a",4.43e-39,0.849884689,0.336,0.117,1.54e-34,NA,"Stat3","Stat3",0.094231119,1,0.849884689,0.0415070249337155,-0.0950161417097708,0.296,0.336,1,-0.0950161417097708,"non-sig","#00AFBB"
"49","Hmgcr",3.3e-07,-0.384445192,0.202,0.273,0.011504469,NA,"Msl1","Msl1",-0.068393497,1,-0.384445192,0.826938874937661,0.00931627071044194,0.204,0.202,1,0.00931627071044194,"non-sig","#00AFBB"
"50","Hmgcs1",1.2e-11,-0.50287462,0.167,0.263,4.19e-07,NA,"Ctcf","Ctcf",0.04307546,1,-0.50287462,0.0550123280301869,0.0965880036834095,0.193,0.167,1,0.0965880036834095,"non-sig","#00AFBB"
"51","Id3",1.55e-07,0.337059453,0.213,0.133,0.005387948,NA,"Ncoa2","Ncoa2",-0.145484642,1,0.337059453,0.00688651515618934,-0.145633304574571,0.175,0.213,1,-0.145633304574571,"non-sig","#00AFBB"
"52","Kcnd3",7.43e-08,0.338545302,0.145,0.077,0.002588929,NA,"Dr1","Dr1",0.009875263,1,0.338545302,0.00045188454614425,-0.245166104342514,0.104,0.145,1,-0.245166104342514,"non-sig","#00AFBB"
"53","Kcnip4",1.07e-07,-0.26537609,0.45,0.534,0.003728498,NA,"Foxp1","Foxp1",0.011252918,1,-0.26537609,0.591988815494312,-0.129923668113261,0.444,0.45,1,-0.129923668113261,"non-sig","#00AFBB"
"54","Lama3",1.16e-07,-0.384966004,0.305,0.382,0.004052797,NA,"Zfp217","Zfp217",0.019899936,1,-0.384966004,7.22983379521698e-13,0.446480405530961,0.413,0.305,2.52082614937831e-08,0.446480405530961,"sig","#E7B800"
"55","Lama4",3.24e-09,0.370370659,0.075,0.023,0.000113079,NA,"Cdk8","Cdk8",-0.020588651,1,0.370370659,0.000310251092983855,-0.214661949107735,0.044,0.075,1,-0.214661949107735,"non-sig","#00AFBB"
"56","Lrmda",1.14e-07,0.554120265,0.286,0.199,0.003990136,NA,"Kmt2c","Kmt2c",-0.104513564,1,0.554120265,2.09054752666617e-09,-0.593911166026328,0.197,0.286,7.28911206122693e-05,-0.593911166026328,"sig","#E7B800"
"57","Lrrk1",1.95e-07,0.577799743,0.111,0.055,0.006810291,NA,"Bhlha15","Bhlha15",0,1,0.577799743,1.48454072855128e-08,-0.563260609035803,0.055,0.111,0.000517614815823976,-0.563260609035803,"sig","#E7B800"
"58","Lsamp",3.02e-12,0.168882547,0.908,0.938,1.05e-07,NA,"Foxp3","Foxp3",0.004228049,1,0.168882547,0.0599645324557209,0.0721128254945382,0.934,0.908,1,0.0721128254945382,"non-sig","#00AFBB"
"59","Macf1",7.27e-08,-0.181431729,0.888,0.925,0.002534095,NA,"Rfx2","Rfx2",-0.085777856,1,-0.181431729,0.0201883594693676,0.0859653217931928,0.91,0.888,1,0.0859653217931928,"non-sig","#00AFBB"
"60","Magi2",1.62e-08,0.222094896,0.886,0.869,0.000564643,NA,"Tead1","Tead1",0.069580437,1,0.222094896,0.32597876773448,-0.0381001270973425,0.89,0.886,1,-0.0381001270973425,"non-sig","#00AFBB"
"61","Mat2a",6.17e-07,0.292417565,0.41,0.304,0.021517606,NA,"Men1","Men1",-0.020314166,1,0.292417565,8.40315500155039e-06,-0.248213802278886,0.334,0.41,0.292992805439058,-0.248213802278886,"non-sig","#00AFBB"
"62","Mdga2",7.73e-20,0.475154973,0.833,0.829,2.7e-15,NA,"Rcor2","Rcor2",0.04801283,1,0.475154973,0.937637823467046,-0.064429359591581,0.872,0.833,1,-0.064429359591581,"non-sig","#00AFBB"
"63","Mertk",2.97e-07,0.263629064,0.776,0.764,0.010345589,NA,"Tfap2c","Tfap2c",-0.004494555,1,0.263629064,0.0202714271339586,0.0863223207107224,0.822,0.776,1,0.0863223207107224,"non-sig","#00AFBB"
"64","Mgat5",9.67e-07,-0.34570736,0.367,0.432,0.033727635,NA,"Fbxl19","Fbxl19",-0.008803994,1,-0.34570736,0.0450901019338584,0.0902226227757126,0.401,0.367,1,0.0902226227757126,"non-sig","#00AFBB"
"65","Mir6236",1.55e-07,-0.385004254,0.263,0.339,0.005416933,NA,"Six2","Six2",0.0024873,1,-0.385004254,0.0393969482627269,-0.151853390619926,0.231,0.263,1,-0.151853390619926,"non-sig","#00AFBB"
"66","Msmo1",9.46e-07,-0.348373741,0.284,0.355,0.032982648,NA,"Vdr","Vdr",0.002805958,1,-0.348373741,0.000346042232879859,0.220673559587424,0.341,0.284,1,0.220673559587424,"non-sig","#00AFBB"
"67","Mt1",2.26e-08,0.361102047,0.455,0.343,0.000787716,NA,"Rbpj","Rbpj",-0.056172108,1,0.361102047,0.011104365014369,-0.219926305169952,0.423,0.455,1,-0.219926305169952,"non-sig","#00AFBB"
"68","Mybpc1",3.72e-08,0.443489625,0.028,0.001,0.001296794,NA,"Jun","Jun",-0.089127568,1,0.443489625,0.0115710274041719,-0.250532446547478,0.015,0.028,1,-0.250532446547478,"non-sig","#00AFBB"
"69","Naaladl2",1.45e-07,0.360638032,0.403,0.299,0.005046525,NA,"Dnmt3b","Dnmt3b",0.051015641,1,0.360638032,0.000967542004912633,-0.257063293303873,0.347,0.403,1,-0.257063293303873,"non-sig","#00AFBB"
"70","Nalcn",9.84e-09,0.362395723,0.159,0.083,0.00034305,NA,"Hes1","Hes1",0.070926631,1,0.362395723,6.27394015783957e-09,-0.361360417884485,0.088,0.159,0.000218753471483392,-0.361360417884485,"sig","#E7B800"
"71","Npas3",3.6e-15,-0.298336286,0.823,0.891,1.26e-10,NA,"Nfya","Nfya",0.040807984,1,-0.298336286,2.48123539223948e-18,0.290560356873674,0.896,0.823,8.6513234421214e-14,0.290560356873674,"sig","#E7B800"
"72","Nr2f2",5.56e-07,0.388027856,0.073,0.029,0.019392054,NA,"Myt1l","Myt1l",-0.02586043,1,0.388027856,7.89619409809086e-05,-0.256620645148242,0.039,0.073,1,-0.256620645148242,"non-sig","#00AFBB"
"73","Nrcam",3.81e-08,-0.266050848,0.684,0.742,0.001328394,NA,"Mafk","Mafk",0.010159722,1,-0.266050848,1.10464939278529e-08,0.256611802695956,0.757,0.684,0.000385158103782446,0.256611802695956,"sig","#E7B800"
"74","Nrg3",2.18e-07,-0.325028115,0.275,0.351,0.007595037,NA,"Taf2","Taf2",0.016452183,1,-0.325028115,0.150383372033856,0.0437234964675504,0.299,0.275,1,0.0437234964675504,"non-sig","#00AFBB"
"75","Nrgn",1.32e-10,-0.350765583,0.501,0.595,4.61e-06,NA,"Mafg","Mafg",-0.107468873,1,-0.350765583,0.00395098640887411,0.131011099825991,0.542,0.501,1,0.131011099825991,"non-sig","#00AFBB"
"76","Ntm",4.01e-11,-0.203641346,0.884,0.935,1.4e-06,NA,"Twist2","Twist2",0.026163461,1,-0.203641346,2.30340265011606e-13,0.207269947827945,0.921,0.884,8.03127402015965e-09,0.207269947827945,"sig","#E7B800"
"77","Nxn",9.84e-07,0.273086922,0.332,0.234,0.03429584,NA,"Ubtf","Ubtf",-0.023475659,1,0.273086922,0.255984476361076,-0.0423287067172087,0.309,0.332,1,-0.0423287067172087,"non-sig","#00AFBB"
"78","Ogn",4.61e-07,0.222980082,0.047,0.012,0.016074209,NA,"Gfi1","#N/A",NA,NA,0.222980082,8.59169886893099e-10,-0.260605186407157,0.009,0.047,2.99566764463017e-05,-0.260605186407157,"sig","#E7B800"
"79","Pcyt2",3.55e-15,-0.547529454,0.304,0.424,1.24e-10,NA,"Satb1","Satb1",-0.075307353,1,-0.547529454,0.532545521327603,0.00891593726227713,0.318,0.304,1,0.00891593726227713,"non-sig","#00AFBB"
"80","Pdgfd",7.73e-08,0.397760247,0.17,0.096,0.002693546,NA,"Hey1","Hey1",0.02817061,1,0.397760247,0.000227049567221812,-0.246305128613156,0.121,0.17,1,-0.246305128613156,"non-sig","#00AFBB"
"81","Per2",4.06e-07,0.242969529,0.138,0.074,0.014147304,NA,"Rorc","Rorc",0.026980272,1,0.242969529,3.17094547498614e-05,-0.209261239299017,0.089,0.138,1,-0.209261239299017,"non-sig","#00AFBB"
"82","Phka1",2.18e-12,0.421322378,0.552,0.411,7.61e-08,NA,"Hoxc9","#N/A",NA,NA,0.421322378,0.748801754282296,0.0263996602229621,0.547,0.552,1,0.0263996602229621,"non-sig","#00AFBB"
"83","Phldb2",3.24e-07,0.492175073,0.149,0.084,0.011305224,NA,"Kdm5b","Kdm5b",0.149429614,1,0.492175073,7.32075504849081e-08,-0.501050108415553,0.087,0.149,0.00255252766275729,-0.501050108415553,"sig","#E7B800"
"84","Pigk",1.48e-09,-0.40158198,0.477,0.563,5.16e-05,NA,"Sox9","Sox9",0.102954574,1,-0.40158198,0.00588192685295542,0.167421516429813,0.517,0.477,1,0.167421516429813,"non-sig","#00AFBB"
"85","Pitpnm2",4.27e-08,0.308562764,0.174,0.098,0.001487705,NA,"Bach2","Bach2",-0.283481355,0.241383183,0.308562764,0.0301430029009664,-0.12123885118039,0.145,0.174,1,-0.12123885118039,"non-sig","#00AFBB"
"86","Plcb4",4.87e-08,0.290276991,0.432,0.321,0.001697677,NA,"Pknox1","Pknox1",0.075435977,1,0.290276991,0.0244613978686143,-0.144496965665783,0.393,0.432,1,-0.144496965665783,"non-sig","#00AFBB"
"87","Plce1",2.61e-17,0.807141981,0.215,0.096,9.09e-13,NA,"Erf","Erf",0.046948004,1,0.807141981,0.000134850869658087,-0.280490494760999,0.16,0.215,1,-0.280490494760999,"non-sig","#00AFBB"
"88","Plcl1",1.03e-09,0.396103477,0.52,0.395,3.58e-05,NA,"Mfsd11","Mfsd11",0.032535986,1,0.396103477,0.00452114142534131,-0.223773784334328,0.474,0.52,1,-0.223773784334328,"non-sig","#00AFBB"
"89","Pld1",3e-07,0.319620714,0.175,0.103,0.010472764,NA,"Smad3","Smad3",-0.105262849,1,0.319620714,0.00444605977133701,-0.14218096018728,0.136,0.175,1,-0.14218096018728,"non-sig","#00AFBB"
"90","Prr5",5.55e-07,0.216890319,0.105,0.05,0.019340732,NA,"Cat","Cat",0.058518207,1,0.216890319,0.0512054692283511,-0.0606661709352967,0.083,0.105,1,-0.0606661709352967,"non-sig","#00AFBB"
"91","Ptgds",2.71e-10,0.559899934,0.552,0.417,9.46e-06,NA,"Pcgf6","Pcgf6",-0.029444095,1,0.559899934,0.000663292096069365,-0.201257844060245,0.496,0.552,1,-0.201257844060245,"non-sig","#00AFBB"
"92","Ptprd",4.5e-08,-0.255687911,0.62,0.67,0.00156982,NA,"Setd1a","Setd1a",0.016709783,1,-0.255687911,0.0476282912625,0.0771601506833788,0.642,0.62,1,0.0771601506833788,"non-sig","#00AFBB"
"93","Qki",2.44e-11,0.265446332,0.888,0.865,8.51e-07,NA,"Cdk9","Cdk9",0.069179437,1,0.265446332,1.63447101816533e-18,0.286020529942066,0.926,0.888,5.69891009903705e-14,0.286020529942066,"sig","#E7B800"
"94","Rgs6",5.04e-11,-0.381490067,0.548,0.639,1.76e-06,NA,"Pias2","Pias2",0.048947243,1,-0.381490067,5.27034245389605e-09,0.304174842309342,0.635,0.548,0.000183761030339994,0.304174842309342,"sig","#E7B800"
"95","Rgs7",2.12e-18,-0.455711315,0.654,0.751,7.41e-14,NA,"Supt16h","#N/A",NA,NA,-0.455711315,5.35910112055134e-08,0.259608826969539,0.724,0.654,0.00186855778770264,0.259608826969539,"sig","#E7B800"
"96","Rmst",1.26e-06,0.366537395,0.566,0.496,0.043863394,NA,"Ascl1","Ascl1",0.013038618,1,0.366537395,0.794421867823354,-0.0821452211368725,0.579,0.566,1,-0.0821452211368725,"non-sig","#00AFBB"
"97","Rn18s-rs5",1.57e-81,-0.425452553,0.999,1,5.48e-77,NA,"Rfx1","Rfx1",-0.03735445,1,-0.425452553,3.06567296650467e-11,-0.172799140457687,0.999,0.999,1.06890819323118e-06,-0.172799140457687,"sig","#E7B800"
"98","Rora",1.85e-37,0.398755447,0.983,0.97,6.45e-33,NA,"Nucks1","Nucks1",0.020976305,1,0.398755447,4.3756541822389e-13,-0.219259394871756,0.974,0.983,1.52565934372124e-08,-0.219259394871756,"sig","#E7B800"
"99","Rtn1",3.87e-08,-0.25215752,0.558,0.635,0.001348586,NA,"Srsf2","Srsf2",0.164420014,1,-0.25215752,0.149681065109567,0.0675793588754967,0.585,0.558,1,0.0675793588754967,"non-sig","#00AFBB"
"100","Sat1",2.57e-09,-0.370526888,0.523,0.592,8.95e-05,NA,"Arid4b","Arid4b",0.089774984,1,-0.370526888,0.116425392177433,0.0548230425731018,0.545,0.523,1,0.0548230425731018,"non-sig","#00AFBB"
"101","Sgcd",7.76e-10,0.80221997,0.202,0.115,2.7e-05,NA,"Kdm4c","Kdm4c",-0.005120769,1,0.80221997,1.13067197861857e-06,-0.403563047132135,0.137,0.202,0.0394231398784938,-0.403563047132135,"sig","#E7B800"
"102","Slc24a3",2.42e-07,0.207097916,0.327,0.223,0.008453229,NA,"Irf8","Irf8",0.009391596,1,0.207097916,0.00896417891174577,-0.100202435501954,0.28,0.327,1,-0.100202435501954,"non-sig","#00AFBB"
"103","Slco1c1",2.3e-08,-0.308347889,0.572,0.655,0.000803103,NA,"Srebf1","Srebf1",0.007373701,1,-0.308347889,1.71078703383975e-08,0.277939969606303,0.656,0.572,0.000596500115088906,0.277939969606303,"sig","#E7B800"
"104","Spacdr",7.67e-07,0.272795926,0.421,0.312,0.026745036,NA,"Arntl","Arntl",-0.200273238,1,0.272795926,0.00181505565798065,-0.190990383446474,0.366,0.421,1,-0.190990383446474,"non-sig","#00AFBB"
"105","St6galnac5",6.1e-07,-0.295094452,0.462,0.541,0.021260779,NA,"Wt1","Wt1",0,1,-0.295094452,0.0427476094047936,0.106677689172834,0.495,0.462,1,0.106677689172834,"non-sig","#00AFBB"
"106","Stard4",3.23e-07,-0.261838793,0.022,0.059,0.011253616,NA,"Zbtb2","Zbtb2",0.024752788,1,-0.261838793,0.323297199040307,0.0730382034796145,0.027,0.022,1,0.0730382034796145,"non-sig","#00AFBB"
"107","Tef",2.68e-11,0.371403064,0.408,0.276,9.35e-07,NA,"Rbbp4","Rbbp4",0.138492199,1,0.371403064,0.000406436435131833,-0.172470124809024,0.35,0.408,1,-0.172470124809024,"non-sig","#00AFBB"
"108","Tra2a",9.41e-10,0.342161965,0.487,0.358,3.28e-05,NA,"PcgF3","Pcgf3",0.044469177,1,0.342161965,3.32733201502612e-09,-0.337937517258734,0.391,0.487,0.000116014085367916,-0.337937517258734,"sig","#E7B800"
"109","Tsc22d3",2.47e-10,0.349882512,0.14,0.063,8.61e-06,NA,"Stat4","Stat4",0.007778541,1,0.349882512,4.69697150246012e-07,-0.247582814581266,0.082,0.14,0.0163769305376277,-0.247582814581266,"sig","#E7B800"
"110","Zbtb16",1.01e-07,0.278578727,0.111,0.052,0.003508888,NA,"Hoxb5","#N/A",NA,NA,0.278578727,0.0115583573518365,-0.100158469867705,0.083,0.111,1,-0.100158469867705,"non-sig","#00AFBB"
"111","Zbtb20",2.16e-13,0.190671216,0.985,0.98,7.54e-09,NA,"Irf7","Irf7",0.005084778,1,0.190671216,0.733211890834616,0.00108316788735952,0.984,0.985,1,0.00108316788735952,"non-sig","#00AFBB"
"112","Zcchc7",2.8e-07,0.253059049,0.574,0.462,0.009759163,NA,"Gabpa","Gabpa",0.032790563,1,0.253059049,0.0170057937423366,-0.0899252563146073,0.531,0.574,1,-0.0899252563146073,"non-sig","#00AFBB"
"113","Zfhx3",5.43e-09,0.604811472,0.171,0.093,0.000189264,NA,"Rad51","Rad51",0.00781784,1,0.604811472,1.09394935458573e-07,-0.472074628632512,0.105,0.171,0.00381427321463407,-0.472074628632512,"sig","#E7B800"
"114","Zfhx4",8.17e-07,0.406727123,0.143,0.081,0.028491867,NA,"Zeb1","Zeb1",-0.059897105,1,0.406727123,1.53733089911527e-05,-0.346360832741669,0.092,0.143,0.536021164594521,-0.346360832741669,"non-sig","#00AFBB"
