"","p_val","avg_log2FC","pct.1","pct.2","p_val_adj"
"Lrrk1",7.52239662196463e-05,-0.575429187736471,0.55,0.735,1
"Phldb2",0.000184653758115088,-0.608840354909397,0.366,0.595,1
"Ogn",0.000332988487116582,-0.61115351970719,0.099,0.27,1
"Filip1l",0.00041495064821448,-0.677518186929217,0.031,0.153,1
"Nrgn",0.00041510971903129,0.623065060066585,0.565,0.419,1
"Ppm1e",0.000619820783955059,-0.537042858074038,0.252,0.456,1
"Tpm1",0.000679039276700085,-0.719840587802,0.26,0.447,1
"Rbpms",0.00078708213935554,-0.772522818538532,0.221,0.386,1
"Nln",0.000829257617356509,0.73724517083533,0.107,0.023,1
"Lrmda",0.000908814667510396,-0.577625365655876,0.527,0.693,1
"Ppp3ca",0.000946326163674402,0.654206239369393,0.588,0.479,1
"Pnisr",0.00100041104149948,-0.554457245924881,0.328,0.526,1
"Gm10974",0.00100837236777779,-0.660108824513844,0.061,0.191,1
"Nudt4",0.00102848006085491,-0.781898910495348,0.076,0.209,1
"Ngly1",0.00119384538947618,-0.575091591602719,0.084,0.223,1
"Rora",0.00123977977787505,-0.298361823627002,0.962,0.967,1
"Rab3gap1",0.0012486323213851,-0.646243954872122,0.099,0.237,1
"Supt20",0.00125964404275153,0.73606721274816,0.305,0.172,1
"Serpine2",0.00142842211479723,0.749376997763026,0.229,0.107,1
"Aff3",0.00150111427171937,-0.644942688903249,0.275,0.451,1
"Fermt2",0.00156091669301536,-0.696472182318022,0.069,0.191,1
"Echdc2",0.00157852892420119,-0.644941482550865,0.015,0.107,1
"Luzp1",0.0015792329574517,-0.614265062558536,0.168,0.316,1
"St3gal4",0.00176723265067402,-0.657911417840979,0.061,0.181,1
"Rps20",0.00190091013002548,0.745454618613302,0.191,0.084,1
"Actg1",0.00191730910799246,0.693516195276327,0.321,0.181,1
"Orc2",0.00191974730561386,-0.517486856609525,0.046,0.158,1
"Macf1",0.00198170840874733,-0.437421621281817,0.534,0.66,1
"Npr3",0.00201432698739669,-0.811469060997091,0.023,0.116,1
"Zbtb38",0.00204889333816495,-0.619762222054066,0.107,0.247,1
"Ldb2",0.00210783990781918,0.652480977029834,0.427,0.274,1
"Cdk11b",0.00216385838881267,-0.444778274602961,0.053,0.172,1
"Cyp26b1",0.00230443549738749,-0.613712066888136,0.015,0.102,1
"Rnf216",0.00231567472184691,-0.56828952817986,0.137,0.279,1
"Nfib",0.00234941897930578,-0.508837185876975,0.458,0.619,1
"Flt1",0.00254382103040022,-0.715879224889037,0.107,0.237,1
"Otulinl",0.00261114895635811,-0.752558703621186,0.084,0.205,1
"Unc5c",0.00267939680411653,-0.74686479281355,0.099,0.219,1
"Ptn",0.00280794253909531,0.371663442933722,0.962,0.902,1
"Sec62",0.00287426483610654,0.42878936848347,0.473,0.34,1
"Nckap5",0.00288717169226548,-0.634042392742093,0.046,0.149,1
"Gulp1",0.00293690492447272,-0.58138824895235,0.244,0.414,1
"Cplx2",0.00298860447138697,0.656997062140572,0.16,0.065,1
"Rbfox1",0.00302754421980225,-0.660804832048223,0.458,0.586,1
"Dbp",0.00304944973846742,0.635548186622509,0.282,0.163,1
"Zfp871",0.00312933576561418,0.554369245963181,0.237,0.121,1
"Tango2",0.00340132664618129,-0.360691080231711,0.076,0.2,1
"Trp53bp1",0.00364998184208574,-0.569135121083154,0.038,0.135,1
"mt-Rnr1",0.00366474089483934,-0.563651160939399,0.519,0.633,1
"Vamp2",0.00390728584158501,0.535939302849954,0.26,0.14,1
"Cst3",0.00426284827871511,0.422044855325818,0.74,0.674,1
"Smyd3",0.00433313256803975,-0.519356455074383,0.366,0.535,1
"Mfsd4a",0.00434673834346058,0.591106717406666,0.13,0.047,1
"Gsdme",0.00435505325899778,-0.501479277986824,0.351,0.502,1
"Grik5",0.00441599358062874,-0.361576602335127,0.046,0.149,1
"Slc7a11",0.00451694896127775,0.272323402462107,0.901,0.856,1
"Nt5c2",0.00467760056021104,-0.436281372905887,0.16,0.312,1
"Nmt2",0.00473572024341171,-0.54771969994483,0.038,0.13,1
"Gm12394",0.00474692433885513,-0.701794999024055,0.084,0.195,1
"Zdhhc1",0.00486276260123672,-0.493494377401258,0.053,0.153,1
"Slc39a10",0.00491348438063141,0.645893276815789,0.267,0.153,1
"Adap2",0.00504046728668914,-0.443936620924483,0.115,0.251,1
"Hnrnpl",0.0051265982805988,-0.533186179193891,0.084,0.195,1
"Prdm6",0.00523754522399495,-0.677288095858539,0.115,0.233,1
"Syap1",0.00538625671639851,-0.575057281326514,0.031,0.116,1
"Slc22a4",0.00544130795283995,-0.547046527464339,0.023,0.102,1
"Sorbs1",0.00552250364478972,-0.559313310349725,0.366,0.502,1
"Sgk1",0.00562938693432257,-0.511050243372591,0.069,0.177,1
"Dnmt3a",0.00579767373168795,-0.409088832491855,0.183,0.326,1
"Rpl23",0.00585283445445065,0.58133059644084,0.275,0.163,1
"Syp",0.00587396449117682,0.656504118079555,0.29,0.181,1
"Krtcap2",0.00599013692695854,0.440911240902045,0.115,0.037,1
"Aftph",0.00600839543640609,-0.45293767621965,0.084,0.2,1
"Uqcr11",0.00607770572668517,-0.532254367928187,0.046,0.14,1
"Cblb",0.00612939586674007,-0.353982164338807,0.115,0.247,1
"Dab2",0.00635160492660601,-0.387496709861467,0.351,0.53,1
"Itga1",0.00636806399208578,-0.279918140022245,0.115,0.237,1
"Sec23a",0.006519719814626,-0.374304443588727,0.023,0.102,1
"Ncoa3",0.00653219610064739,-0.438590737931211,0.13,0.251,1
"Cald1",0.00655195838841029,-0.572278052858059,0.298,0.451,1
"Dop1a",0.00671787193831937,-0.342130111293589,0.092,0.214,1
"Cep170",0.00682949085916572,0.646284095232405,0.183,0.088,1
"Cep350",0.00708755638317096,0.54717912059077,0.305,0.186,1
"Sypl",0.00714955183915247,0.594967469671214,0.13,0.051,1
"Rnf227",0.00725940238806951,-0.343438236950555,0.076,0.186,1
"Ccdc191",0.00729247744643844,-0.546665272272079,0.076,0.181,1
"Sh3bgrl",0.00731595092894028,-0.42876927396334,0.13,0.251,1
"ENSMUSG00000120241",0.00731617429597705,-0.524187466722325,0.053,0.149,1
"Plcb1",0.00774750890856401,-0.614410798092458,0.183,0.312,1
"Cep120",0.00781372578876298,-0.600348299972511,0.053,0.144,1
"Ankrd11",0.00786783065340953,-0.321873562962447,0.298,0.46,1
"Dennd4c",0.00841374163000718,-0.353978153485093,0.13,0.251,1
"Hipk3",0.00847935213818835,-0.491437465833035,0.092,0.2,1
"Oip5os1",0.00861416305640349,0.583917812525172,0.252,0.149,1
"Bcas2",0.00862159051549359,0.471991741319907,0.122,0.047,1
"Nfia",0.00863231669904638,-0.295788247688535,0.718,0.86,1
"Med13l",0.00865672769488209,-0.454102452604585,0.069,0.172,1
"Nvl",0.00875295650968677,-0.48079299658723,0.053,0.149,1
"Atp1b3",0.00878903731997436,0.658126231261545,0.359,0.251,1
"Aifm3",0.00880245597571796,-0.443580067558094,0.137,0.265,1
"Atg4c",0.00901972962355077,-0.407253895157529,0.031,0.112,1
"Ap3b1",0.00926451068054108,-0.425889125686479,0.115,0.237,1
"Sh3bgrl3",0.00934158985176259,-0.631917496213122,0.031,0.107,1
"Amy1",0.00941601815086926,0.4406941284301,0.351,0.228,1
"Ptprj",0.00946172782623929,-0.370726322026813,0.031,0.112,1
"Emsy",0.00949430324857064,-0.671859282308169,0.076,0.172,1
"1500035N22Rik",0.00949705502415417,-0.500271723756568,0.076,0.181,1
"Cox5a",0.00960272128580043,0.529732024340887,0.298,0.181,1
"Rpl18a",0.00964553565228705,0.665663408090228,0.237,0.135,1
"Rbl2",0.00975430664127098,-0.613478811348678,0.076,0.172,1
"Eif4enif1",0.00984641804294938,-0.464187640671604,0.038,0.121,1
"Tet3",0.0101203419157818,-0.39414263968751,0.076,0.181,1
"Mir99ahg",0.0101842421879296,-0.330506636117806,0.847,0.888,1
"Cox4i1",0.0102077373078946,0.433867614703007,0.496,0.358,1
"Ercc5",0.0103618659371504,-0.554094840589888,0.061,0.153,1
"Stx17",0.0107076002229149,-0.458135617917341,0.038,0.121,1
"Lamc1",0.0107475943301108,-0.519749899921455,0.176,0.298,1
"Ifitm3",0.010795143055978,-0.519953365848131,0.031,0.107,1
"Cyria",0.0108146419168241,-0.455931272389485,0.13,0.251,1
"Atxn10",0.0108332262116821,0.606234787737453,0.389,0.288,1
"Klhl7",0.010892614081109,0.605950378694702,0.214,0.116,1
"Gm43948",0.0109435511347174,-0.489328263875425,0.031,0.107,1
"Ppt1",0.0111695634127175,-0.428399927471371,0.031,0.107,1
"Trim44",0.0112047333490489,-0.397234067107872,0.176,0.312,1
"Chmp2a",0.0112874407033812,-0.56224900188292,0.038,0.116,1
"Zfp451",0.0113118940077313,-0.51578944136144,0.061,0.153,1
"Cys1",0.011388093492959,-0.583968646980179,0.053,0.14,1
"Agpat4",0.0114900710526193,-0.447341790971361,0.099,0.209,1
"Usf3",0.0114936687052185,-0.348534422489797,0.053,0.144,1
"Akap17b",0.0115065757158349,-0.423462975275497,0.069,0.163,1
"Sema6a",0.011634060426487,-0.445703902302355,0.031,0.107,1
"Osbpl9",0.0116873623028278,-0.399433521481599,0.351,0.502,1
"Ubap2l",0.011815624186286,-0.399606649877495,0.191,0.335,1
"Ywhaq",0.0118263679208831,0.435891212379845,0.26,0.149,1
"Hivep2",0.0118276949985544,-0.293255417606345,0.389,0.567,1
"Dcn",0.0120978709139895,0.644302609148228,0.504,0.409,1
"A430073D23Rik",0.0125930011752899,-0.476462707793015,0.038,0.116,1
"Omd",0.0125930011752899,-0.479946527066126,0.038,0.116,1
"Garem1",0.0126537443413068,-0.527262354983858,0.031,0.102,1
"mt-Nd2",0.0126823163061893,-0.501770875290713,0.305,0.442,1
"Dido1",0.0127333090240399,0.59164896009249,0.229,0.135,1
"Casp12",0.0128367877003147,-0.485554352388219,0.038,0.116,1
"Irag1",0.0129325730771406,-0.451065531751884,0.137,0.26,1
"Gm49969",0.0131890831914285,-0.458398273512982,0.061,0.153,1
"Pclo",0.0132190281033608,0.665407787703118,0.183,0.098,1
"Prrc2c",0.0133543021991103,-0.326402699719649,0.298,0.456,1
"Hltf",0.0134528408660626,-0.469572777416433,0.031,0.102,1
"Ncam1",0.0135108950669056,-0.424870822934153,0.115,0.223,1
"Wapl",0.0135621729622388,-0.420098191911183,0.153,0.27,1
"4921539H07Rik",0.0136167196676501,-0.529729437919002,0.069,0.158,1
"Col4a6",0.0136826967082091,0.423153080725106,0.565,0.437,1
"Nfyc",0.0137459321495921,-0.286633565821975,0.13,0.251,1
"Cdk19",0.0137572862094543,-0.504577299287065,0.046,0.126,1
"Vti1b",0.0138800431239095,0.604876982604812,0.237,0.144,1
"Tmem87b",0.0139250717675062,-0.510178960005205,0.046,0.126,1
"Ddo",0.0139836238713996,-0.500359901318368,0.176,0.302,1
"Stx18",0.014070153084901,-0.440788459051951,0.084,0.181,1
"Nedd4l",0.0142576936823341,-0.386446965641131,0.13,0.247,1
"Wnt4",0.0142776574147343,0.588578936762139,0.298,0.2,1
"Nsd1",0.0142956967740338,-0.285778753109654,0.45,0.605,1
"Ahcyl1",0.014434339395998,-0.599690052368154,0.282,0.395,1
"Copg1",0.0145335783426595,-0.436341814843255,0.053,0.14,1
"Foxp2",0.0146172734215864,0.42998770587643,0.42,0.312,1
"Sae1",0.0147913559822505,-0.365775839277678,0.046,0.126,1
"Aqr",0.0147913837912216,-0.509832865087839,0.046,0.126,1
"Vezf1",0.0150165060731077,-0.459677744132002,0.053,0.135,1
"Rreb1",0.0150287936866536,-0.391899540364515,0.191,0.326,1
"Ddx5",0.0150386386510653,-0.250975336945339,0.618,0.758,1
"Gprc5b",0.0150902295005713,0.429704167540311,0.13,0.056,1
"Tmem59l",0.0151306270587442,-0.381615968912784,0.038,0.116,1
"Flrt2",0.0152674545106668,0.362157903183048,0.595,0.484,1
"Eny2",0.0152969763533828,0.467064565658818,0.176,0.088,1
"Kpna4",0.015306959839852,-0.330770922079945,0.168,0.298,1
"Zfp329",0.0156503930832652,-0.253571820958721,0.099,0.205,1
"Dctn6",0.0157585522282221,0.684026979781123,0.168,0.088,1
"Heca",0.0158717784641374,0.498021633936622,0.115,0.047,1
"Zmynd11",0.0159149259298481,-0.412171585595889,0.198,0.326,1
"Purb",0.0159312484855984,0.61989027547763,0.214,0.121,1
"Srbd1",0.016009696997069,0.447013091777283,0.122,0.051,1
"Rbm4b",0.016009696997069,0.493791704635938,0.122,0.051,1
"Ccser1",0.0160776268852735,0.498891350303483,0.13,0.056,1
"Pcca",0.0161367998359591,-0.286808199293311,0.58,0.73,1
"Pik3ca",0.0162102527861647,-0.338919742177141,0.122,0.233,1
"Atp6v0a1",0.0163699401692804,-0.447116621943897,0.145,0.26,1
"Acat1",0.016423342197385,0.672849107080424,0.206,0.121,1
"Spire1",0.0164688415151204,-0.413908851584707,0.076,0.172,1
"Stam",0.0164986738616608,-0.406438725113349,0.046,0.121,1
"Atp2a2",0.0165318418788604,0.491357656900588,0.366,0.26,1
"Norad",0.0165524207259201,0.483063112424568,0.298,0.186,1
"Tmx3",0.0167290279684758,-0.397186828765803,0.107,0.214,1
"Rev3l",0.0169238692443116,-0.527583556942579,0.092,0.186,1
"Gpc6",0.0171983722901053,-0.317610650746479,0.359,0.507,1
"Twsg1",0.0173395533235623,-0.32885342947201,0.031,0.102,1
"Rpp21",0.0174904358560273,0.481341261362763,0.107,0.042,1
"Rcan2",0.0176948554023491,-0.657012852945398,0.191,0.298,1
"Rgl1",0.0178909299590362,-0.35451183646359,0.046,0.126,1
"Arid4a",0.0179107994041377,-0.506636057596826,0.145,0.251,1
"Runx2",0.0183481335736703,0.564460031878072,0.198,0.112,1
"Cul5",0.0188871483221013,-0.421498195851827,0.107,0.205,1
"Gpr137c",0.0190085813779093,-0.590252869514139,0.069,0.149,1
"Mro",0.019048866941392,-0.392869625547018,0.076,0.167,1
"Sbf2",0.0195340383939779,-0.374238955363956,0.366,0.512,1
"Dst",0.0196531247826906,-0.456399218624848,0.229,0.353,1
"Map3k7",0.0197674352308112,-0.448561880930523,0.092,0.181,1
"Ppp1r12a",0.019796874419211,-0.368066863740358,0.313,0.451,1
"Macroh2a2",0.0198629894631146,-0.361304698833964,0.061,0.144,1
"Ppp1cb",0.0198817564607809,-0.520577423182719,0.069,0.153,1
"Plcl1",0.0198995326790439,-0.434039402160022,0.397,0.549,1
"Arhgap17",0.0200295086924074,-0.376721666637559,0.076,0.167,1
"Erlec1",0.0202465058329372,0.604372973788304,0.198,0.116,1
"Psmd11",0.020279653061908,0.520313604318596,0.16,0.079,1
"Cuedc2",0.020672559691231,-0.437589513464156,0.046,0.121,1
"Bcl2l1",0.0207346899297276,-0.334621544487243,0.061,0.144,1
"Rprd2",0.0207587728033562,-0.469394227622207,0.122,0.228,1
"Atp7a",0.0207615843673261,-0.519927908510736,0.084,0.172,1
"Ctsz",0.0207886494893158,0.573783237368865,0.168,0.088,1
"Tgfbr3",0.0208509070258745,-0.300352296192798,0.504,0.647,1
"St3gal6",0.0210521977242083,-0.409306391730674,0.115,0.219,1
"Plce1",0.0212241062532122,-0.653444930101483,0.053,0.13,1
"Kat6a",0.0213700880092848,-0.290656835083899,0.076,0.167,1
"Pbx3",0.0214612391652579,0.515752255755877,0.55,0.447,1
"E130308A19Rik",0.0214673679512574,-0.402718428692021,0.328,0.46,1
"Xpr1",0.0214887179792892,-0.507869100619179,0.092,0.181,1
"Sugct",0.0215833650927796,-0.454882338757808,0.053,0.13,1
"Got1",0.0217563822156347,0.376880071324247,0.16,0.079,1
"Ubc",0.0217781609886494,0.36908708597242,0.26,0.153,1
"Fus",0.0217850316154581,-0.408309408782868,0.305,0.442,1
"Fkbp9",0.0218258017658095,-0.435017926710816,0.053,0.13,1
"Zswim8",0.0219134884785722,0.517293132621703,0.137,0.065,1
"Rab3a",0.022000473468275,0.548687203537666,0.267,0.172,1
"Ccdc171",0.0221239483247317,-0.433909386779949,0.076,0.163,1
"Dnajb14",0.0222981882650158,-0.349838631952414,0.046,0.121,1
"Nhsl1",0.022387239771819,-0.415499895642288,0.168,0.279,1
"Laptm4a",0.0225384666106604,0.524041394501362,0.473,0.405,1
"Kansl2",0.0226215183345277,-0.454272280899696,0.038,0.107,1
"Arhgap20",0.0227110515733579,-0.380351001305336,0.176,0.293,1
"Apod",0.0230252473700701,0.32456498661003,0.84,0.795,1
"Chd9",0.0233171649663793,-0.357392672295867,0.443,0.609,1
"Atp6v1f",0.0235117849276235,0.529869126610827,0.214,0.126,1
"Ccnl1",0.0235427421811024,-0.348757555455282,0.13,0.242,1
"Nbr1",0.0237164454770076,-0.447823275672343,0.076,0.163,1
"Zfp280c",0.0237613211591136,-0.334563089563513,0.084,0.177,1
"Vrk2",0.0237648084134904,-0.423142265315912,0.061,0.14,1
"Btbd7",0.0238526278555091,-0.560546501247376,0.13,0.223,1
"Mphosph8",0.0238863089265218,-0.282295868628178,0.13,0.242,1
"Armc8",0.023894697724407,-0.396639239884647,0.084,0.172,1
"Tra2a",0.0239504897102633,-0.376777326005458,0.298,0.428,1
"Eef1b2",0.0242847413493242,0.390667224776498,0.176,0.093,1
"Eml1",0.0243622672776405,0.675853308491426,0.183,0.107,1
"Gabpb2",0.024483521191273,-0.440069418212261,0.069,0.153,1
"Uba1",0.0246009387328651,0.405408831031137,0.13,0.06,1
"Gnaq",0.0247533210648871,-0.250859227178104,0.252,0.377,1
"Ythdc1",0.0249366784347552,-0.345370367851574,0.099,0.195,1
"Uba5",0.02515858883058,-0.487144160461894,0.046,0.116,1
"Ankrd28",0.025257355702172,-0.504301542534229,0.191,0.302,1
"Cherp",0.0254009842290884,-0.328776048093164,0.038,0.107,1
"Gabra1",0.0255627767372068,0.472730752500453,0.221,0.135,1
"Akap9",0.0255942201393114,-0.450897011109366,0.183,0.293,1
"Sap130",0.0255994237323885,-0.350336093057371,0.115,0.214,1
"Tiprl",0.0257568896777262,-0.432953507293551,0.053,0.13,1
"Bpnt2",0.0262348042342216,0.601970957288384,0.107,0.047,1
"Nprl3",0.0263517838812927,-0.433576136483178,0.069,0.149,1
"Msantd2",0.0265119846085326,0.514449913605049,0.153,0.079,1
"Tm9sf3",0.0265578006385639,0.503747485065764,0.237,0.153,1
"Csf1",0.0269034270033375,-0.328001941337259,0.053,0.13,1
"Xpo1",0.0273047695067182,-0.332730270082369,0.038,0.107,1
"Pard3b",0.0274129892702141,-0.407962577421483,0.412,0.53,1
"Pawr",0.027445760657184,-0.574921366857332,0.107,0.2,1
"Chsy3",0.0277165319024073,0.384150803840891,0.122,0.056,1
"Top1",0.0277581019732968,-0.471728013153016,0.229,0.349,1
"Sirt7",0.0278908022942342,0.41696900789646,0.115,0.051,1
"Gm45200",0.0280162527327917,0.324888693892948,0.137,0.065,1
"Fez1",0.0280331824749095,-0.458074606922013,0.053,0.126,1
"Caml",0.0280497866398074,0.422007171530669,0.122,0.056,1
"Arhgef11",0.0280506727128595,-0.340162428095832,0.145,0.251,1
"Pomp",0.0281868210384459,-0.550701952236882,0.053,0.126,1
"D5Ertd579e",0.0283940168076185,-0.507875365846518,0.092,0.177,1
"mt-Cytb",0.0284201167742682,-0.465323230635819,0.473,0.614,1
"Ift20",0.0285422505711111,-0.408803988754796,0.046,0.116,1
"Cep85l",0.0285514898560037,-0.345497509467132,0.092,0.186,1
"Snf8",0.02865209807066,-0.435705883614979,0.053,0.126,1
"Ppp1r10",0.0287255963552165,-0.297842384521108,0.176,0.298,1
"Rprd1a",0.0288729648521893,-0.480651332401628,0.076,0.158,1
"Unc13c",0.0289639508946337,-0.798722009662726,0.267,0.358,1
"Naaladl2",0.0290023591657274,-0.336609880577954,0.542,0.665,1
"Baz2b",0.0290842149505306,-0.407889165911082,0.42,0.563,1
"Bbip1",0.0292827454105657,-0.45645842766199,0.053,0.126,1
"Phykpl",0.0297306210638712,0.558759678185531,0.107,0.047,1
"Mitf",0.0297361243260155,-0.325088797873165,0.229,0.344,1
"Csnk1g3",0.0298636733585057,-0.358976327965973,0.099,0.191,1
"Cyp20a1",0.030035652798754,0.568122005016418,0.13,0.065,1
"Serinc3",0.0301493643817683,-0.413973253883311,0.115,0.205,1
"Thy1",0.0303787946634096,0.580334539964088,0.176,0.098,1
"Map2k2",0.0303905939062921,-0.344036856905797,0.061,0.14,1
"Ralgps2",0.0307325187280336,0.582830248254584,0.214,0.135,1
"Smim4",0.0307471117333638,-0.433704601733035,0.076,0.158,1
"Setd2",0.0309596062532691,-0.319331230925396,0.16,0.279,1
"Rpl19",0.0309786354164263,0.455240541051266,0.351,0.237,1
"Ccdc59",0.0312430857113081,-0.385721466469116,0.046,0.116,1
"Nbeal1",0.0312432556934077,-0.401427308542279,0.282,0.405,1
"Nxn",0.0314430765767196,-0.287714140350984,0.267,0.395,1
"Slc5a5",0.0314457604218272,-0.368269525459626,0.038,0.102,1
"Gab3",0.0317238337279912,0.460445006162887,0.168,0.093,1
"Banp",0.0317731706927184,-0.323568592621595,0.046,0.116,1
"Slc6a20a",0.031883400622962,0.304546525854541,0.893,0.795,1
"Dennd1a",0.0319952854319543,-0.431862431211107,0.305,0.419,1
"Fgd6",0.0322058216100774,-0.426623953569697,0.107,0.195,1
"Rars2",0.0322705684682783,-0.328930962910193,0.053,0.126,1
"Yipf5",0.0323172409742821,0.588960753149857,0.153,0.084,1
"Trip11",0.0324211043951956,-0.338348741753848,0.176,0.288,1
"Lepr",0.0325086119263003,-0.271886893946675,0.229,0.353,1
"Nrxn3",0.0327903983881317,0.266272206693509,0.366,0.265,1
"Rnf157",0.0328265229488589,0.448512622862095,0.168,0.093,1
"Cyc1",0.0328482986144777,0.386476257081802,0.153,0.079,1
"Nsf",0.0329007389253544,-0.353235632055478,0.191,0.302,1
"Zfp106",0.0332356606493713,-0.425625531564679,0.115,0.205,1
"Srek1",0.0332917391151096,-0.375000459478374,0.305,0.419,1
"Ccdc85a",0.0333229063063828,-0.381937181581652,0.053,0.126,1
"Gabrb3",0.0338765516660633,0.273767546727271,0.153,0.079,1
"Nek1",0.0338765516660633,-0.372650373503252,0.061,0.135,1
"Vmp1",0.0342775440456023,0.379106799985215,0.214,0.13,1
"Aig1",0.034365701916267,-0.323521821394016,0.099,0.191,1
"Fgfbp1",0.0344471156088246,-0.4407753057895,0.046,0.112,1
"Cramp1",0.0345216164253521,-0.25589068057,0.061,0.14,1
"Esd",0.034560668449756,-0.456260328092005,0.053,0.121,1
"Fam135a",0.0346495685729582,-0.333936585466797,0.153,0.251,1
"Bclaf3",0.0349564069167164,-0.30525691069856,0.053,0.126,1
"Rps3a1",0.0350264742079936,0.618128131609912,0.313,0.237,1
"Kif13a",0.0350713199118905,0.501814445974997,0.191,0.116,1
"Ndufs5",0.0353285502727477,-0.378071128481773,0.053,0.126,1
"Zfta",0.035401476449895,-0.37152593668279,0.038,0.102,1
"Ntan1",0.0361991715007142,-0.379412097360646,0.061,0.135,1
"Ppp2r3a",0.0362005238368725,-0.41945721225948,0.221,0.33,1
"Cwc27",0.036203154328891,-0.323020238597709,0.13,0.228,1
"Caprin1",0.0362105199041938,-0.428728291275369,0.115,0.205,1
"Calm1",0.0362144426312604,0.278047955210678,0.794,0.753,1
"Nr2c2",0.0363308348041562,0.668654261026889,0.267,0.191,1
"Rarg",0.0364631024472595,0.46835815628215,0.137,0.07,1
"Rbm6",0.0367369555334494,-0.372361253596447,0.252,0.363,1
"Ftx",0.0367547667866524,-0.351648633725363,0.153,0.251,1
"Itprid2",0.0368632706288495,-0.451751495188993,0.076,0.153,1
"Tcp11l1",0.0373383423898333,0.478005606647596,0.122,0.06,1
"Atp5g3",0.0374387063543788,0.395494012645935,0.198,0.116,1
"Itga9",0.0374473197833639,-0.47460441027296,0.053,0.121,1
"Fign",0.0376316760429187,-0.429232549412819,0.26,0.372,1
"Slc10a7",0.0376468529901853,-0.400252836348167,0.053,0.121,1
"Ndel1",0.037656552793535,-0.379973981805134,0.076,0.153,1
"Gm9801",0.0376657632684551,-0.350688103067355,0.046,0.112,1
"Tfdp2",0.0376720059599687,-0.467238304823544,0.168,0.27,1
"Prdx1",0.0376920062814467,0.464334371490631,0.191,0.112,1
"2210408I21Rik",0.0377615631506787,-0.349836849770285,0.191,0.288,1
"Ptpn13",0.0380807776948609,0.288633611665542,0.611,0.563,1
"Psmd7",0.0381522771517855,-0.386882032964318,0.084,0.163,1
"Epc2",0.0382337965440896,-0.328545256746853,0.122,0.219,1
"Lrfn5",0.0383535964003761,0.483522641779453,0.153,0.084,1
"Angel2",0.0384540020757712,-0.462161422345476,0.053,0.121,1
"Usp46",0.0385549188443751,0.549939306157931,0.168,0.098,1
"Clk1",0.0387491753494156,-0.320365160745383,0.29,0.414,1
"Usp7",0.0389616680783373,-0.308941697118785,0.069,0.144,1
"Coch",0.0391519880759177,0.582499540261888,0.229,0.149,1
"Alkbh8",0.0391524204230715,-0.356942856462818,0.046,0.112,1
"Fam120a",0.0391842730180798,-0.486965431737654,0.107,0.186,1
"Asph",0.039546613053773,0.488744693080749,0.214,0.135,1
"Tubb4b",0.0395821433887225,0.400176268077069,0.191,0.112,1
"Rab3gap2",0.039610889935017,0.389555933219896,0.13,0.065,1
"2810001G20Rik",0.0396279766683669,-0.345404823834653,0.069,0.144,1
"Ccdc47",0.0397579381437664,-0.376890499354555,0.092,0.172,1
"Depdc5",0.0400369136873761,-0.292256576006076,0.061,0.135,1
"Ptgds",0.0401820102499068,0.394146051650345,0.939,0.935,1
"Ccdc34",0.0406370884053014,-0.376776142661616,0.061,0.13,1
"Csad",0.0411529654514452,-0.388501560261852,0.061,0.13,1
"Ift74",0.0413600341631309,-0.337951544363124,0.076,0.153,1
"Cmas",0.0416133319561232,-0.316186844286223,0.053,0.121,1
"Golm2",0.0419161391052599,0.586361537864474,0.252,0.177,1
"Dock9",0.0419413259882656,-0.31533001895677,0.076,0.153,1
"Stx8",0.041984654318127,-0.337247474415062,0.115,0.205,1
"Cp",0.0420057073896724,-0.379708138859549,0.374,0.488,1
"Smc1a",0.0422888365891843,-0.5130225649227,0.092,0.172,1
"Crebrf",0.0424757436395629,-0.57747710697441,0.183,0.27,1
"Rps17",0.0427436861764526,-0.530491044021989,0.069,0.14,1
"Rev1",0.0427474975502863,-0.329615682018436,0.221,0.335,1
"Adss",0.0429287299762307,0.383773880507287,0.122,0.06,1
"Hnrnph2",0.0429287299762307,-0.476053785528746,0.046,0.107,1
"Nenf",0.0431639732782221,0.433249072485551,0.145,0.079,1
"Nktr",0.0435535231054602,-0.364074560225897,0.305,0.419,1
"Yeats2",0.0435861244275716,-0.305159049120575,0.137,0.233,1
"Slf2",0.043630120903073,-0.360162398678945,0.099,0.181,1
"U2af2",0.0436772483901287,-0.263736505666678,0.046,0.112,1
"Tbx3os1",0.0438434894244377,0.648235069433019,0.115,0.056,1
"Dek",0.043957292457329,0.474706270437891,0.183,0.112,1
"Iws1",0.043997106607962,-0.288913848200127,0.061,0.135,1
"Ehbp1",0.0440563330059576,-0.345418262146341,0.489,0.609,1
"Sf3b2",0.0440749010129669,-0.298695333695089,0.115,0.205,1
"Antxr2",0.0441451715790206,-0.381259827346539,0.061,0.13,1
"Dlgap2",0.0446153667855225,0.364701879319157,0.122,0.06,1
"Lncppara",0.0447124889869363,0.394236691325596,0.267,0.181,1
"Kdm6a",0.0447436811712474,0.505376465574721,0.26,0.181,1
"Wls",0.0447617846772609,-0.443649829802364,0.427,0.507,1
"Nr2c1",0.0453758137408662,-0.446062090124781,0.061,0.126,1
"Cdk14",0.0454870117082083,-0.393561481717003,0.206,0.312,1
"B3galt1",0.0459181085451784,-0.596175696971275,0.45,0.526,1
"Eml5",0.0461101269522204,-0.510899759281888,0.084,0.158,1
"2010315B03Rik",0.0461641184659315,-0.332748905815234,0.061,0.13,1
"Dmtf1",0.0462152845703069,-0.337344408129916,0.107,0.191,1
"Arhgap28",0.0462572730120864,-0.300679180543589,0.275,0.395,1
"Hdgfl2",0.0463575672008028,-0.365819118242776,0.046,0.107,1
"Cep295",0.0463822874828257,-0.326182212950267,0.069,0.14,1
"Eml4",0.046548446194568,0.386700739421846,0.45,0.363,1
"Dpp8",0.0470919167124313,0.579327561637071,0.214,0.144,1
"Mms19",0.0471242205794527,-0.30300806890139,0.053,0.121,1
"Hnrnpc",0.0471510654262094,-0.344501204809359,0.176,0.279,1
"Smim14",0.0472753377417761,-0.338310370027402,0.069,0.14,1
"Dnttip2",0.0474445605883609,0.433179634866227,0.107,0.051,1
"Strada",0.0474688199175599,-0.408570022195903,0.053,0.116,1
"Dclk1",0.0474694289196884,0.548976003846959,0.198,0.126,1
"Rab7",0.047621686827366,-0.308318297240419,0.115,0.2,1
"Ppfibp1",0.0478703141768196,-0.448199190344648,0.099,0.177,1
"Rapgef2",0.048098449562202,-0.351869591835984,0.229,0.33,1
"Cyrib",0.0482123957742305,0.585395131775728,0.244,0.172,1
"Adamts12",0.0482425815717629,0.521640618681053,0.221,0.144,1
"Cers5",0.0482970064757138,0.423496696590057,0.229,0.149,1
"Rock2",0.0483351487991517,-0.309564755522219,0.282,0.405,1
"Sp3os",0.0484119444054501,-0.322743072890306,0.069,0.14,1
"Cflar",0.0488953119718558,-0.338716843422111,0.099,0.181,1
"Hlf",0.0489800380140784,-0.410324929888291,0.504,0.633,1
"Svep1",0.0489939862345854,-0.46755809963388,0.275,0.367,1
"Tsc22d2",0.0497111120914412,-0.317575666193187,0.183,0.284,1
"Parg",0.0498540675766743,-0.324213881349213,0.107,0.191,1
"Camk2b",0.0504325287618662,0.560265713120421,0.145,0.084,1
"Amotl2",0.0505156810634961,-0.31969422458569,0.069,0.14,1
"Manf",0.050527362370104,0.571922973036359,0.137,0.074,1
"Timmdc1",0.0506471916857039,-0.32981426280139,0.122,0.209,1
"Gsn",0.050780939685503,0.484134947966535,0.137,0.074,1
"Tank",0.0509934375354092,-0.318627440385577,0.069,0.14,1
"AI480526",0.0514131034362127,-0.361439814567042,0.13,0.214,1
"Errfi1",0.0515402485994453,-0.492715644787041,0.115,0.195,1
"Trim35",0.051732878113625,-0.388123585493405,0.092,0.167,1
"Thoc2",0.0517848864032512,-0.344720435310548,0.221,0.326,1
"Rnf130",0.0518257176166418,-0.322885796788311,0.137,0.233,1
"Man2a1",0.0520267010085938,-0.36654459892492,0.191,0.288,1
"Tspan9",0.052221253809548,-0.372610243869242,0.053,0.116,1
"Snhg20",0.0529140376930315,-0.296309188148551,0.092,0.172,1
"2610005L07Rik",0.052915001721232,-0.279202656465403,0.084,0.158,1
"Mnat1",0.0530349350004723,-0.269726482354451,0.145,0.242,1
"Cd46",0.053190413319781,-0.338141534643592,0.069,0.14,1
"Nrd1",0.053222713186625,-0.434821276787274,0.229,0.321,1
"Iqsec2",0.0537214056979082,-0.450744539702294,0.168,0.256,1
"Arhgef40",0.053909451284162,-0.301825826307267,0.046,0.107,1
"Plekha7",0.0539620519954202,-0.484914194283712,0.046,0.102,1
"Ralgapb",0.0542210208067394,-0.372951166206076,0.092,0.167,1
"Odr4",0.0542582695749699,-0.311413131210783,0.053,0.116,1
"Abhd2",0.0548125176859207,-0.304688439825627,0.053,0.116,1
"Sh3d19",0.0549022441715463,0.361221233454797,0.718,0.712,1
"Cnot7",0.0550951780418354,0.359392218365599,0.107,0.051,1
"Slc25a3",0.0551260433854614,-0.270201803255568,0.275,0.391,1
"Cul1",0.0559149186949684,-0.418496161346294,0.183,0.274,1
"Adap2os",0.0560380188331493,-0.44463674843278,0.046,0.102,1
"Rpl5",0.0563176608300358,0.500344247382422,0.16,0.098,1
"Fbxl20",0.0564558301303539,-0.350430807618805,0.115,0.195,1
"Hs3st3a1",0.0568104744369762,-0.416752888824938,0.084,0.153,1
"Gm43362",0.0569350650232423,0.521690181511258,0.168,0.102,1
"Otud4",0.0577556958395019,0.342150683037278,0.137,0.074,1
"Ebf2",0.0577764439497104,-0.435155024701535,0.061,0.126,1
"Tspyl2",0.057892531556944,-0.408950911321781,0.069,0.135,1
"Dyrk1a",0.0582957126049301,0.397807977301711,0.298,0.223,1
"Pogz",0.0583566558213915,0.397192122755865,0.153,0.088,1
"Tln2",0.0584937936350203,-0.402820152298128,0.191,0.284,1
"Pdgfd",0.0585112390499935,-0.315464722376386,0.328,0.451,1
"Gab2",0.059320539503172,-0.346944392479922,0.534,0.642,1
"Rhot1",0.059634623180715,-0.415886583146578,0.115,0.195,1
"Clock",0.0596465501242182,-0.406393759227967,0.076,0.144,1
"Aldoa",0.0598435473834915,0.353032979704526,0.481,0.395,1
"Creb3l2",0.0604858125140013,-0.323533563025476,0.122,0.2,1
"Gm15261",0.0608819285459805,-0.421278375763801,0.298,0.391,1
"Srr",0.0612874169663125,-0.499111161165817,0.115,0.191,1
"Ahi1",0.0613420861151008,-0.368091048532881,0.107,0.186,1
"Spcs2",0.0614552590884892,0.507873978566735,0.221,0.149,1
"Gm26782",0.0615202833689706,-0.417188437442845,0.046,0.102,1
"Cpeb2",0.0615493080689412,-0.327461571949267,0.183,0.274,1
"Il1r1",0.0624356735417781,-0.422111207894213,0.053,0.112,1
"Tmem135",0.0633195279437176,-0.352592326151762,0.122,0.2,1
"Rps13",0.063448002661966,0.348504634255226,0.214,0.135,1
"Nelfb",0.0638342623320319,0.391562432681616,0.115,0.06,1
"Cacnb4",0.0639672191475677,-0.506753221746604,0.115,0.191,1
"Il17ra",0.0640250420485664,-0.403408932983648,0.053,0.112,1
"Man1a",0.0640250420485664,-0.37140390489162,0.053,0.112,1
"Ppp6r2",0.0646185648950448,0.367901227220648,0.183,0.116,1
"Rufy1",0.064622385384871,-0.314776280917375,0.076,0.144,1
"Ano4",0.0646723378481872,-0.368349232940938,0.069,0.135,1
"Mif",0.0647422682338157,0.401406340669126,0.214,0.14,1
"Tpi1",0.0651492914212024,0.469082709269352,0.183,0.116,1
"Saraf",0.0652374633198951,0.41067864469506,0.214,0.14,1
"Fmn1",0.0653968029376817,-0.545236898215274,0.13,0.2,1
"Rbm27",0.0654160156388595,-0.456498857585649,0.107,0.181,1
"Dync1i2",0.0656746026606068,-0.259595459154385,0.176,0.265,1
"Ndufa7",0.065681029011319,0.408021933597514,0.145,0.084,1
"Tafazzin",0.0658637086378107,-0.276727760119897,0.069,0.135,1
"Cuedc1",0.065976233212789,-0.335249602323896,0.053,0.112,1
"Mbtps1",0.0660481337980397,-0.270329000465515,0.061,0.126,1
"Zfp322a",0.0660481337980397,-0.250144977072773,0.061,0.126,1
"Pik3c2a",0.0662759071841322,-0.290784353926142,0.099,0.177,1
"Heatr6",0.0663927232990056,-0.272173368778889,0.046,0.102,1
"Lef1",0.0665152292058154,-0.336704432130517,0.198,0.288,1
"Sfr1",0.066803486317446,-0.403776332143164,0.053,0.112,1
"Pi4kb",0.0669413223528083,-0.319576117911455,0.076,0.144,1
"Pias1",0.0671371165629945,-0.315750756508215,0.267,0.363,1
"Trappc6b",0.0673323693724668,-0.306646833841544,0.084,0.158,1
"Zfp407",0.0673481579754242,-0.431192330975048,0.153,0.233,1
"Slc22a17",0.0673846200832155,0.474988253519057,0.282,0.205,1
"Ddb1",0.0676394238484005,-0.288771129949383,0.053,0.112,1
"R3hdm2",0.0681608098840783,-0.277868945839584,0.214,0.316,1
"Vps13d",0.0683328185766266,-0.388780068206148,0.115,0.186,1
"Tmtc4",0.0690601631656016,-0.269873212689214,0.565,0.651,1
"2810403D21Rik",0.0698552810608589,0.464261700314925,0.16,0.098,1
"Ankrd10",0.0698864020042521,-0.29187352536223,0.168,0.256,1
"Fnip1",0.070055779724132,-0.385339119721868,0.305,0.386,1
"Arl4a",0.0700737098876993,0.612140537617472,0.237,0.167,1
"Mapk14",0.0702062224092975,-0.352297721778996,0.107,0.181,1
"Xpo7",0.0703225693949541,-0.401386839206318,0.145,0.223,1
"Bet1",0.0703388317028082,0.412544336723454,0.107,0.056,1
"Zmynd8",0.0703998685112369,-0.301067852447549,0.153,0.242,1
"Nsg2",0.0704932258862371,0.515833263727873,0.145,0.088,1
"Arhgef12",0.0708351071951047,0.34349124199331,0.443,0.367,1
"Ube3a",0.0709506435088365,0.458524521433484,0.336,0.274,1
"Kantr",0.0710692337344413,-0.356900718166744,0.053,0.112,1
"Atp6v0c",0.0711180666580713,0.343771380197415,0.618,0.549,1
"Slc17a5",0.0724723886284192,-0.489726469220376,0.076,0.135,1
"Abca4",0.0728081965813991,-0.283144524208194,0.099,0.172,1
"Usp6nl",0.0733592408480126,-0.343165563741038,0.092,0.158,1
"Gpm6a",0.0736911704848222,-0.311134035282663,0.305,0.405,1
"Cert1",0.0742726442721505,-0.300434305572705,0.145,0.233,1
"Nup153",0.0747982268307172,-0.322091068700363,0.061,0.121,1
"Sgpl1",0.0750055587474254,0.405158688661689,0.122,0.07,1
"Commd10",0.0758905499018269,0.38338310146875,0.176,0.112,1
"Rnf220",0.0759528066231545,-0.587849266931332,0.191,0.265,1
"Vps35",0.0759557737580705,-0.331204538114328,0.115,0.191,1
"Riok3",0.0764479035009751,-0.33064011596894,0.107,0.181,1
"Arfgef1",0.0765575121320252,-0.258642497099024,0.16,0.251,1
"Gk",0.076648350362473,-0.255603857019184,0.099,0.172,1
"Lrig2",0.0767402442684008,0.346932565348916,0.13,0.074,1
"Cers4",0.0772814497892755,-0.304333095189385,0.061,0.121,1
"Itm2b",0.0775846844269297,0.360417289430227,0.702,0.628,1
"Cc2d2a",0.0779419472605475,0.365045303690932,0.214,0.149,1
"Frk",0.0780720515739302,-0.255338650280021,0.076,0.144,1
"Ctif",0.0783158577931448,0.433013061577433,0.214,0.144,1
"Cbx6",0.078406197835957,-0.270036273096029,0.076,0.144,1
"Foxn3",0.0784504987981079,0.283918861476399,0.382,0.302,1
"Arhgap32",0.0784630638331743,0.526868802890676,0.29,0.228,1
"Mtif2",0.0786919637139451,-0.344400059432844,0.099,0.167,1
"Cdip1",0.0786974613025657,-0.406544207654432,0.107,0.177,1
"Arl3",0.0791791269979784,-0.339072926715461,0.122,0.2,1
"Ank3",0.0792216730540746,0.356457889939047,0.16,0.098,1
"Map4k5",0.0794176192302377,-0.381613669478474,0.137,0.214,1
"Sntb2",0.0794590794806051,-0.413511993064957,0.206,0.284,1
"Htt",0.0796092418265395,-0.429968991762884,0.145,0.214,1
"Gnai1",0.0801727542722178,-0.318444239154285,0.115,0.186,1
"Tef",0.0802282520409932,-0.27852590206842,0.336,0.451,1
"Lcor",0.0809813746602641,-0.261718732969301,0.252,0.363,1
"Nell2",0.0817982244288157,0.480014989146831,0.168,0.107,1
"Tpcn1",0.0818791118487625,-0.317194403651854,0.092,0.158,1
"Cck",0.0819718658625874,0.38000530878234,0.466,0.395,1
"Fbn1",0.0824037740948037,-0.370542303698755,0.107,0.177,1
"Agap1",0.082604731108156,-0.255242256378912,0.115,0.191,1
"Nhs",0.082628316651564,-0.39873326315222,0.069,0.126,1
"Eif2ak3",0.0826887019382945,-0.278105764345993,0.076,0.14,1
"Vcl",0.0830098015637288,-0.378623862972827,0.122,0.2,1
"Ptchd4",0.0832289717468859,-0.44614132967818,0.053,0.107,1
"Vapb",0.0833485283151772,0.413216509140122,0.115,0.065,1
"Rap1gds1",0.0844651972302228,-0.33310321390767,0.168,0.251,1
"Pcdh9",0.0851552808874941,0.374973180509901,0.397,0.316,1
"Wnt6",0.0851919605374615,-0.299923039158441,0.076,0.14,1
"Foxd2os",0.0852446890387209,-0.40786868582757,0.084,0.144,1
"Ctps2",0.0854232405064337,0.43068900159928,0.115,0.065,1
"Secisbp2l",0.0856267382910867,-0.364036221363712,0.084,0.149,1
"Eci2",0.0856915146421991,-0.351522885354295,0.145,0.228,1
"5330438D12Rik",0.0858873186938189,-0.388194633270348,0.191,0.279,1
"Sec14l1",0.0859794401433352,-0.311699743431089,0.084,0.149,1
"Srrm1",0.0860224502713288,-0.261316702901587,0.168,0.256,1
"Tgfbr1",0.0860347445073943,0.441842514174917,0.366,0.321,1
"Rbm28",0.0860433205320909,-0.280601446192572,0.069,0.13,1
"Klf9",0.0868328210861994,0.510479098526311,0.29,0.223,1
"Zc3h7b",0.086905337720572,-0.322575242436558,0.107,0.177,1
"Atp2b2",0.0869651581328099,0.497009837058468,0.267,0.209,1
"Tex2",0.0873496096935666,-0.355246307065103,0.053,0.107,1
"Mef2c",0.0875302413200871,0.405359941764285,0.366,0.288,1
"Cdk7",0.0877562925393957,-0.285853748829894,0.076,0.14,1
"Dctn4",0.0885440694266903,-0.303088436650516,0.13,0.2,1
"Mlf2",0.0886585919437941,-0.434678469053387,0.061,0.116,1
"Pde7a",0.0886746697183102,-0.364405212411476,0.092,0.153,1
"Nptn",0.0889461730938338,0.440163121984516,0.389,0.344,1
"Kmt2a",0.0899030011650406,-0.287108566366955,0.244,0.353,1
"Dapk1",0.089937136853408,-0.306895199542535,0.084,0.149,1
"Trim33",0.0900244550906069,0.498433019190956,0.176,0.121,1
"5031425E22Rik",0.0901220157186682,-0.26575048889909,0.168,0.251,1
"Ep400",0.0905097202313193,-0.27703844984766,0.137,0.214,1
"Adgrl1",0.0908584352888606,0.484338823591985,0.176,0.116,1
"Wdr20",0.0910047589372417,-0.291245069728058,0.092,0.158,1
"Creb1",0.0912263205148886,0.50899109071346,0.229,0.167,1
"Becn1",0.091261151015262,-0.303679580532145,0.107,0.177,1
"Polr3h",0.0916333153345937,-0.330142578778088,0.053,0.107,1
"Stmn2",0.0921303853398704,0.585842790316765,0.275,0.209,1
"Prkg1",0.0924143350251952,-0.280597655676974,0.321,0.414,1
"Spin1",0.0928070200510383,-0.338393659295285,0.061,0.116,1
"Ilkap",0.0929508472100053,-0.288959261985372,0.053,0.107,1
"Tbc1d12",0.0932660355648517,-0.431726930587105,0.107,0.172,1
"Dennd5a",0.0936598848104203,-0.309786675463875,0.168,0.251,1
"Psmb4",0.0936907298932026,0.397110064496454,0.115,0.065,1
"Prodh",0.0939690702062509,-0.251900046251657,0.115,0.186,1
"Clptm1",0.0940454527068039,0.484155522255418,0.13,0.079,1
"Bc1",0.0944205027486856,-0.336219953833281,0.084,0.149,1
"Uba2",0.0945094209784319,-0.31281047088916,0.061,0.116,1
"Prrx1",0.0945200571044572,-0.339783181489954,0.176,0.256,1
"Ywhae",0.094759819361129,0.424990579127998,0.359,0.298,1
"Vgll4",0.095592014149484,-0.442433373240353,0.168,0.242,1
"Rb1",0.0960131773960384,-0.408708282485356,0.13,0.2,1
"4833420G17Rik",0.0962863522730698,-0.403351146887464,0.115,0.181,1
"C1ql3",0.0967476576483315,0.441266997642203,0.214,0.153,1
"Tagln3",0.0971098543709824,-0.313319753909619,0.061,0.116,1
"Ubqln1",0.0974527559874535,-0.252670625331167,0.053,0.107,1
"Sybu",0.0980953535441065,0.387638068971394,0.16,0.102,1
"Rab18",0.0981168911870893,0.444034661992366,0.13,0.079,1
"Arid5b",0.0983448072255493,-0.395450241643751,0.206,0.288,1
"Maml3",0.0984120145286553,0.451684255456377,0.359,0.312,1
"Tom1",0.098431358137692,-0.327624065128372,0.061,0.116,1
"Zfand5",0.0984351098233375,-0.282703213503092,0.13,0.205,1
"Ptgdr",0.0985365176884235,-0.323048161634699,0.069,0.126,1
"Ier3",0.0989626702072363,-0.469904831116063,0.137,0.205,1
"H2az1",0.0992549739133769,-0.31910099436865,0.099,0.163,1
"Ccdc6",0.0993203112767868,-0.319441971627326,0.061,0.116,1
"Bmyc",0.0993920567950294,-0.334571813573995,0.069,0.126,1
"Lyst",0.0999026545805495,-0.325453271462782,0.145,0.219,1
"Kcnip3",0.0999600190422826,-0.275817236882682,0.122,0.191,1
"Nrp2",0.10005046638791,-0.409332760878431,0.092,0.153,1
"Cachd1",0.100223710760819,-0.297641533890042,0.076,0.135,1
"Srsf2",0.100296125116556,-0.285136133079849,0.168,0.247,1
"Fxr1",0.100331975811335,-0.310577478260462,0.176,0.256,1
"Colec12",0.100439009812188,-0.321711127544288,0.71,0.749,1
"Dnajc6",0.100876065059797,-0.340741487974253,0.435,0.53,1
"Zfp950",0.101565494941432,-0.292475135699446,0.351,0.451,1
"Opcml",0.101660599633914,0.500730344000487,0.267,0.205,1
"Lrrtm4",0.101693524380996,0.35479215794629,0.206,0.144,1
"Phrf1",0.1021776864637,0.383510656899533,0.107,0.06,1
"Naxd",0.102553374114054,0.351602377318271,0.13,0.079,1
"Rpl41",0.102693591028876,0.383525089423816,0.305,0.233,1
"Odf2",0.103483965111566,-0.307126849318614,0.099,0.163,1
"Kank1",0.103686420607264,0.330111385976442,0.107,0.06,1
"Apex2",0.103758922745702,0.330949243476634,0.137,0.084,1
"Pard3bos1",0.103945000259869,-0.433730571676493,0.061,0.112,1
"Sbds",0.104203966028636,-0.339453190858561,0.069,0.126,1
"Ldah",0.104631861916439,0.365782541278607,0.153,0.098,1
"Ube2k",0.104759018706689,-0.285893484479572,0.229,0.312,1
"Erbin",0.105395028175869,-0.316519793577807,0.229,0.316,1
"Scn8a",0.105725388372817,0.306405527377327,0.107,0.06,1
"Glud1",0.106158943210027,0.470451195968958,0.16,0.107,1
"Gna12",0.106193273651739,-0.258867706249042,0.061,0.116,1
"Pex13",0.106216250735926,0.314411867481315,0.13,0.079,1
"Gon4l",0.106781524994714,-0.334927936144042,0.092,0.149,1
"Cct7",0.107030978057172,-0.373688644745002,0.053,0.102,1
"Abcc5",0.107300289543916,-0.286253275387721,0.137,0.209,1
"Nr2f1",0.10765999202474,0.344037769416435,0.221,0.158,1
"Srsf6",0.108038701002392,-0.294942804047411,0.053,0.102,1
"Rpl14",0.108156489406819,0.315365577629881,0.183,0.126,1
"Dcdc2a",0.10851284243568,-0.282955746654133,0.214,0.298,1
"Elf1",0.108708485155632,-0.280388730803716,0.168,0.242,1
"Arl6ip1",0.109047091021891,0.378080904770493,0.29,0.233,1
"Nsa2",0.109205706429592,-0.420016402337288,0.153,0.219,1
"Brip1os",0.109480166456377,-0.262589202185467,0.099,0.163,1
"Mbip",0.109564239391389,-0.30007696639581,0.053,0.102,1
"Supt6",0.109585945809114,-0.302888986884325,0.092,0.153,1
"P4ha1",0.109604340027052,-0.315745038692587,0.115,0.181,1
"Txnl1",0.109695110020147,-0.465626306683386,0.061,0.112,1
"Ube2e1",0.109889481725544,-0.294037079811884,0.099,0.163,1
"Glp2r",0.11014326169584,-0.43474939591601,0.107,0.172,1
"Glt8d1",0.110429559348878,0.306532940260936,0.168,0.107,1
"Prdx5",0.11056608152203,0.439305452429502,0.176,0.121,1
"Rrbp1",0.111362127337778,0.388130474180042,0.282,0.223,1
"Usp50",0.11229917309687,-0.290246566347139,0.092,0.149,1
"Cirbp",0.112355782986425,-0.292872261510605,0.115,0.181,1
"Shprh",0.113385592894926,0.407249860161215,0.16,0.107,1
"Sec11c",0.114142030717792,0.36923105244771,0.137,0.084,1
"Ttc7b",0.114677394807221,0.361470235739702,0.221,0.158,1
"Tmcc1",0.114692594401297,-0.38767358666732,0.344,0.437,1
"Megf9",0.114724823354706,-0.311859490394561,0.092,0.153,1
"Pot1b",0.114748034296415,0.303996142340605,0.107,0.06,1
"Inpp5a",0.114790174513142,-0.293853366884978,0.076,0.13,1
"Psmd4",0.115342033314663,0.391736246281481,0.168,0.112,1
"Rack1",0.116205298485257,0.373513157645957,0.122,0.074,1
"Plekha1",0.116373181063382,-0.29323229878928,0.053,0.102,1
"Septin6",0.116964751339448,-0.305218066709789,0.153,0.223,1
"Rbp4",0.117234939415534,0.291583493529427,0.107,0.06,1
"Rplp1",0.117733588847324,0.349515082628363,0.359,0.288,1
"Map4k3",0.117856681561921,-0.314374025421415,0.122,0.186,1
"Ndufs1",0.117957013499849,0.368735385153052,0.183,0.126,1
"Aldh1a1",0.11837117074442,-0.419994170550316,0.374,0.437,1
"Rpn2",0.118587307821823,0.417306683657567,0.13,0.079,1
"Calcrl",0.11869772763677,0.474847248576882,0.221,0.167,1
"Selenok",0.118726503101391,0.467662414389567,0.168,0.116,1
"Gm30624",0.118848130281268,-0.530139373127751,0.084,0.14,1
"Auh",0.119600413831526,-0.290216298220193,0.069,0.121,1
"Epm2a",0.120332006097584,0.266731380899434,0.107,0.06,1
"Msi2",0.120402478570572,-0.305291583050152,0.359,0.46,1
"Trmt1l",0.120675395038701,0.379660807521523,0.145,0.093,1
"Rnps1",0.120883409472643,0.313912541773052,0.13,0.079,1
"Peli1",0.121287794086274,-0.325932106417477,0.107,0.167,1
"Cbx3",0.121821792836256,-0.26275122023204,0.084,0.144,1
"Garre1",0.121835077581209,-0.3596716804951,0.099,0.158,1
"Map1b",0.122056967470884,0.567553922819092,0.298,0.233,1
"Gtf2i",0.122260159571717,-0.299007235754469,0.237,0.312,1
"Aagab",0.122480519168197,-0.336430099633485,0.061,0.112,1
"Cog4",0.122501055318746,-0.310199615533487,0.076,0.13,1
"Ube2v2",0.122841215614488,0.355637333213133,0.16,0.107,1
"Mbtd1",0.123598104848723,-0.336338916818752,0.221,0.298,1
"Il34",0.123797731557708,-0.358993327982899,0.282,0.377,1
"Ctxn1",0.12452392914978,0.337051609045544,0.13,0.079,1
"Rab30",0.124575075496677,-0.340694258341144,0.321,0.405,1
"Rpl24",0.125181116469464,0.38269918620984,0.16,0.107,1
"Rps11",0.125874962016043,0.440096993565162,0.214,0.158,1
"Brd1",0.126052931057808,0.290613023077937,0.176,0.121,1
"Prpf39",0.126187799093201,-0.318717909180748,0.153,0.223,1
"Galnt11",0.126722096387553,-0.303093474474046,0.13,0.195,1
"Gm48678",0.126880653142948,-0.349448233450902,0.176,0.251,1
"Bmp6",0.126988213164661,-0.323583148779425,0.687,0.735,1
"Rpl6",0.127102693049698,0.461506113512171,0.298,0.237,1
"Ybx1",0.127838279990308,0.272026308504021,0.145,0.093,1
"Marcks",0.128102056887224,-0.338839030158703,0.107,0.163,1
"Tpt1",0.128181059024689,0.397738922282568,0.351,0.293,1
"Kansl1l",0.128305827762767,-0.328925500225474,0.267,0.349,1
"Eif2ak2",0.128648030820579,-0.253404981189309,0.053,0.102,1
"Clcn4",0.129190228326116,0.382186474600665,0.137,0.088,1
"Fip1l1",0.129371073608538,-0.420282053445688,0.145,0.205,1
"Ppp2r2d",0.129949708352323,0.44204642648029,0.115,0.07,1
"Gm26827",0.130132819177835,0.294139661790241,0.122,0.074,1
"Atxn7l3b",0.130356166252885,0.34076143677016,0.298,0.237,1
"Rcor3",0.130471392889823,-0.319583629531947,0.084,0.14,1
"Scaper",0.131238636557098,0.347512621424944,0.275,0.219,1
"Gm15563",0.131671944777033,-0.255448384038253,0.092,0.149,1
"Rsbn1",0.132325927699184,-0.258906202930825,0.107,0.167,1
"Trak1",0.132644666108106,-0.264104019867477,0.153,0.223,1
"Mta3",0.13273808406875,-0.281591094318204,0.099,0.158,1
"Slc13a4",0.13290548189234,-0.277339548530058,0.435,0.535,1
"Snd1",0.133040687265163,0.348988074508976,0.305,0.247,1
"Cdc26",0.133253481812393,-0.300137852030417,0.069,0.121,1
"Phc3",0.134222343667489,-0.346151723245057,0.145,0.214,1
"Shroom3",0.134382082895531,-0.3011253963119,0.061,0.112,1
"Cnot10",0.134504302275927,-0.346601512412863,0.092,0.144,1
"Ubl3",0.134716909125725,-0.383962986144055,0.099,0.153,1
"Nrg1",0.136081236395205,-0.391924986835306,0.115,0.177,1
"Gm39469",0.136700249225317,0.328643814940271,0.115,0.07,1
"Adgrb1",0.136700249225317,0.329916094865037,0.115,0.07,1
"Cdk8",0.136851240964407,-0.276078599855026,0.328,0.414,1
"Rcsd1",0.137106440027603,-0.288398520619732,0.137,0.205,1
"Qser1",0.137600708071562,-0.282885777048241,0.099,0.158,1
"Psip1",0.137707362677888,0.316043916323713,0.336,0.274,1
"Dnm1l",0.138008806459802,-0.291638340946073,0.107,0.167,1
"Swap70",0.138419023569437,-0.253095616611051,0.115,0.177,1
"Hsp90b1",0.138440615796572,0.30027724824104,0.298,0.247,1
"Klhl24",0.139407185457467,0.311803416561337,0.237,0.181,1
"Map3k3",0.140393635559769,0.413148408088834,0.244,0.186,1
"Prkacb",0.140698020617605,0.300009780575738,0.229,0.167,1
"Plcb4",0.140840062336678,-0.290554948404894,0.168,0.237,1
"Washc4",0.141085465321188,-0.258762694647154,0.099,0.158,1
"Parva",0.14116319817666,-0.317862798905992,0.137,0.2,1
"Eef2",0.141246703103585,0.314168555488674,0.115,0.07,1
"Thrb",0.142135019692839,-0.337427041854374,0.321,0.395,1
"Parp6",0.142236605564636,0.322646991035817,0.13,0.084,1
"Cdkl3",0.142434623478099,-0.297886488844517,0.076,0.13,1
"Wbp2",0.142849200862251,-0.395597531404531,0.069,0.116,1
"Dlat",0.143023102270476,-0.30733362456771,0.076,0.126,1
"Atp5j2",0.143038224683083,0.282306963945461,0.183,0.126,1
"Chka",0.143173358303317,0.347022366197606,0.198,0.144,1
"Cox6a1",0.143361154624892,0.376703871306456,0.168,0.116,1
"Wbp4",0.143435208437121,-0.468836532075144,0.069,0.116,1
"Brms1l",0.14351776406508,-0.280850804934989,0.061,0.107,1
"Rpl3",0.14359491979713,0.308747787634737,0.267,0.214,1
"Psma5",0.14397055837582,0.400033712200693,0.122,0.079,1
"Zc3h12b",0.144010599632869,-0.300812633532599,0.122,0.186,1
"Rbp1",0.144601076311877,0.524573965513586,0.153,0.107,1
"Alpk1",0.144637664735459,-0.267065399495755,0.099,0.158,1
"Clip3",0.144693042445295,0.298920804735685,0.107,0.065,1
"Dlg1",0.145018152728061,0.308839862336832,0.489,0.423,1
"Ttc9c",0.146638942979516,0.492649312255834,0.107,0.065,1
"Styx",0.147551584554915,-0.2566534722439,0.092,0.144,1
"Insig2",0.148189849215077,-0.2745497322431,0.069,0.116,1
"Chd7",0.148570397514747,0.411517829134523,0.183,0.13,1
"Ctdsp2",0.149038662573141,-0.290550839738781,0.076,0.126,1
"Zmym6",0.149043399342482,0.319358922029912,0.145,0.098,1
"Zfp385a",0.149397115726508,-0.28844571241563,0.069,0.116,1
"Armh3",0.149526323188538,-0.298637479995526,0.107,0.163,1
"Psen1",0.149594979255881,0.347052674446198,0.107,0.065,1
"Adamts9",0.149765717775662,-0.342412335950238,0.099,0.153,1
"Psmd1",0.14982424516071,0.41333020129957,0.183,0.135,1
"Stxbp1",0.14989215801637,-0.261113426287266,0.145,0.209,1
"Tnik",0.150089914858076,-0.277326887028154,0.13,0.195,1
"Nptxr",0.151086332039703,-0.400660453380546,0.076,0.126,1
"Tmem132a",0.151925725613505,0.372139302576986,0.107,0.065,1
"R3hcc1l",0.152198137221201,0.418007990838093,0.122,0.079,1
"Pdlim5",0.152200098491353,-0.388402921608578,0.267,0.335,1
"Bex3",0.153008491634456,0.398653780576377,0.153,0.102,1
"Csnk1a1",0.153409167244256,-0.269797230402102,0.405,0.488,1
"Zfp110",0.153452576815273,-0.279781085931985,0.076,0.126,1
"Poldip3",0.15394531245473,0.263566201293073,0.107,0.065,1
"Armc1",0.15426626941443,-0.441809076691914,0.061,0.102,1
"Mycbp2",0.154402839524821,0.282760026180566,0.58,0.502,1
"Atp8a1",0.154747393981982,-0.292234305483215,0.084,0.135,1
"Col5a1",0.155303131721465,0.266985325599483,0.107,0.065,1
"Mtch2",0.155546289748512,-0.279684577314831,0.069,0.116,1
"Dhx30",0.155819350452872,0.390960779540162,0.206,0.153,1
"Rbms2",0.155883552004397,-0.328668165407743,0.153,0.214,1
"Lmod1",0.155965208999694,0.250762424026722,0.122,0.074,1
"Pbxip1",0.156166983883753,-0.253966364366796,0.061,0.107,1
"Pcbp2",0.156231238477722,-0.287109798094207,0.198,0.27,1
"Naa16",0.157054637078774,-0.304333112685969,0.076,0.126,1
"Pkd2",0.157602790795942,-0.25037517216061,0.168,0.242,1
"Cntn5",0.157661161586521,-0.256360050249276,0.076,0.126,1
"Isyna1",0.158495658880614,0.401287583154915,0.237,0.186,1
"Ndufa12",0.158692031289221,-0.273095722487071,0.069,0.116,1
"Col1a2",0.158800556607085,0.305152131447735,0.42,0.363,1
"Tspyl4",0.159065842172217,0.510931802506427,0.214,0.172,1
"Aebp1",0.159320258068928,-0.281988172080911,0.389,0.479,1
"Hmg20a",0.159982167519442,0.329376420375182,0.252,0.195,1
"Aox3",0.16008537359793,0.401695546249001,0.534,0.502,1
"Ssr4",0.16095500525696,0.39287543819717,0.13,0.084,1
"Eif5a",0.16125525813932,0.419556525097872,0.153,0.107,1
"Rufy2",0.163040222459089,0.263473713339338,0.206,0.153,1
"Gtf2h5",0.163390483148792,0.402269330481828,0.122,0.079,1
"Abca1",0.163553673061364,-0.313358028786164,0.214,0.279,1
"Mrs2",0.163640661476406,0.303585688538626,0.107,0.065,1
"Ppp1r9a",0.16387365813833,-0.253035810573648,0.092,0.144,1
"Nipsnap2",0.163953304561662,-0.262842238949524,0.122,0.186,1
"Enox2",0.164355515188951,-0.387153898542456,0.099,0.149,1
"Rpl37a",0.164459830977128,-0.292803898531115,0.092,0.144,1
"Ralgapa1",0.16550174174699,0.305931418270383,0.344,0.298,1
"Gng3",0.165509001612571,0.307012889300546,0.16,0.112,1
"Fbln1",0.165636912101127,-0.287893912070689,0.092,0.144,1
"Ctnnb1",0.16565629358148,0.447549458710918,0.176,0.126,1
"1600020E01Rik",0.165744403631263,-0.347550903856884,0.092,0.14,1
"Reck",0.167591067141587,0.39616662403272,0.237,0.177,1
"Polr1d",0.168037167464794,0.386128506316831,0.122,0.079,1
"Nupr1",0.168627525145494,0.335315468520392,0.351,0.302,1
"Adhfe1",0.169111753191355,0.303444472248427,0.145,0.098,1
"Arnt2",0.169143697916714,0.314401649362408,0.397,0.34,1
"Eif4e",0.171110898107186,0.475521779468625,0.13,0.088,1
"Akap12",0.17123824572263,0.325690742299371,0.252,0.205,1
"Eln",0.171354366112456,-0.6883934187521,0.061,0.102,1
"Col5a2",0.172163581724964,-0.253740192416303,0.115,0.172,1
"Akap8",0.172653902081029,0.314668310094756,0.198,0.144,1
"Mfap3",0.172987341149568,0.51004949208589,0.107,0.07,1
"Rasa1",0.173410413921643,-0.265393453026296,0.137,0.195,1
"Plekhm3",0.173468363039972,-0.288113637319105,0.069,0.112,1
"Ndufb5",0.173630922828491,0.289602935318423,0.137,0.093,1
"Ptma",0.173708228265383,-0.258368208085081,0.206,0.274,1
"Pip4k2a",0.173721377526877,-0.351536140354483,0.115,0.167,1
"Fam133b",0.17405467893915,0.301914614978766,0.16,0.112,1
"Vwa8",0.174740665708273,0.283781907479559,0.206,0.153,1
"mt-Co1",0.175097015412501,-0.254830825522901,0.13,0.186,1
"Pde1a",0.176108066642638,0.301744969832993,0.702,0.721,1
"Cyb5b",0.176119951912794,-0.340701958080379,0.092,0.14,1
"Bcl9",0.17729877076857,-0.284868242857816,0.084,0.135,1
"Erc1",0.179049906804622,0.291680613039991,0.214,0.163,1
"Trp53inp1",0.179432779527351,0.326330717431742,0.13,0.088,1
"Uaca",0.180080830656723,-0.317360259996197,0.336,0.409,1
"Gpatch2",0.180350171921685,0.404558990708065,0.176,0.13,1
"Epha3",0.181011578246665,-0.443284782064627,0.16,0.219,1
"Sox5",0.181027830705295,-0.428073595013003,0.198,0.265,1
"Map3k20",0.181132648758956,-0.267103655587198,0.076,0.121,1
"Msh3",0.181522964724965,-0.375826953576312,0.061,0.102,1
"Tbc1d5",0.181817335340188,0.360969354693164,0.412,0.358,1
"Hdgfl3",0.183780803636513,0.385685147326099,0.206,0.163,1
"Cdc14b",0.183975814000338,0.268955670875557,0.115,0.074,1
"Agpat3",0.18400367882916,0.257654470162239,0.122,0.079,1
"Ralgapa2",0.18431249943816,0.5171179175949,0.153,0.112,1
"Ndufa2",0.184568200132682,-0.269315731087528,0.076,0.121,1
"Slco1a4",0.184722522767767,-0.289869438105831,0.069,0.112,1
"A730094K22Rik",0.18526107805996,-0.253084792242015,0.061,0.102,1
"Sema3a",0.186318976119172,-0.37699084157949,0.29,0.349,1
"Scand1",0.186946653191924,0.303254434414635,0.115,0.074,1
"Camk2a",0.187584474360888,0.277354919378624,0.137,0.093,1
"Basp1",0.189235205937887,0.352670960175172,0.305,0.26,1
"Rnf111",0.189534146631899,-0.262121046631822,0.107,0.158,1
"Hp1bp3",0.189878628087205,-0.313414910036902,0.137,0.195,1
"Cep20",0.191359880300849,-0.253870434674188,0.061,0.102,1
"C1qtnf4",0.191429374569376,0.411033511819227,0.191,0.144,1
"Rpsa",0.192645810114902,0.304092598390938,0.252,0.205,1
"Dync1h1",0.192680327119333,-0.252873366530497,0.176,0.237,1
"Aimp1",0.192767390180088,-0.298796468498313,0.069,0.112,1
"Ide",0.192767390180088,0.264630503534071,0.122,0.079,1
"Gng2",0.193128081946486,0.469296342297278,0.168,0.126,1
"Ptpn14",0.193149034005819,0.300774383046274,0.298,0.247,1
"Pkn2",0.193166063618645,0.298772183183593,0.252,0.205,1
"Rchy1",0.193511314813614,-0.293419570295115,0.069,0.112,1
"Uqcrc2",0.193743266839359,0.334660352977259,0.183,0.135,1
"Lonp2",0.193753323304466,0.324579846378319,0.29,0.237,1
"Mdh1",0.196070041397241,0.288452427988848,0.328,0.27,1
"Mill2",0.196136535352141,0.434022010968868,0.313,0.284,1
"Ccr9",0.196769436265072,0.349278959357063,0.191,0.144,1
"Atxn2",0.196771558143744,0.294263225824847,0.237,0.186,1
"Sdhb",0.197160933319667,0.265779663282555,0.153,0.107,1
"Nipa2",0.197262579563711,-0.296381498233367,0.069,0.112,1
"Ppp3cb",0.197319103068891,0.367002382665573,0.275,0.228,1
"Hspa12a",0.198769077835416,0.408347129159205,0.183,0.14,1
"Swi5",0.20065421878639,0.326023998831019,0.168,0.121,1
"Tuba1a",0.200686955946383,0.254775474280534,0.405,0.349,1
"Sv2b",0.201476370069125,0.327203313979979,0.107,0.07,1
"Phlpp1",0.202295118706325,-0.260814953905523,0.229,0.293,1
"Man1c1",0.202523576908108,0.407531337981784,0.191,0.144,1
"Tasp1",0.202951361603708,0.272732629594878,0.176,0.13,1
"Rpl39",0.202988732284168,-0.271459834812565,0.069,0.112,1
"Ndufs4",0.203091557953758,0.300397799772072,0.29,0.242,1
"Chp1",0.203127538757856,-0.319663749848249,0.076,0.116,1
"Rap1b",0.20371742256291,0.362271675869491,0.183,0.14,1
"Zfhx3",0.203750459389509,-0.326131083619175,0.13,0.181,1
"Celf4",0.203797866263638,0.351556526962173,0.137,0.093,1
"Psma3",0.204113278935313,0.392660055740838,0.282,0.247,1
"Kcmf1",0.206517410304528,0.31420073571809,0.267,0.214,1
"Nck1",0.207126214639501,0.324009170483822,0.176,0.13,1
"Samd9l",0.207327007066174,0.295521777622874,0.13,0.088,1
"Lsamp",0.208888990160798,-0.403151048822629,0.336,0.414,1
"Cacna2d1",0.208905219975946,0.266865760013368,0.305,0.247,1
"B130024G19Rik",0.209715856477917,0.411461630693422,0.267,0.228,1
"Tafa5",0.209732968873354,0.275578809428631,0.107,0.07,1
"Parn",0.20978849794991,-0.251351471331087,0.092,0.14,1
"Sirpa",0.210706925632063,0.286590551947321,0.176,0.13,1
"Napb",0.210827995902491,-0.34167573316189,0.115,0.163,1
"Dnah7b",0.211883571140226,0.276658457104728,0.13,0.088,1
"Clec2d",0.212277099038887,-0.252740188920891,0.084,0.126,1
"Rbbp6",0.213476878666086,-0.264429977011764,0.221,0.284,1
"Atg16l2",0.214125017400449,-0.329187097974729,0.122,0.167,1
"Usp45",0.215104073245023,0.392637296060181,0.198,0.153,1
"Snx3",0.215778997970683,-0.279903636580095,0.092,0.135,1
"Dnajc15",0.216166958896309,0.31537228037279,0.122,0.084,1
"Cenpp",0.216201488217474,-0.26125711657609,0.076,0.116,1
"Atg3",0.216659188097599,0.42734916456632,0.16,0.121,1
"Resp18",0.216951765455339,0.435069246259751,0.115,0.079,1
"Orc4",0.217850460191698,0.461798385542918,0.168,0.13,1
"Necab1",0.218544864994923,0.335766704190794,0.275,0.233,1
"Mtmr3",0.219118234053288,0.289334325021504,0.328,0.284,1
"Arpc3",0.219462274607075,0.330011491913542,0.145,0.102,1
"St7l",0.219765334446592,0.369578660008327,0.176,0.135,1
"Map7d2",0.22017677202571,0.302048373030423,0.122,0.084,1
"Slc25a36",0.220257555581271,-0.250956592198112,0.16,0.219,1
"Thrap3",0.220795956090827,0.389532134548072,0.244,0.205,1
"Rps6ka3",0.222387802820148,0.315413877316203,0.198,0.153,1
"Snx6",0.225036697267467,-0.317521669123873,0.282,0.326,1
"Tshz2",0.225861125620728,0.308283602096978,0.359,0.326,1
"Yme1l1",0.226021951775385,0.335569544303177,0.221,0.181,1
"Chm",0.226080191854455,-0.292993417505362,0.115,0.163,1
"Apbb2",0.22730644782435,-0.340417534221842,0.16,0.209,1
"Nars",0.227492315503353,0.351193580502085,0.137,0.098,1
"Grm5",0.227771088674283,0.301464789738687,0.183,0.14,1
"Agmo",0.228312041966821,-0.253357828538768,0.298,0.372,1
"Ppp1r21",0.229185534698949,0.304897518103968,0.122,0.084,1
"Dusp11",0.230026797340268,-0.263495732172255,0.099,0.144,1
"Lypd6b",0.230319897719289,0.396845069712504,0.183,0.144,1
"Pus10",0.231231313867842,-0.250938842639342,0.069,0.107,1
"Nadk2",0.231619466201381,-0.369717257536386,0.145,0.195,1
"Chchd10",0.23278924935744,0.35282626698637,0.237,0.191,1
"Apc",0.233689411696946,-0.295524378563744,0.221,0.284,1
"Ckb",0.233823719460129,0.355758584205641,0.473,0.447,1
"Tigd2",0.235325669089427,0.282216287743294,0.145,0.107,1
"Araf",0.235507185343719,0.26852271157855,0.214,0.167,1
"Cxcl12",0.235973382559078,0.439845067151812,0.267,0.228,1
"Tbc1d32",0.236427152067072,0.269813738503232,0.115,0.079,1
"Atp1b1",0.237176038061128,0.366041775566055,0.481,0.488,1
"Zfp36l1",0.237557556020868,-0.302858798449245,0.137,0.186,1
"Slc9a9",0.238142849377097,-0.304016758638899,0.107,0.153,1
"Gli2",0.238883997777023,0.298468630972489,0.16,0.121,1
"Atp5md",0.240173341216338,0.317066406434953,0.137,0.098,1
"1500004A13Rik",0.24037107738057,0.361362082756376,0.16,0.121,1
"Ssb",0.24038191118934,0.303379810240939,0.229,0.186,1
"Uqcrc1",0.240654250771236,0.311919329970497,0.13,0.093,1
"Slc50a1",0.241261910463295,0.306559322877885,0.115,0.079,1
"Rell1",0.241354299869144,0.361855226170778,0.168,0.126,1
"Srpr",0.242264747028604,0.377190826011614,0.214,0.177,1
"Kdm3b",0.243751599441219,0.316061584159472,0.176,0.135,1
"Abat",0.244069763716889,0.344057895789478,0.153,0.112,1
"Gnao1",0.245116530621508,0.350266292421802,0.198,0.158,1
"Mat2a",0.245670666719477,-0.314811537443466,0.153,0.205,1
"Yy1",0.245708469703687,0.281371742411823,0.145,0.102,1
"Tmeff2",0.247157436292194,-0.278772549933461,0.076,0.116,1
"Armh4",0.24772173899284,-0.265793716829845,0.092,0.135,1
"Frrs1l",0.24873180845483,0.429685001812882,0.168,0.13,1
"Xpnpep3",0.249326426810576,0.382767628787646,0.122,0.088,1
"Selenow",0.251703111777549,0.317713468505884,0.328,0.284,1
"Ndufv2",0.251711212827831,0.26656935311386,0.214,0.167,1
"Pcnp",0.252182453730657,0.309291543341397,0.153,0.116,1
"Zfyve16",0.25239322161216,-0.330497675699363,0.092,0.13,1
"Ddx58",0.254160977371175,0.328127196384895,0.13,0.093,1
"Zfp30",0.255834061105123,0.331899489854495,0.107,0.074,1
"Cnot4",0.256344858181864,0.260281880407344,0.366,0.335,1
"Fbxo38",0.257640089409227,-0.259576641175912,0.084,0.126,1
"Pgm5",0.257721113277792,0.37518771887418,0.153,0.116,1
"Sgce",0.258146230053876,0.369188829880113,0.168,0.13,1
"Pcgf3",0.258216197460052,0.301259996098621,0.107,0.074,1
"Tubgcp2",0.258694638127247,0.343696128696891,0.107,0.074,1
"Acvr2a",0.259027313444978,0.366451463885882,0.122,0.088,1
"Gabrb1",0.259359496815706,-0.361641113091325,0.084,0.121,1
"Gria4",0.259922004705127,0.311125476762957,0.122,0.088,1
"Kcnma1",0.26045276751471,-0.275330606395215,0.282,0.349,1
"Dym",0.260575631700201,0.256647112161858,0.282,0.242,1
"Kat6b",0.260717403621045,-0.331281679111047,0.183,0.228,1
"Smarcad1",0.26072750726706,0.274626381842417,0.183,0.144,1
"Fech",0.261577305884228,0.313481219760965,0.107,0.074,1
"Itsn1",0.26185236595913,0.267373338216002,0.275,0.228,1
"2210016L21Rik",0.262618904631373,0.333022380111561,0.122,0.088,1
"Tmem59",0.263367371765087,0.282498374419234,0.252,0.209,1
"Gramd3",0.263622419178176,-0.262843481699055,0.206,0.26,1
"Morc2a",0.264145634845943,-0.270696236928422,0.076,0.112,1
"Epb41l3",0.264356381641854,0.258359771870878,0.237,0.195,1
"Als2",0.26533506578246,0.348976839192035,0.122,0.088,1
"Pip5k1a",0.265855058474097,0.300980845356806,0.16,0.121,1
"Arhgef1",0.266079019615407,0.294152455198679,0.191,0.153,1
"Immp2l",0.266206371114632,0.28587982882672,0.214,0.167,1
"Sos1",0.266244737838952,-0.254685006836787,0.076,0.116,1
"Dmd",0.266335358991409,0.442136956051719,0.145,0.107,1
"Npy",0.266540693224494,0.292936263768206,0.198,0.158,1
"Tmtc1",0.267072440944856,-0.252501064759975,0.351,0.405,1
"Map1lc3a",0.267527437248775,0.261333549969409,0.206,0.163,1
"Mxi1",0.268204793327624,0.418274683384191,0.351,0.33,1
"Clec3b",0.269372685962228,0.259316930521685,0.107,0.074,1
"Zfp799",0.27267642873875,-0.250053922537267,0.084,0.121,1
"Cop1",0.27322224829617,0.277798732846512,0.221,0.181,1
"Xkr4",0.273599381341296,0.316354025979063,0.122,0.088,1
"Arhgef25",0.274540216452201,0.427857942586989,0.137,0.102,1
"Comt",0.277653601333062,0.333211656083384,0.229,0.186,1
"Zfp652",0.278228637196655,0.282613308649431,0.229,0.191,1
"Mapt",0.278359197275191,0.38577148454904,0.13,0.098,1
"Rptor",0.278561922962646,0.393071058034327,0.153,0.121,1
"Grin2b",0.27858148015215,0.304677278054397,0.206,0.167,1
"Dynll1",0.28045883963719,-0.336490507436363,0.176,0.219,1
"Astn2",0.282368882958692,0.432906484952457,0.16,0.126,1
"Tgs1",0.282764791973996,0.339720263601005,0.115,0.084,1
"5430405H02Rik",0.28291016447821,0.308497485912582,0.13,0.098,1
"Gkap1",0.283357171278584,0.423449608165888,0.206,0.167,1
"Prkcb",0.283706599470754,0.33364050621411,0.42,0.4,1
"Thoc1",0.285522758620195,-0.27257590566281,0.145,0.186,1
"Pdzd8",0.288803325184884,-0.299504085700387,0.099,0.135,1
"Naa12",0.289553310924681,0.255002226856687,0.107,0.074,1
"Dgkd",0.29416456333635,-0.265543901164992,0.099,0.135,1
"Lztfl1",0.294288431855681,-0.254366199614707,0.092,0.13,1
"Kcnd2",0.296158861711804,0.354858080528027,0.168,0.13,1
"Mrtfb",0.296158861711804,0.293127311451956,0.168,0.13,1
"Apoe",0.296697086133267,0.300738300106088,0.847,0.87,1
"Hipk2",0.300908761129213,0.348861959940848,0.137,0.107,1
"mt-Nd4",0.301984605634162,-0.310541994246505,0.336,0.377,1
"Med1",0.302416020069399,-0.303812908348711,0.092,0.126,1
"Grin2a",0.303643104433577,0.281074175897404,0.145,0.112,1
"Csmd1",0.303936640239964,0.293195142809041,0.313,0.27,1
"Gucy1a2",0.305256157379905,0.342579258875186,0.16,0.126,1
"Plscr4",0.306378015046263,0.294470486490148,0.145,0.112,1
"Hipk1",0.306932056465688,-0.30972520409118,0.099,0.135,1
"Ino80",0.307023801869325,0.287570360129557,0.198,0.153,1
"Gjb2",0.307424404981028,0.370414949456684,0.191,0.158,1
"Ago2",0.308672614251631,0.315868504068679,0.168,0.135,1
"Uchl1",0.309280699020078,0.274073947552835,0.183,0.144,1
"Atp5pb",0.309472971283329,0.293888685056513,0.298,0.256,1
"Tnrc6c",0.31029303315835,-0.265799023417474,0.382,0.442,1
"Irs1",0.311487372209897,-0.291439169020369,0.084,0.116,1
"Pkd1",0.313318327591289,0.32638497512548,0.183,0.149,1
"Pros1",0.314205476362979,0.28506508313728,0.13,0.098,1
"Zranb2",0.315989579351559,0.253138750927935,0.351,0.326,1
"Ifnar1",0.318030588364183,0.432171500199624,0.122,0.093,1
"Sik3",0.318119055033546,-0.251508917522577,0.359,0.419,1
"Smdt1",0.318537596738408,-0.336509786518388,0.084,0.116,1
"Kidins220",0.321609335489259,0.351196353984841,0.237,0.209,1
"Jak1",0.322050691695467,0.390730538399008,0.244,0.219,1
"Macrod1",0.322950974788631,0.290001864841865,0.183,0.149,1
"Arcn1",0.327847844535598,-0.259467427059811,0.076,0.107,1
"Pfdn1",0.328650467652937,-0.374932156591502,0.092,0.121,1
"Serinc1",0.329369519134534,0.350554136689123,0.374,0.363,1
"Cacna2d3",0.330206792428275,0.31651582134293,0.153,0.121,1
"Rgma",0.332689562505849,-0.284743037070351,0.13,0.163,1
"Acsl1",0.333265859623443,-0.28193380942344,0.206,0.251,1
"Oaz1",0.333400411684549,0.319008632534286,0.267,0.233,1
"Bmp7",0.333570763832741,-0.311862027713076,0.214,0.256,1
"Samd4",0.333641142152951,-0.302066245218923,0.252,0.302,1
"Sec61a1",0.333993676234346,-0.250951822964706,0.084,0.116,1
"Fam168b",0.334349925650759,0.259691371900425,0.137,0.107,1
"Dtx3",0.337879056942508,0.287374484081313,0.206,0.167,1
"Tec",0.339009339696977,0.342187600396475,0.176,0.144,1
"Wwox",0.339453401662313,0.287738412670644,0.626,0.651,1
"Smc3",0.341506578167428,-0.283795442432326,0.145,0.181,1
"Acap2",0.345180027166903,0.26997452508111,0.305,0.274,1
"2610507B11Rik",0.345222545206389,0.283634627937987,0.107,0.079,1
"Serpini1",0.346852598217895,0.256500253427103,0.137,0.107,1
"Vtn",0.347836260926195,0.331197529350213,0.374,0.344,1
"Syt11",0.348056063102354,0.399582396062982,0.26,0.233,1
"Lgr4",0.351300075780303,0.278991636926873,0.336,0.307,1
"Cntn4",0.352184982594204,0.340443807560208,0.13,0.102,1
"A830019P07Rik",0.354630048580483,-0.251802300208906,0.145,0.181,1
"Tanc1",0.356445500721065,0.318883805650979,0.328,0.302,1
"Pign",0.357656723522811,-0.259839209888817,0.107,0.14,1
"Wnt5a",0.358284841116609,0.317097467247883,0.221,0.195,1
"Top2b",0.35956521108815,-0.275914274808695,0.229,0.265,1
"Eef1a1",0.359990995335549,0.345913454824485,0.389,0.363,1
"Upp2",0.360091330308939,0.383504560461274,0.29,0.26,1
"Bcl2l11",0.360763006960945,0.291131415823539,0.115,0.088,1
"Axin2",0.360773957562908,0.280601949020897,0.16,0.13,1
"Mga",0.362407942885411,0.30170513947108,0.298,0.27,1
"Fbxw2",0.363819899766768,0.255225957049256,0.168,0.14,1
"Ccdc186",0.367566971909896,0.358712477368155,0.115,0.088,1
"Serpinb6a",0.367598438195594,0.308364860520174,0.168,0.14,1
"Vps13c",0.368820022823034,-0.278311819176987,0.115,0.149,1
"Phf3",0.369597420200192,0.293799076919366,0.298,0.265,1
"Eda",0.370832291448766,0.401382635068227,0.168,0.135,1
"Mylip",0.372147057553957,0.314317069777603,0.115,0.088,1
"Mmp16",0.373900230729262,0.273736224206147,0.153,0.121,1
"Knop1",0.37524671824253,0.31488318761221,0.198,0.167,1
"Arpc1a",0.37630158673072,0.368538057413031,0.153,0.126,1
"Smurf2",0.377110070327014,-0.274557659706238,0.275,0.316,1
"Hmox2",0.377921671756199,0.257929540531369,0.115,0.088,1
"2210408F21Rik",0.379295523328176,0.329086725086965,0.176,0.149,1
"Gm49797",0.380530368296832,0.386972119665651,0.168,0.14,1
"Zcchc24",0.380564130794847,0.273348648092155,0.214,0.186,1
"Bsg",0.381182577886725,0.271214909342918,0.321,0.288,1
"Golga1",0.38316548881682,0.268676034335998,0.115,0.088,1
"Nav3",0.390029548532941,0.307575837030445,0.198,0.172,1
"Sh3bp5",0.39114150110779,0.323964712992622,0.168,0.144,1
"Nbea",0.393132158206345,0.370300370500844,0.427,0.414,1
"Sncaip",0.39411228121655,0.334717898169986,0.435,0.442,1
"Wsb2",0.395865510762796,0.284505256231301,0.122,0.098,1
"Fzd3",0.397814085053274,0.293248684322476,0.107,0.084,1
"Mbnl1",0.401811577482641,-0.255915258564325,0.229,0.265,1
"Gpd2",0.402510595763205,0.369872548172965,0.153,0.13,1
"Slc6a20b",0.407675802837354,0.339083126352354,0.115,0.093,1
"Glyr1",0.407918394652665,0.425425025054557,0.137,0.116,1
"Zc3h6",0.408459994568211,0.397268930573011,0.168,0.144,1
"Unc93b1",0.408830485932096,0.259718722069572,0.115,0.088,1
"Kiz",0.409803197612227,0.284123657804711,0.13,0.107,1
"Atp5b",0.419161235932109,0.258138172299225,0.252,0.214,1
"Akap13",0.424345945247627,0.266738213973946,0.458,0.437,1
"Selenop",0.424747681204138,0.252974605840714,0.153,0.126,1
"Man1a2",0.424849933070033,-0.262426952828394,0.282,0.33,1
"Gpi1",0.425435745772482,0.288551767579078,0.107,0.084,1
"Tsg101",0.425857985852288,0.262777195187251,0.13,0.107,1
"Trim24",0.426248367750857,0.357514722182789,0.176,0.149,1
"Csnk1d",0.430839561141007,0.3082119340654,0.115,0.093,1
"Ccdc136",0.436369872835183,0.281463907722655,0.13,0.107,1
"Ap2a1",0.437059846897222,0.372417756045123,0.115,0.093,1
"Gm33989",0.438911005419608,0.327832616766411,0.198,0.181,1
"Zic1",0.441840035662341,0.256902079835405,0.405,0.405,1
"Lars2",0.444299299237113,0.283058192569905,0.198,0.177,1
"Mcu",0.445491066717258,0.273495393923999,0.168,0.144,1
"Dkk3",0.450445699453371,0.26340649019658,0.214,0.186,1
"Dhx36",0.450784245612045,0.285047600717566,0.229,0.205,1
"Pcdh10",0.457654611629704,0.372126004225363,0.145,0.126,1
"Ddx1",0.45804580518687,0.308569711905872,0.122,0.102,1
"Stt3b",0.458506242605893,0.270658153739268,0.176,0.153,1
"Hspd1",0.458591529508218,0.264283420360056,0.115,0.093,1
"Pik3r1",0.45962650508134,0.256810573553019,0.229,0.209,1
"Kif1a",0.462381831041543,0.450924980254456,0.107,0.088,1
"Rpl4",0.462451918475742,0.261430475334715,0.115,0.093,1
"Vamp4",0.466945661648109,0.297779780322712,0.153,0.135,1
"Rpl8",0.467885260088583,0.378575372143027,0.191,0.172,1
"Fam168a",0.4743043949318,0.293140662273612,0.198,0.181,1
"Ddx17",0.478793673966277,0.282657133411785,0.443,0.447,1
"Ric1",0.482524345808697,0.341284346549482,0.16,0.144,1
"Pabpc1",0.48928677035789,0.264208594443582,0.107,0.088,1
"Cpt1c",0.490724617392899,0.265512853115521,0.16,0.14,1
"Ctnna1",0.501150453092714,0.266278731817701,0.214,0.195,1
"Hspa5",0.502732675090824,0.402893302850548,0.191,0.177,1
"Ctnnd2",0.505850479597164,-0.342905008985593,0.13,0.149,1
"Tex264",0.507217253131488,0.27590386029255,0.107,0.088,1
"Ndrg4",0.508449381969844,0.279648112673409,0.16,0.144,1
"ENSMUSG00000121513",0.508552895525099,0.286995321134935,0.313,0.307,1
"Fubp1",0.510081599474239,0.270742772261801,0.29,0.279,1
"Gja1",0.510560688088348,0.438917743444895,0.214,0.2,1
"Grm7",0.510638810058921,-0.252248985565737,0.115,0.14,1
"Nudcd3",0.521723163552061,0.25228535641654,0.198,0.181,1
"Setd7",0.52365193656772,0.268197260035483,0.252,0.233,1
"Ubb",0.52408246170826,0.282513824765285,0.374,0.372,1
"Canx",0.527367841845156,0.317095186333334,0.221,0.209,1
"Snca",0.52755178157139,0.290071973911182,0.13,0.112,1
"Sgms1",0.530705567819515,0.261679878511071,0.153,0.135,1
"Il1rapl1",0.531288724826267,0.364352554094853,0.221,0.205,1
"ENSMUSG00000120012",0.531429811604512,0.305648630401558,0.13,0.112,1
"Nin",0.534878523768799,0.325095540991422,0.122,0.107,1
"Oxr1",0.535130857679629,0.337173507089763,0.229,0.223,1
"Ctcf",0.536554585477428,0.44202439244727,0.137,0.126,1
"Zcchc7",0.541632987516189,0.313500758325224,0.496,0.512,1
"Btrc",0.543260137028695,0.276903896581029,0.29,0.274,1
"Pebp1",0.554279986489907,0.286881310423155,0.214,0.195,1
"Epb41l2",0.557912771399179,0.255513193223702,0.397,0.419,1
"Lrrc4c",0.558971499386077,0.314107044728416,0.267,0.247,1
"Rps3",0.563822687788188,0.390980055501868,0.137,0.121,1
"Slk",0.566615905044481,0.272429319162249,0.191,0.177,1
"Pde4dip",0.5670676279628,0.27934588050781,0.13,0.116,1
"Spats2l",0.572908971600205,0.344251995717248,0.137,0.121,1
"Prr16",0.576127988322585,0.331125659072839,0.153,0.14,1
"Ercc6l2",0.581070606244293,0.367724493805192,0.122,0.112,1
"Prpf6",0.58221678105998,0.368756752263959,0.168,0.153,1
"Scoc",0.591389548742264,0.263277934974392,0.122,0.107,1
"Retreg3",0.593570973428757,0.282992302193746,0.137,0.126,1
"Wdr17",0.602035981768491,-0.324888094347497,0.153,0.172,1
"Shroom2",0.608919679473519,0.329265265449336,0.206,0.2,1
"Akap10",0.61658454921471,0.275804291278725,0.191,0.181,1
"Ccdc82",0.619520440109141,0.327400967133556,0.153,0.14,1
"Maco1",0.620171068161127,0.257063361227241,0.176,0.163,1
"Kdm5a",0.622560282229964,0.358233846411707,0.26,0.265,1
"Tbx15",0.625284142208521,0.325537451582925,0.153,0.14,1
"Snapc3",0.642862279915457,0.26506023614728,0.206,0.195,1
"Timm23",0.643995196480612,0.271358144891287,0.13,0.121,1
"Atg4a",0.648565160659032,0.686843426182804,0.153,0.14,1
"Magi1",0.671489504487831,0.272525815657426,0.145,0.135,1
"Polr2a",0.675039956337839,0.268653734161766,0.206,0.2,1
"Arfgap3",0.680273315139464,0.288504024002868,0.206,0.195,1
"Robo2",0.683536284278869,0.269573567281847,0.275,0.26,1
"Cpe",0.686770191489461,0.283018596644144,0.275,0.265,1
"Serpinf1",0.697906442247011,0.263995897515696,0.145,0.135,1
"Ttll5",0.699935596289751,0.263184446712022,0.107,0.098,1
"Atf7ip",0.715746980560388,0.277601224360077,0.237,0.237,1
"Timp2",0.715959004262657,0.39075933876774,0.16,0.158,1
"Rpl7",0.7198383186791,0.37479151298611,0.13,0.121,1
"Gm29478",0.720536149913701,0.30745067122912,0.137,0.13,1
"Gm31409",0.723959834610803,0.255809210086529,0.115,0.107,1
"Atp5o.1",0.732832419479432,0.277453210783549,0.168,0.163,1
"Memo1",0.73288508726852,0.29226291496587,0.214,0.219,1
"Cdh5",0.754665070764995,0.266337093332071,0.206,0.205,1
"Gm5089",0.767510023346035,0.292772188213313,0.267,0.274,1
"Rps4x",0.777809289690156,0.332279033326361,0.176,0.172,1
"Kcnq1ot1",0.785697287924248,0.286778001264159,0.359,0.372,1
"Taf1",0.792746561089881,0.272670495113333,0.122,0.121,1
"Nf1",0.79444305448895,0.252264732882114,0.26,0.274,1
"Fgf14",0.797851426574072,0.302712679780019,0.26,0.265,1
"Nr6a1",0.807686888754131,0.259221685066404,0.313,0.321,1
"Dnajc24",0.822747337875457,0.280138602128801,0.115,0.112,1
"Ptms",0.855701444879099,0.263305764095598,0.176,0.177,1
"Angpt1",0.902414528112899,0.389966609276307,0.176,0.172,1
"Pde10a",0.91609500733592,0.37337984542667,0.107,0.107,1
"Rpl9",0.92819703370768,0.319738226990259,0.214,0.233,1
"Cep112",0.939094904659086,0.257127397738675,0.267,0.298,1
"Phldb1",0.943851282863291,0.279901023290314,0.107,0.112,1
"Cep250",0.945489114889539,0.292654706058617,0.115,0.126,1
"Ksr1",0.953604104061433,0.276438676131531,0.107,0.112,1
"Chd3",0.964458902699282,0.288443979662069,0.145,0.153,1
"Cd63",0.993008590628484,0.251834469647176,0.237,0.256,1
