"ID","Description","GeneRatio","BgRatio","pvalue","p.adjust","qvalue","geneID","Count"
"GO:0035307","positive regulation of protein dephosphorylation","4/14","49/28943",7.16535208662872e-09,4.17740026650455e-06,1.8177366872395e-06,"Hsp90ab1/Calm1/Calm2/Ppia",4
"GO:0035306","positive regulation of dephosphorylation","4/14","65/28943",2.2795397257512e-08,6.64485830056473e-06,2.89141617845283e-06,"Hsp90ab1/Calm1/Calm2/Ppia",4
"GO:0048102","autophagic cell death","3/14","15/28943",4.08500381127899e-08,7.93852407325216e-06,3.45433655620434e-06,"Atp6v0c/Calm1/Calm2",3
"GO:0051651","maintenance of location in cell","5/14","232/28943",5.98241198994572e-08,8.71936547534589e-06,3.79410865678136e-06,"Calm1/Calm2/Fth1/Chchd10/Hspa5",5
"GO:0035304","regulation of protein dephosphorylation","4/14","96/28943",1.1089195662402e-07,1.29300021423608e-05,5.6263076939766e-06,"Hsp90ab1/Calm1/Calm2/Ppia",4
"GO:0032516","positive regulation of phosphoprotein phosphatase activity","3/14","22/28943",1.37985965452372e-07,1.34076363097888e-05,5.83414345158275e-06,"Hsp90ab1/Calm1/Calm2",3
"GO:0051235","maintenance of location","5/14","341/28943",4.04492650392743e-07,3.28012110508139e-05,1.42729834129208e-05,"Calm1/Calm2/Fth1/Chchd10/Hspa5",5
"GO:0035303","regulation of dephosphorylation","4/14","136/28943",4.50102381486298e-07,3.28012110508139e-05,1.42729834129208e-05,"Hsp90ab1/Calm1/Calm2/Ppia",4
"GO:0010922","positive regulation of phosphatase activity","3/14","36/28943",6.3720401537726e-07,4.12766601072158e-05,1.79609552872421e-05,"Hsp90ab1/Calm1/Calm2",3
"GO:0043666","regulation of phosphoprotein phosphatase activity","3/14","58/28943",2.73649584308315e-06,0.000159537707651748,6.94205787561095e-05,"Hsp90ab1/Calm1/Calm2",3
"GO:0006470","protein dephosphorylation","4/14","252/28943",5.24471327866209e-06,0.000277969803769091,0.000120954631594025,"Hsp90ab1/Calm1/Calm2/Ppia",4
"GO:0010921","regulation of phosphatase activity","3/14","86/28943",9.00391737627581e-06,0.0004374403191974,0.000190345972603725,"Hsp90ab1/Calm1/Calm2",3
"GO:0005513","detection of calcium ion","2/14","11/28943",1.19201421711076e-05,0.000534572529673517,0.000232611681233759,"Calm1/Calm2",2
"GO:0016311","dephosphorylation","4/14","351/28943",1.9334812794488e-05,0.00080515684708475,0.000350352622817414,"Hsp90ab1/Calm1/Calm2/Ppia",4
"GO:0051280","negative regulation of release of sequestered calcium ion into cytosol","2/14","15/28943",2.27314858134337e-05,0.000883497081948791,0.000384441268844739,"Calm1/Calm2",2
"GO:0051284","positive regulation of sequestering of calcium ion","2/14","17/28943",2.94264131868337e-05,0.00107222493049525,0.000466563524870193,"Calm1/Calm2",2
"GO:0060314","regulation of ryanodine-sensitive calcium-release channel activity","2/14","20/28943",4.10763525618655e-05,0.00140867726726868,0.000612966004173968,"Calm1/Calm2",2
"GO:0010880","regulation of release of sequestered calcium ion into cytosol by sarcoplasmic reticulum","2/14","23/28943",5.46510680590795e-05,0.00177008737102463,0.000770228503054863,"Calm1/Calm2",2
"GO:0014808","release of sequestered calcium ion into cytosol by sarcoplasmic reticulum","2/14","25/28943",6.47678230456052e-05,0.00191600033497575,0.000833720467146619,"Calm1/Calm2",2
"GO:0006457","protein folding","3/14","169/28943",6.78983407759483e-05,0.00191600033497575,0.000833720467146619,"Hsp90ab1/Ppia/Hspa5",3
"GO:1903514","release of sequestered calcium ion into cytosol by endoplasmic reticulum","2/14","26/28943",7.01457501544705e-05,0.00191600033497575,0.000833720467146619,"Calm1/Calm2",2
"GO:0006941","striated muscle contraction","3/14","173/28943",7.27815619530311e-05,0.00191600033497575,0.000833720467146619,"Calm1/Calm2/Aldoa",3
"GO:0030003","cellular cation homeostasis","4/14","498/28943",7.55883494072764e-05,0.00191600033497575,0.000833720467146619,"Atp6v0c/Calm1/Calm2/Fth1",4
"GO:0071353","cellular response to interleukin-4","2/14","30/28943",9.37836436609953e-05,0.00222530719458438,0.00096831097570612,"Hsp90ab1/Hspa5",2
"GO:0000910","cytokinesis","3/14","190/28943",9.60983240959755e-05,0.00222530719458438,0.00096831097570612,"Calm1/Calm2/Stmn1",3
"GO:0051099","positive regulation of binding","3/14","194/28943",0.000102213144378822,0.00222530719458438,0.00096831097570612,"Hsp90ab1/Calm1/Stmn1",3
"GO:0070296","sarcoplasmic reticulum calcium ion transport","2/14","32/28943",0.000106875817235613,0.00222530719458438,0.00096831097570612,"Calm1/Calm2",2
"GO:0070670","response to interleukin-4","2/14","32/28943",0.000106875817235613,0.00222530719458438,0.00096831097570612,"Hsp90ab1/Hspa5",2
"GO:0002834","regulation of response to tumor cell","2/14","33/28943",0.00011373959038306,0.00228655797218358,0.000994963385928037,"Calm1/Calm2",2
"GO:0031396","regulation of protein ubiquitination","3/14","218/28943",0.000144291134655308,0.00280405771680148,0.0012201460860326,"Hsp90ab1/Ppia/Hspa5",3
"GO:1901020","negative regulation of calcium ion transmembrane transporter activity","2/14","40/28943",0.000167699638358778,0.00315383513429573,0.00137234678589017,"Calm1/Calm2",2
"GO:0072595","maintenance of protein localization in organelle","2/14","42/28943",0.000185012308973041,0.00337069300410259,0.00146670942310865,"Chchd10/Hspa5",2
"GO:0051281","positive regulation of release of sequestered calcium ion into cytosol","2/14","43/28943",0.000193983681760433,0.00342704504443432,0.00149123021704193,"Calm1/Calm2",2
"GO:1903320","regulation of protein modification by small protein conjugation or removal","3/14","252/28943",0.000221139232953141,0.00379188743563768,0.00164998622729743,"Hsp90ab1/Ppia/Hspa5",3
"GO:0002347","response to tumor cell","2/14","48/28943",0.000241983883408465,0.004030760115061,0.00175392829778767,"Calm1/Calm2",2
"GO:1901021","positive regulation of calcium ion transmembrane transporter activity","2/14","50/28943",0.000262647575724027,0.00425343157353077,0.00185082063595001,"Calm1/Calm2",2
"GO:2001258","negative regulation of cation channel activity","2/14","52/28943",0.000284145512470279,0.00447721172351818,0.00194819540555725,"Calm1/Calm2",2
"GO:1903170","negative regulation of calcium ion transmembrane transport","2/14","57/28943",0.000341530982425909,0.00523980428300803,0.00228002678018405,"Calm1/Calm2",2
"GO:0019932","second-messenger-mediated signaling","3/14","309/28943",0.000401998956174397,0.00600936901153008,0.00261489199562833,"Calm1/Calm2/Pde10a",3
"GO:0006936","muscle contraction","3/14","317/28943",0.000433152803571932,0.00631320211206091,0.00274710067528515,"Calm1/Calm2/Aldoa",3
"GO:0032507","maintenance of protein location in cell","2/14","70/28943",0.000514937277133035,0.00732215689191608,0.00318613308829426,"Chchd10/Hspa5",2
"GO:0055117","regulation of cardiac muscle contraction","2/14","71/28943",0.000529716615979214,0.00735297112180671,0.00319954146493711,"Calm1/Calm2",2
"GO:0051926","negative regulation of calcium ion transport","2/14","76/28943",0.000606683394103892,0.00822549811075742,0.00357920925285283,"Calm1/Calm2",2
"GO:0051279","regulation of release of sequestered calcium ion into cytosol","2/14","82/28943",0.000705774906052996,0.0093515175052022,0.00406918067843952,"Calm1/Calm2",2
"GO:0032413","negative regulation of ion transmembrane transporter activity","2/14","85/28943",0.000758063546242356,0.0098211343879843,0.00427352782793937,"Calm1/Calm2",2
"GO:0006942","regulation of striated muscle contraction","2/14","87/28943",0.000793935369281913,0.0100622678324208,0.00437845363837393,"Calm1/Calm2",2
"GO:0050848","regulation of calcium-mediated signaling","2/14","89/28943",0.000830615773586769,0.0103031701276827,0.00448327886751201,"Calm1/Calm2",2
"GO:2001259","positive regulation of cation channel activity","2/14","92/28943",0.00088714946974009,0.0107284298556825,0.00466832462800306,"Calm1/Calm2",2
"GO:0051098","regulation of binding","3/14","408/28943",0.000901703366944159,0.0107284298556825,0.00466832462800306,"Hsp90ab1/Calm1/Stmn1",3
"GO:0032410","negative regulation of transporter activity","2/14","94/28943",0.000925845329445176,0.0107953565413308,0.00469744682939552,"Calm1/Calm2",2
"GO:0006875","cellular metal ion homeostasis","3/14","425/28943",0.00101453294858297,0.0115041434661545,0.00500586544252639,"Calm1/Calm2/Fth1",3
"GO:1901019","regulation of calcium ion transmembrane transporter activity","2/14","99/28943",0.0010260985595884,0.0115041434661545,0.00500586544252639,"Calm1/Calm2",2
"GO:0003012","muscle system process","3/14","432/28943",0.00106348339556154,0.0115261442888564,0.00501543878958995,"Calm1/Calm2/Aldoa",3
"GO:0045185","maintenance of protein location","2/14","101/28943",0.00106760170085462,0.0115261442888564,0.00501543878958995,"Chchd10/Hspa5",2
"GO:0032465","regulation of cytokinesis","2/14","103/28943",0.00110990385454431,0.0117649808581697,0.00511936514727614,"Calm1/Calm2",2
"GO:1904427","positive regulation of calcium ion transmembrane transport","2/14","107/28943",0.00119689975802079,0.012460581409395,0.00542204589629719,"Calm1/Calm2",2
"GO:1904063","negative regulation of cation transmembrane transport","2/14","108/28943",0.00121914599248266,0.0124695107652174,0.0054259313792857,"Calm1/Calm2",2
"GO:0002027","regulation of heart rate","2/14","113/28943",0.00133335224022401,0.0134024888974241,0.00583190362784003,"Calm1/Calm2",2
"GO:0034766","negative regulation of ion transmembrane transport","2/14","117/28943",0.00142827717811111,0.0141133151667589,0.00614120963291305,"Calm1/Calm2",2
"GO:0051209","release of sequestered calcium ion into cytosol","2/14","120/28943",0.00150154042075773,0.0145879483408676,0.006347739550689,"Calm1/Calm2",2
"GO:0051283","negative regulation of sequestering of calcium ion","2/14","121/28943",0.00152635480067397,0.0145879483408676,0.006347739550689,"Calm1/Calm2",2
"GO:0051282","regulation of sequestering of calcium ion","2/14","123/28943",0.00157657249923816,0.0148248672105782,0.00645083144849572,"Calm1/Calm2",2
"GO:0051208","sequestering of calcium ion","2/14","125/28943",0.00162757432871934,0.0150615211689425,0.00655380807387405,"Calm1/Calm2",2
"GO:0009593","detection of chemical stimulus","2/14","129/28943",0.00173192500794274,0.0157723982472616,0.00686313618775851,"Calm1/Calm2",2
"GO:0051592","response to calcium ion","2/14","130/28943",0.00175850066221613,0.0157723982472616,0.00686313618775851,"Calm1/Calm2",2
"GO:0060048","cardiac muscle contraction","2/14","132/28943",0.00181223637994618,0.016008088022858,0.00696569326263206,"Calm1/Calm2",2
"GO:0032414","positive regulation of ion transmembrane transporter activity","2/14","135/28943",0.00189429847132011,0.0164832240116362,0.00717244197310521,"Calm1/Calm2",2
"GO:0008277","regulation of G protein-coupled receptor signaling pathway","2/14","138/28943",0.00197810677256302,0.0167106967484386,0.00727142351967807,"Pde10a/Stmn1",2
"GO:0017015","regulation of transforming growth factor beta receptor signaling pathway","2/14","138/28943",0.00197810677256302,0.0167106967484386,0.00727142351967807,"Hsp90ab1/Hspa5",2
"GO:0000086","G2/M transition of mitotic cell cycle","2/14","139/28943",0.00200643014132196,0.0167106967484386,0.00727142351967807,"Calm1/Calm2",2
"GO:1903844","regulation of cellular response to transforming growth factor beta stimulus","2/14","141/28943",0.00206365678199725,0.0169452380831605,0.0073734808667359,"Hsp90ab1/Hspa5",2
"GO:0032411","positive regulation of transporter activity","2/14","143/28943",0.00212165551776828,0.0171795162063737,0.00747542368102565,"Calm1/Calm2",2
"GO:0034763","negative regulation of transmembrane transport","2/14","149/28943",0.00230027100746698,0.0183706574979897,0.00799373197980594,"Calm1/Calm2",2
"GO:0051928","positive regulation of calcium ion transport","2/14","151/28943",0.00236134484312496,0.018603568155971,0.00809507976092627,"Calm1/Calm2",2
"GO:0044839","cell cycle G2/M phase transition","2/14","154/28943",0.00245439042571107,0.0190787949091941,0.00830186796626482,"Calm1/Calm2",2
"GO:0006937","regulation of muscle contraction","2/14","167/28943",0.00287738133262317,0.0220725436436751,0.00960455541775877,"Calm1/Calm2",2
"GO:0097553","calcium ion transmembrane import into cytosol","2/14","185/28943",0.00351564182068734,0.0266184309280613,0.0115826340230437,"Calm1/Calm2",2
"GO:0043271","negative regulation of ion transport","2/14","187/28943",0.00359029297682185,0.0268351385318864,0.0116769312741439,"Calm1/Calm2",2
"GO:1904064","positive regulation of cation transmembrane transport","2/14","191/28943",0.00374181969928354,0.0276136820845861,0.0120157034980324,"Calm1/Calm2",2
"GO:0019722","calcium-mediated signaling","2/14","196/28943",0.00393538553516523,0.0283250588518682,0.0123252490445071,"Calm1/Calm2",2
"GO:2001257","regulation of cation channel activity","2/14","196/28943",0.00393538553516523,0.0283250588518682,0.0123252490445071,"Calm1/Calm2",2
"GO:0051302","regulation of cell division","2/14","198/28943",0.00401410115183206,0.0284738224864051,0.012389981437616,"Calm1/Calm2",2
"GO:0008016","regulation of heart contraction","2/14","199/28943",0.00405373459068888,0.0284738224864051,0.012389981437616,"Calm1/Calm2",2
"GO:1903169","regulation of calcium ion transmembrane transport","2/14","201/28943",0.00413355192529958,0.0286269152507106,0.0124565975903607,"Calm1/Calm2",2
"GO:0007179","transforming growth factor beta receptor signaling pathway","2/14","202/28943",0.00417373549967479,0.0286269152507106,0.0124565975903607,"Hsp90ab1/Hspa5",2
"GO:0071805","potassium ion transmembrane transport","2/14","207/28943",0.00437739602310362,0.029674673040342,0.0129125145846753,"Calm1/Calm2",2
"GO:0034767","positive regulation of ion transmembrane transport","2/14","213/28943",0.00462780134465732,0.0310115883210944,0.0134942543746209,"Calm1/Calm2",2
"GO:0036363","transforming growth factor beta activation","1/14","10/28943",0.00482732726149471,0.0319810431074024,0.0139160989236869,"Hsp90ab1",1
"GO:0042118","endothelial cell activation","1/14","11/28943",0.00530886797342711,0.0332803228871829,0.0144814621572828,"Ppia",1
"GO:0070493","thrombin-activated receptor signaling pathway","1/14","11/28943",0.00530886797342711,0.0332803228871829,0.0144814621572828,"Stmn1",1
"GO:0097278","complement-dependent cytotoxicity","1/14","11/28943",0.00530886797342711,0.0332803228871829,0.0144814621572828,"Hsp90ab1",1
"GO:1902915","negative regulation of protein polyubiquitination","1/14","11/28943",0.00530886797342711,0.0332803228871829,0.0144814621572828,"Ppia",1
"GO:1905097","regulation of guanyl-nucleotide exchange factor activity","1/14","11/28943",0.00530886797342711,0.0332803228871829,0.0144814621572828,"Stmn1",1
"GO:0006880","intracellular sequestering of iron ion","1/14","12/28943",0.00579019231493005,0.0338534085098373,0.0147308322666259,"Fth1",1
"GO:0007042","lysosomal lumen acidification","1/14","12/28943",0.00579019231493005,0.0338534085098373,0.0147308322666259,"Atp6v0c",1
"GO:0030388","fructose 1,6-bisphosphate metabolic process","1/14","12/28943",0.00579019231493005,0.0338534085098373,0.0147308322666259,"Aldoa",1
"GO:0035437","maintenance of protein localization in endoplasmic reticulum","1/14","12/28943",0.00579019231493005,0.0338534085098373,0.0147308322666259,"Hspa5",1
"GO:0060352","cell adhesion molecule production","1/14","12/28943",0.00579019231493005,0.0338534085098373,0.0147308322666259,"Ppia",1
"GO:1901030","positive regulation of mitochondrial outer membrane permeabilization involved in apoptotic signaling pathway","1/14","12/28943",0.00579019231493005,0.0338534085098373,0.0147308322666259,"Chchd10",1
"GO:0046777","protein autophosphorylation","2/14","241/28943",0.00588210280714099,0.0338534085098373,0.0147308322666259,"Calm1/Calm2",2
"GO:0060047","heart contraction","2/14","242/28943",0.00592948443833093,0.0338534085098373,0.0147308322666259,"Calm1/Calm2",2
"GO:0071560","cellular response to transforming growth factor beta stimulus","2/14","242/28943",0.00592948443833093,0.0338534085098373,0.0147308322666259,"Hsp90ab1/Hspa5",2
"GO:0006813","potassium ion transport","2/14","244/28943",0.00602477767886378,0.0338534085098373,0.0147308322666259,"Calm1/Calm2",2
"GO:0071559","response to transforming growth factor beta","2/14","246/28943",0.00612077651241864,0.0338534085098373,0.0147308322666259,"Hsp90ab1/Hspa5",2
"GO:0006983","ER overload response","1/14","13/28943",0.0062713003757503,0.0338534085098373,0.0147308322666259,"Hspa5",1
"GO:0048012","hepatocyte growth factor receptor signaling pathway","1/14","13/28943",0.0062713003757503,0.0338534085098373,0.0147308322666259,"Stmn1",1
"GO:0071635","negative regulation of transforming growth factor beta production","1/14","13/28943",0.0062713003757503,0.0338534085098373,0.0147308322666259,"Hsp90ab1",1
"GO:0097577","sequestering of iron ion","1/14","13/28943",0.0062713003757503,0.0338534085098373,0.0147308322666259,"Fth1",1
"GO:0003015","heart process","2/14","254/28943",0.00651180275619326,0.0348291835491805,0.0151554269844768,"Calm1/Calm2",2
"GO:0090257","regulation of muscle system process","2/14","258/28943",0.00671151695037998,0.0354642169295927,0.0154317527851076,"Calm1/Calm2",2
"GO:0045793","positive regulation of cell size","1/14","14/28943",0.00675219224559997,0.0354642169295927,0.0154317527851076,"Hsp90ab1",1
"GO:0019058","viral life cycle","2/14","261/28943",0.00686313239487831,0.0357250552340541,0.0155452528868954,"Hsp90ab1/Ppia",2
"GO:1903522","regulation of blood circulation","2/14","268/28943",0.0072229757582215,0.0363513970021801,0.0158177966552774,"Calm1/Calm2",2
"GO:0031115","negative regulation of microtubule polymerization","1/14","15/28943",0.0072328680141559,0.0363513970021801,0.0158177966552774,"Stmn1",1
"GO:0036498","IRE1-mediated unfolded protein response","1/14","15/28943",0.0072328680141559,0.0363513970021801,0.0158177966552774,"Hspa5",1
"GO:1905665","positive regulation of calcium ion import across plasma membrane","1/14","15/28943",0.0072328680141559,0.0363513970021801,0.0158177966552774,"Calm1",1
"GO:0034764","positive regulation of transmembrane transport","2/14","273/28943",0.0074851898080707,0.036859590905981,0.0160389300502689,"Calm1/Calm2",2
"GO:0090092","regulation of transmembrane receptor protein serine/threonine kinase signaling pathway","2/14","273/28943",0.0074851898080707,0.036859590905981,0.0160389300502689,"Hsp90ab1/Hspa5",2
"GO:0006000","fructose metabolic process","1/14","16/28943",0.00771332777106293,0.036859590905981,0.0160389300502689,"Aldoa",1
"GO:0010752","regulation of cGMP-mediated signaling","1/14","16/28943",0.00771332777106293,0.036859590905981,0.0160389300502689,"Pde10a",1
"GO:0030322","stabilization of membrane potential","1/14","16/28943",0.00771332777106293,0.036859590905981,0.0160389300502689,"Chchd10",1
"GO:0043951","negative regulation of cAMP-mediated signaling","1/14","16/28943",0.00771332777106293,0.036859590905981,0.0160389300502689,"Pde10a",1
"GO:0051606","detection of stimulus","2/14","283/28943",0.00802249083008764,0.0372202019031993,0.0161958448292336,"Calm1/Calm2",2
"GO:0006735","NADH regeneration","1/14","17/28943",0.00819357160593037,0.0372202019031993,0.0161958448292336,"Aldoa",1
"GO:0061621","canonical glycolysis","1/14","17/28943",0.00819357160593037,0.0372202019031993,0.0161958448292336,"Aldoa",1
"GO:0061718","glucose catabolic process to pyruvate","1/14","17/28943",0.00819357160593037,0.0372202019031993,0.0161958448292336,"Aldoa",1
"GO:1902176","negative regulation of oxidative stress-induced intrinsic apoptotic signaling pathway","1/14","17/28943",0.00819357160593037,0.0372202019031993,0.0161958448292336,"Ppia",1
"GO:0006874","cellular calcium ion homeostasis","2/14","292/28943",0.00852063194055751,0.0372202019031993,0.0161958448292336,"Calm1/Calm2",2
"GO:0032412","regulation of ion transmembrane transporter activity","2/14","293/28943",0.00857682791547886,0.0372202019031993,0.0161958448292336,"Calm1/Calm2",2
"GO:0035751","regulation of lysosomal lumen pH","1/14","18/28943",0.00867359960833347,0.0372202019031993,0.0161958448292336,"Atp6v0c",1
"GO:0042407","cristae formation","1/14","18/28943",0.00867359960833347,0.0372202019031993,0.0161958448292336,"Chchd10",1
"GO:0044406","adhesion of symbiont to host","1/14","18/28943",0.00867359960833347,0.0372202019031993,0.0161958448292336,"Hsp90ab1",1
"GO:0046184","aldehyde biosynthetic process","1/14","18/28943",0.00867359960833347,0.0372202019031993,0.0161958448292336,"Aldoa",1
"GO:1904424","regulation of GTP binding","1/14","18/28943",0.00867359960833347,0.0372202019031993,0.0161958448292336,"Stmn1",1
"GO:1905664","regulation of calcium ion import across plasma membrane","1/14","18/28943",0.00867359960833347,0.0372202019031993,0.0161958448292336,"Calm1",1
"GO:0010038","response to metal ion","2/14","296/28943",0.00874642823454254,0.0372202019031993,0.0161958448292336,"Calm1/Calm2",2
"GO:0051924","regulation of calcium ion transport","2/14","296/28943",0.00874642823454254,0.0372202019031993,0.0161958448292336,"Calm1/Calm2",2
"GO:0022898","regulation of transmembrane transporter activity","2/14","303/28943",0.00914804845284072,0.0378470859499001,0.0164686245624734,"Calm1/Calm2",2
"GO:0051131","chaperone-mediated protein complex assembly","1/14","19/28943",0.0091534118678146,0.0378470859499001,0.0164686245624734,"Hsp90ab1",1
"GO:0051238","sequestering of metal ion","1/14","19/28943",0.0091534118678146,0.0378470859499001,0.0164686245624734,"Fth1",1
"GO:0106070","regulation of adenylate cyclase-activating G protein-coupled receptor signaling pathway","1/14","19/28943",0.0091534118678146,0.0378470859499001,0.0164686245624734,"Pde10a",1
"GO:0006620","post-translational protein targeting to endoplasmic reticulum membrane","1/14","20/28943",0.00963300847388027,0.038936428587516,0.0169426366156745,"Hspa5",1
"GO:0061620","glycolytic process through glucose-6-phosphate","1/14","20/28943",0.00963300847388027,0.038936428587516,0.0169426366156745,"Aldoa",1
"GO:0032409","regulation of transporter activity","2/14","317/28943",0.0099758327104366,0.038936428587516,0.0169426366156745,"Calm1/Calm2",2
"GO:0090287","regulation of cellular response to growth factor stimulus","2/14","318/28943",0.0100362041004483,0.038936428587516,0.0169426366156745,"Hsp90ab1/Hspa5",2
"GO:0006390","mitochondrial transcription","1/14","21/28943",0.0101123895160048,0.038936428587516,0.0169426366156745,"Chchd10",1
"GO:0070886","positive regulation of calcineurin-NFAT signaling cascade","1/14","21/28943",0.0101123895160048,0.038936428587516,0.0169426366156745,"Calm1",1
"GO:0099558","maintenance of synapse structure","1/14","21/28943",0.0101123895160048,0.038936428587516,0.0169426366156745,"Chchd10",1
"GO:0106058","positive regulation of calcineurin-mediated signaling","1/14","21/28943",0.0101123895160048,0.038936428587516,0.0169426366156745,"Calm1",1
"GO:1901386","negative regulation of voltage-gated calcium channel activity","1/14","21/28943",0.0101123895160048,0.038936428587516,0.0169426366156745,"Calm1",1
"GO:0034504","protein localization to nucleus","2/14","320/28943",0.0101574419035556,0.038936428587516,0.0169426366156745,"Hsp90ab1/Chchd10",2
"GO:0072503","cellular divalent inorganic cation homeostasis","2/14","320/28943",0.0101574419035556,0.038936428587516,0.0169426366156745,"Calm1/Calm2",2
"GO:0051222","positive regulation of protein transport","2/14","321/28943",0.0102183080169639,0.038936428587516,0.0169426366156745,"Hsp90ab1/Ppia",2
"GO:0055074","calcium ion homeostasis","2/14","324/28943",0.0104018934083423,0.0393304242914301,0.0171140782779356,"Calm1/Calm2",2
"GO:0070588","calcium ion transmembrane transport","2/14","325/28943",0.0104634170574068,0.0393304242914301,0.0171140782779356,"Calm1/Calm2",2
"GO:0048532","anatomical structure arrangement","1/14","22/28943",0.010591555083627,0.0393304242914301,0.0171140782779356,"Hspa5",1
"GO:1901387","positive regulation of voltage-gated calcium channel activity","1/14","22/28943",0.010591555083627,0.0393304242914301,0.0171140782779356,"Calm1",1
"GO:0000413","protein peptidyl-prolyl isomerization","1/14","23/28943",0.0110705052661529,0.0398401516676985,0.017335878941799,"Ppia",1
"GO:0010738","regulation of protein kinase A signaling","1/14","23/28943",0.0110705052661529,0.0398401516676985,0.017335878941799,"Pde10a",1
"GO:0061615","glycolytic process through fructose-6-phosphate","1/14","23/28943",0.0110705052661529,0.0398401516676985,0.017335878941799,"Aldoa",1
"GO:0099170","postsynaptic modulation of chemical synaptic transmission","1/14","23/28943",0.0110705052661529,0.0398401516676985,0.017335878941799,"Nrgn",1
"GO:2000010","positive regulation of protein localization to cell surface","1/14","23/28943",0.0110705052661529,0.0398401516676985,0.017335878941799,"Hsp90ab1",1
"GO:1904951","positive regulation of establishment of protein localization","2/14","337/28943",0.0112144510219034,0.0401105824893845,0.0174535530918871,"Hsp90ab1/Ppia",2
"GO:0006007","glucose catabolic process","1/14","24/28943",0.0115492401529537,0.0402504039885794,0.0175143944411802,"Aldoa",1
"GO:0007035","vacuolar acidification","1/14","24/28943",0.0115492401529537,0.0402504039885794,0.0175143944411802,"Atp6v0c",1
"GO:0040019","positive regulation of embryonic development","1/14","24/28943",0.0115492401529537,0.0402504039885794,0.0175143944411802,"Hspa5",1
"GO:0042026","protein refolding","1/14","24/28943",0.0115492401529537,0.0402504039885794,0.0175143944411802,"Hspa5",1
"GO:0043270","positive regulation of ion transport","2/14","343/28943",0.0115987442025409,0.0402504039885794,0.0175143944411802,"Calm1/Calm2",2
"GO:0035024","negative regulation of Rho protein signal transduction","1/14","25/28943",0.0120277598333665,0.0407685115282131,0.0177398416146959,"Stmn1",1
"GO:0051457","maintenance of protein location in nucleus","1/14","25/28943",0.0120277598333665,0.0407685115282131,0.0177398416146959,"Chchd10",1
"GO:0060547","negative regulation of necrotic cell death","1/14","25/28943",0.0120277598333665,0.0407685115282131,0.0177398416146959,"Fth1",1
"GO:1901028","regulation of mitochondrial outer membrane permeabilization involved in apoptotic signaling pathway","1/14","25/28943",0.0120277598333665,0.0407685115282131,0.0177398416146959,"Chchd10",1
"GO:0016032","viral process","2/14","355/28943",0.0123847231286879,0.0417358010637287,0.0181607439854809,"Hsp90ab1/Ppia",2
"GO:0072507","divalent inorganic cation homeostasis","2/14","359/28943",0.012651834902413,0.0423909180925676,0.0184458089018846,"Calm1/Calm2",2
"GO:0045860","positive regulation of protein kinase activity","2/14","363/28943",0.0129214904293548,0.0427670154942232,0.0186094623708726,"Hsp90ab1/Ppia",2
"GO:1902175","regulation of oxidative stress-induced intrinsic apoptotic signaling pathway","1/14","27/28943",0.0129841539322084,0.0427670154942232,0.0186094623708726,"Ppia",1
"GO:1904031","positive regulation of cyclin-dependent protein kinase activity","1/14","27/28943",0.0129841539322084,0.0427670154942232,0.0186094623708726,"Hsp90ab1",1
"GO:0032148","activation of protein kinase B activity","1/14","28/28943",0.0134620285291428,0.0436226360453502,0.0189817735613061,"Ppia",1
"GO:0046716","muscle cell cellular homeostasis","1/14","28/28943",0.0134620285291428,0.0436226360453502,0.0189817735613061,"Aldoa",1
"GO:0002831","regulation of response to biotic stimulus","2/14","371/28943",0.0134683953484786,0.0436226360453502,0.0189817735613061,"Calm1/Calm2",2
"GO:0050878","regulation of body fluid levels","2/14","381/28943",0.0141661689590806,0.0456291519510719,0.0198548805998164,"Stmn1/Ppia",2
"GO:1900273","positive regulation of long-term synaptic potentiation","1/14","30/28943",0.0144171332640454,0.0461823554557058,0.0200955992864947,"Nrgn",1
"GO:0045070","positive regulation of viral genome replication","1/14","31/28943",0.0148943635803147,0.0474154187323601,0.0206321493445857,"Ppia",1
"GO:0030511","positive regulation of transforming growth factor beta receptor signaling pathway","1/14","32/28943",0.0153713793146073,0.0474154187323601,0.0206321493445857,"Hsp90ab1",1
"GO:0034389","lipid droplet organization","1/14","32/28943",0.0153713793146073,0.0474154187323601,0.0206321493445857,"Ppia",1
"GO:0051085","chaperone cofactor-dependent protein refolding","1/14","32/28943",0.0153713793146073,0.0474154187323601,0.0206321493445857,"Hspa5",1
"GO:0062125","regulation of mitochondrial gene expression","1/14","32/28943",0.0153713793146073,0.0474154187323601,0.0206321493445857,"Chchd10",1
"GO:1902914","regulation of protein polyubiquitination","1/14","32/28943",0.0153713793146073,0.0474154187323601,0.0206321493445857,"Ppia",1
"GO:1903846","positive regulation of cellular response to transforming growth factor beta stimulus","1/14","32/28943",0.0153713793146073,0.0474154187323601,0.0206321493445857,"Hsp90ab1",1
"GO:0007178","transmembrane receptor protein serine/threonine kinase signaling pathway","2/14","407/28943",0.0160529294811126,0.0490584504660117,0.0213470913827008,"Hsp90ab1/Hspa5",2
"GO:0007007","inner mitochondrial membrane organization","1/14","34/28943",0.0163247673934928,0.0490584504660117,0.0213470913827008,"Chchd10",1
"GO:0051497","negative regulation of stress fiber assembly","1/14","34/28943",0.0163247673934928,0.0490584504660117,0.0213470913827008,"Stmn1",1
"GO:0051973","positive regulation of telomerase activity","1/14","34/28943",0.0163247673934928,0.0490584504660117,0.0213470913827008,"Hsp90ab1",1
"GO:1903901","negative regulation of viral life cycle","1/14","34/28943",0.0163247673934928,0.0490584504660117,0.0213470913827008,"Ppia",1
"GO:1904062","regulation of cation transmembrane transport","2/14","414/28943",0.0165785708572646,0.0495656759476166,0.0215678033824603,"Calm1/Calm2",2
"GO:0061436","establishment of skin barrier","1/14","35/28943",0.0168011399161152,0.0497211399547978,0.0216354513480297,"Stmn1",1
"GO:0097345","mitochondrial outer membrane permeabilization","1/14","35/28943",0.0168011399161152,0.0497211399547978,0.0216354513480297,"Chchd10",1
